rally_id,set_id,rally_num,start_frame,end_frame,current_win_score,current_lose_score,serve_player,score_team,score_reason,lose_reason,shot_count,land_x,land_y,comment,rally_video_check,fault_player
1,1,1,11008,11134,0,1,5,1.0,對手未過網,未過網,,847.0,329.0,0,0,6.0
2,1,2,11477,11824,1,1,8,0.0,落地致勝,對手落地致勝,,591.0,588.0,0,0,7.0
3,1,3,12619,12683,1,2,6,1.0,落地致勝,對手落地致勝,,852.0,385.0,0,0,6.0
4,1,4,13115,13395,2,2,7,0.0,落地致勝,對手落地致勝,,952.0,529.0,0,0,7.0
5,1,5,14015,14051,2,3,5,1.0,對手掛網,掛網,,787.0,442.0,0,0,5.0
6,1,6,14525,14729,2,4,8,1.0,對手出界,出界,,210.0,497.0,0,0,6.0
7,1,7,15207,15292,2,5,8,1.0,對手出界,出界,,1039.0,581.0,0,0,5.0
8,1,8,15738,15908,3,5,8,0.0,對手出界,出界,,343.0,322.0,0,0,8.0
9,1,9,16482,16641,3,6,6,1.0,落地致勝,對手落地致勝,,690.0,388.0,0,0,6.0
10,1,10,17045,17322,3,7,7,1.0,落地致勝,對手落地致勝,,384.0,312.0,0,0,5.0
11,1,11,18228,18343,4,7,7,0.0,對手掛網,掛網,,818.0,452.0,0,0,7.0
12,1,12,18959,19263,5,7,5,0.0,對手未過網,未過網,,727.0,455.0,0,0,8.0
13,1,13,19965,19997,5,8,5,1.0,對手掛網,掛網,,711.0,432.0,0,0,5.0
14,1,14,20440,20496,6,8,8,0.0,對手未過網,未過網,,520.0,456.0,0,0,8.0
15,1,15,20889,21282,6,9,6,1.0,對手出界,出界,,948.0,685.0,0,0,6.0
16,1,16,21853,21918,7,9,7,0.0,落地致勝,對手落地致勝,,844.0,610.0,0,0,7.0
17,1,17,22482,22607,8,9,5,0.0,落地致勝,對手落地致勝,,447.0,545.0,0,0,8.0
18,1,18,23447,23674,9,9,5,0.0,對手出界,出界,,906.0,326.0,0,0,8.0
19,1,19,24292,24517,10,9,5,0.0,對手出界,出界,,921.0,315.0,0,0,8.0
20,1,20,25159,25444,10,10,5,1.0,落地致勝,對手落地致勝,,849.0,395.0,0,0,5.0
21,1,21,26194,26263,11,10,8,0.0,對手出界,出界,,346.0,331.0,0,0,7.0
22,1,22,28672,28855,12,10,6,0.0,對手掛網,掛網,,822.0,458.0,0,0,7.0
23,1,23,29321,29355,13,10,6,0.0,對手出界,出界,,833.0,303.0,0,0,8.0
24,1,24,29791,30299,14,10,6,0.0,對手出界,出界,,897.0,317.0,0,0,8.0
25,1,25,31191,31228,15,10,6,0.0,落地致勝,對手落地致勝,,468.0,573.0,0,0,8.0
26,1,26,31709,31868,15,11,6,1.0,落地致勝,對手落地致勝,,615.0,374.0,0,0,6.0
27,1,27,32382,32415,15,12,7,1.0,對手掛網,掛網,,713.0,442.0,0,0,6.0
28,1,28,32951,33040,16,12,7,0.0,對手出界,出界,,1024.0,363.0,0,0,7.0
29,1,29,33490,34451,17,12,5,0.0,對手出界,出界,,349.0,330.0,0,0,8.0
30,1,30,35185,35233,17,13,5,1.0,對手掛網,掛網,,567.0,437.0,0,0,6.0
31,1,31,36318,36550,17,14,8,1.0,對手掛網,掛網,,828.0,431.0,0,0,5.0
32,1,32,37298,37768,18,14,8,0.0,對手犯規,犯規,,418.0,602.0,0,0,7.0
33,1,33,38605,38671,19,14,6,0.0,對手未過網,未過網,,459.0,457.0,0,0,8.0
34,1,34,39321,39429,20,14,6,0.0,對手未過網,未過網,,527.0,422.0,0,0,8.0
35,1,35,39829,39868,21,14,5,0.0,對手掛網,掛網,,601.0,454.0,0,0,8.0
36,2,1,43527,43527,1,0,5,0.0,,,,0.0,0.0,0,0,
37,2,2,44103,44128,1,1,5,1.0,對手掛網,掛網,,639.0,452.0,0,0,5.0
38,2,3,44564,44643,1,2,8,1.0,對手出界,出界,,357.0,315.0,0,0,6.0
39,2,4,45033,45193,2,2,8,0.0,對手掛網,掛網,,446.0,435.0,0,0,8.0
40,2,5,45742,45774,3,2,6,0.0,對手掛網,掛網,,595.0,435.0,0,0,8.0
41,2,6,46235,46323,3,3,6,1.0,對手掛網,掛網,,395.0,450.0,0,0,5.0
42,2,7,46719,47010,3,4,7,1.0,落地致勝,對手落地致勝,,493.0,582.0,0,0,6.0
43,2,8,47532,47647,4,4,7,0.0,對手掛網,掛網,,835.0,443.0,0,0,8.0
44,2,9,48791,48874,4,5,5,1.0,對手掛網,掛網,,635.0,456.0,0,0,6.0
45,2,10,49725,49793,5,5,8,0.0,對手掛網,掛網,,604.0,445.0,0,0,8.0
46,2,11,50192,50192,6,5,6,0.0,,,,0.0,0.0,0,0,
47,2,12,50682,50995,6,6,6,1.0,落地致勝,對手落地致勝,,995.0,646.0,0,0,5.0
48,2,13,51589,51695,6,7,7,1.0,對手落點判斷失誤,落點判斷失誤,,375.0,673.0,0,0,5.0
49,2,14,52180,52294,7,7,7,0.0,落地致勝,對手落地致勝,,695.0,373.0,0,0,7.0
50,2,15,52885,52949,8,7,5,0.0,對手未過網,未過網,,612.0,473.0,0,0,7.0
51,2,16,53466,53576,9,7,5,0.0,對手出界,出界,,1037.0,633.0,0,0,8.0
52,2,17,55114,55346,10,7,5,0.0,落地致勝,對手落地致勝,,418.0,339.0,0,0,7.0
53,2,18,56213,56445,10,8,5,1.0,對手出界,出界,,918.0,323.0,0,0,6.0
54,2,19,57134,57678,11,8,8,0.0,對手出界,出界,,382.0,693.0,0,0,7.0
55,2,20,60105,60220,11,9,6,1.0,對手出界,出界,,691.0,301.0,0,0,6.0
56,2,21,60656,60717,12,9,7,0.0,對手掛網,掛網,,605.0,447.0,0,0,8.0
57,2,22,61257,61452,12,10,5,1.0,落地致勝,對手落地致勝,,408.0,494.0,0,0,6.0
58,2,23,62173,62271,13,10,8,0.0,落地致勝,對手落地致勝,,614.0,310.0,0,0,8.0
59,2,24,62815,62899,13,11,6,1.0,對手掛網,掛網,,762.0,452.0,0,0,5.0
60,2,25,63485,63528,14,11,7,0.0,對手出界,出界,,1067.0,500.0,0,0,7.0
61,2,26,64397,64846,14,12,5,1.0,對手出界,出界,,774.0,304.0,0,0,6.0
62,2,27,66066,66366,15,12,8,0.0,對手出界,出界,,446.0,684.0,0,0,8.0
63,2,28,67145,67227,15,13,6,1.0,對手掛網,掛網,,813.0,449.0,0,0,5.0
64,2,29,67877,67926,16,13,7,0.0,對手出界,出界,,338.0,650.0,0,0,7.0
65,2,30,68640,68798,16,14,5,1.0,對手出界,出界,,975.0,341.0,0,0,5.0
66,2,31,69539,69665,17,14,8,0.0,對手掛網,掛網,,785.0,439.0,0,0,8.0
67,2,32,70258,70322,18,14,6,0.0,對手掛網,掛網,,849.0,435.0,0,0,8.0
68,2,33,70907,71477,18,15,6,1.0,落地致勝,對手落地致勝,,417.0,500.0,0,0,5.0
69,2,34,72304,72548,19,15,7,0.0,對手出界,出界,,292.0,459.0,0,0,7.0
70,2,35,73260,73764,19,16,5,1.0,對手出界,出界,,901.0,315.0,0,0,6.0
71,2,36,74956,75895,20,16,8,0.0,對手出界,出界,,183.0,673.0,0,0,8.0
72,2,37,77373,77471,21,16,6,0.0,對手未過網,未過網,,1193.0,538.0,0,0,7.0
73,3,1,11169,11486,1,0,13,0.0,對手出界,出界,,1179.0,584.0,0,0,15.0
74,3,2,11954,12029,2,0,13,0.0,對手出界,出界,,228.0,562.0,0,0,15.0
75,3,3,12378,13113,2,1,13,1.0,對手掛網,掛網,,787.0,454.0,0,0,13.0
76,3,4,13604,13752,3,1,14,0.0,落地致勝,對手落地致勝,,761.0,337.0,0,0,15.0
77,3,5,14381,14848,3,2,12,1.0,對手未過網,未過網,,891.0,453.0,0,0,13.0
78,3,6,15464,15596,4,2,15,0.0,對手掛網,掛網,,474.0,424.0,0,0,14.0
79,3,7,16024,16024,4,3,13,1.0,,,,0.0,0.0,0,0,
80,3,8,17347,17660,4,4,14,1.0,對手掛網,掛網,,881.0,456.0,0,0,13.0
81,3,9,18539,20047,4,5,14,1.0,對手掛網,掛網,,862.0,453.0,0,0,13.0
82,3,10,20857,21273,5,5,14,0.0,對手落點判斷失誤,落點判斷失誤,,433.0,301.0,0,0,14.0
83,3,11,22257,23244,6,5,12,0.0,落地致勝,對手落地致勝,,880.0,405.0,0,0,14.0
84,3,12,24445,24745,6,6,12,1.0,對手出界,出界,,904.0,334.0,0,0,12.0
85,3,13,25414,25579,7,6,15,0.0,落地致勝,對手落地致勝,,494.0,431.0,0,0,14.0
86,3,14,26098,26299,8,6,13,0.0,落地致勝,對手落地致勝,,357.0,386.0,0,0,15.0
87,3,15,26888,26944,8,7,13,1.0,對手掛網,掛網,,565.0,460.0,0,0,12.0
88,3,16,27396,27464,9,7,14,0.0,對手未過網,未過網,,305.0,427.0,0,0,15.0
89,3,17,28015,30171,10,7,12,0.0,對手出界,出界,,1079.0,697.0,0,0,15.0
90,3,18,31165,31257,11,7,12,0.0,對手落點判斷失誤,落點判斷失誤,,507.0,311.0,0,0,14.0
91,3,19,33386,33696,11,8,12,1.0,對手掛網,掛網,,353.0,458.0,0,0,13.0
92,3,20,34351,36150,11,9,15,1.0,對手落點判斷失誤,落點判斷失誤,,766.0,668.0,0,0,12.0
93,3,21,37390,37495,12,9,15,0.0,落地致勝,對手落地致勝,,563.0,366.0,0,0,14.0
94,3,22,38037,38877,12,10,13,1.0,對手出界,出界,,920.0,376.0,0,0,12.0
95,3,23,39743,40117,12,11,14,1.0,對手掛網,掛網,,383.0,458.0,0,0,12.0
96,3,24,40970,41150,13,11,14,0.0,落地致勝,對手落地致勝,,841.0,315.0,0,0,15.0
97,3,25,41924,43183,14,11,12,0.0,落地致勝,對手落地致勝,,428.0,342.0,0,0,15.0
98,3,26,44399,44594,15,11,12,0.0,對手落點判斷失誤,落點判斷失誤,,534.0,310.0,0,0,14.0
99,3,27,45401,45742,16,11,12,0.0,對手掛網,掛網,,370.0,440.0,0,0,15.0
100,3,28,46515,46669,16,12,12,1.0,對手出界,出界,,362.0,306.0,0,0,12.0
101,3,29,47277,47404,17,12,15,0.0,對手落點判斷失誤,落點判斷失誤,,367.0,329.0,0,0,15.0
102,3,30,47930,48181,18,12,13,0.0,對手掛網,掛網,,692.0,434.0,0,0,14.0
103,3,31,48749,48814,18,13,13,1.0,對手出界,出界,,919.0,365.0,0,0,12.0
104,3,32,49264,49433,18,14,15,1.0,對手掛網,掛網,,769.0,451.0,0,0,13.0
105,3,33,50345,50433,18,15,14,1.0,對手掛網,掛網,,572.0,458.0,0,0,12.0
106,3,34,50864,50918,19,15,14,0.0,對手未過網,未過網,,828.0,428.0,0,0,15.0
107,3,35,51502,51946,20,15,12,0.0,對手未過網,未過網,,703.0,341.0,0,0,15.0
108,3,36,52646,53973,20,16,12,1.0,對手掛網,掛網,,411.0,457.0,0,0,13.0
109,3,37,55438,56032,20,17,15,1.0,對手出界,出界,,726.0,292.0,0,0,12.0
110,3,38,56808,57180,21,17,15,0.0,對手出界,出界,,341.0,686.0,0,0,15.0
111,4,1,61490,61547,0,1,13,1.0,落地致勝,對手落地致勝,,506.0,329.0,0,0,12.0
112,4,2,62083,62403,0,2,14,1.0,對手落點判斷失誤,落點判斷失誤,,857.0,408.0,0,0,13.0
113,4,3,62901,63312,1,2,14,0.0,對手出界,出界,,1128.0,381.0,0,0,14.0
114,4,4,64209,64386,2,2,12,0.0,落地致勝,對手落地致勝,,594.0,645.0,0,0,14.0
115,4,5,65061,65567,3,2,12,0.0,對手未過網,未過網,,834.0,457.0,0,0,14.0
116,4,6,66365,66464,3,3,12,1.0,落地致勝,對手落地致勝,,789.0,355.0,0,0,12.0
117,4,7,67281,69612,3,4,15,1.0,落地致勝,對手落地致勝,,389.0,333.0,0,0,13.0
118,4,8,71188,71824,4,4,15,0.0,對手未過網,未過網,,432.0,435.0,0,0,15.0
119,4,9,72672,73367,5,4,13,0.0,對手掛網,掛網,,806.0,454.0,0,0,15.0
120,4,10,74114,74212,5,5,13,1.0,對手未過網,未過網,,494.0,435.0,0,0,12.0
121,4,11,75308,76178,6,5,14,0.0,落地致勝,對手落地致勝,,883.0,529.0,0,0,15.0
122,4,12,77355,78176,7,5,12,0.0,對手落點判斷失誤,落點判斷失誤,,567.0,670.0,0,0,15.0
123,4,13,79556,79837,8,5,12,0.0,對手掛網,掛網,,406.0,454.0,0,0,15.0
124,4,14,80741,80783,9,5,12,0.0,對手出界,出界,,663.0,296.0,0,0,15.0
125,4,15,81424,81686,10,5,12,0.0,落地致勝,對手落地致勝,,668.0,644.0,0,0,15.0
126,4,16,82670,83278,10,6,12,1.0,落地致勝,對手落地致勝,,855.0,353.0,0,0,12.0
127,4,17,84061,84717,11,6,15,0.0,對手掛網,掛網,,723.0,459.0,0,0,15.0
128,4,18,87139,88159,12,6,13,0.0,對手出界,出界,,310.0,394.0,0,0,14.0
129,4,19,89182,89358,12,7,13,1.0,落地致勝,對手落地致勝,,390.0,326.0,0,0,13.0
130,4,20,89985,91159,13,7,14,0.0,對手出界,出界,,324.0,374.0,0,0,15.0
131,4,21,92075,92564,13,8,12,1.0,對手掛網,掛網,,530.0,430.0,0,0,13.0
132,4,22,94391,94689,13,9,15,1.0,對手未過網,未過網,,912.0,352.0,0,0,13.0
133,4,23,95477,95985,14,9,15,0.0,對手未過網,未過網,,896.0,646.0,0,0,15.0
134,4,24,96874,97120,15,9,13,0.0,對手出界,出界,,771.0,296.0,0,0,15.0
135,4,25,97812,98380,15,10,13,1.0,對手掛網,掛網,,460.0,432.0,0,0,12.0
136,4,26,99290,99387,16,10,14,0.0,落地致勝,對手落地致勝,,447.0,650.0,0,0,14.0
137,4,27,100102,100544,16,11,12,1.0,對手掛網,掛網,,436.0,435.0,0,0,12.0
138,4,28,101367,101425,17,11,15,0.0,對手掛網,掛網,,452.0,455.0,0,0,14.0
139,4,29,101966,102427,18,11,13,0.0,落地致勝,對手落地致勝,,881.0,572.0,0,0,14.0
140,4,30,103304,103712,19,11,13,0.0,落地致勝,對手落地致勝,,372.0,617.0,0,0,14.0
141,4,31,104417,104551,20,11,13,0.0,落地致勝,對手落地致勝,,554.0,669.0,0,0,15.0
142,4,32,106337,106560,20,12,13,1.0,對手未過網,未過網,,793.0,430.0,0,0,13.0
143,4,33,107179,107508,21,12,14,0.0,落地致勝,對手落地致勝,,302.0,581.0,0,0,14.0
144,5,1,12287,12609,1,0,19,0.0,對手出界,出界,,314.0,513.0,0,1,19.0
145,5,2,13451,13663,2,0,16,0.0,落地致勝,對手落地致勝,,752.0,400.0,0,1,18.0
146,5,3,14145,14281,2,1,16,1.0,落地致勝,對手落地致勝,,775.0,600.0,0,1,17.0
147,5,4,14663,15095,3,1,18,0.0,對手未過網,未過網,,666.0,424.0,0,1,18.0
148,5,5,16056,16589,3,2,17,1.0,對手出界,出界,,878.0,342.0,0,1,17.0
149,5,6,17294,17429,4,2,19,0.0,對手掛網,掛網,,523.0,413.0,0,1,19.0
150,5,7,17934,18106,4,3,16,1.0,落地致勝,對手落地致勝,,487.0,552.0,0,1,16.0
151,5,8,18542,18772,5,3,18,0.0,對手掛網,掛網,,513.0,406.0,0,1,18.0
152,5,9,19362,19462,6,3,17,0.0,對手未過網,未過網,,139.0,348.0,0,1,18.0
153,5,10,19789,19989,7,3,17,0.0,,,,,,0,1,
154,5,11,20400,20514,8,3,17,0.0,對手未過網,未過網,,692.0,434.0,0,1,18.0
155,5,12,20905,21020,9,3,17,0.0,對手未過網,未過網,,839.0,326.0,0,1,19.0
156,5,13,21397,21504,10,3,17,0.0,對手未過網,未過網,,366.0,388.0,0,1,18.0
157,5,14,21891,22106,11,3,17,0.0,對手未過網,未過網,,561.0,473.0,0,1,19.0
158,5,15,24123,24419,12,3,17,0.0,對手掛網,掛網,,664.0,413.0,0,1,18.0
159,5,16,24792,24881,12,4,17,1.0,對手掛網,掛網,,537.0,420.0,0,1,17.0
160,5,17,25211,25282,13,4,19,0.0,落地致勝,對手落地致勝,,836.0,290.0,0,1,18.0
161,5,18,25760,25869,14,4,16,0.0,落地致勝,對手落地致勝,,844.0,296.0,0,1,19.0
162,5,19,26321,26554,14,5,16,1.0,落地致勝,對手落地致勝,,369.0,518.0,0,1,17.0
163,5,20,27145,27300,14,6,18,1.0,對手出界,出界,,859.0,293.0,0,1,16.0
164,5,21,27678,27780,14,7,18,1.0,對手掛網,掛網,,820.0,425.0,0,1,16.0
165,5,22,28220,28685,15,7,18,0.0,落地致勝,對手落地致勝,,621.0,381.0,0,1,18.0
166,5,23,29215,29394,16,7,17,0.0,對手未過網,未過網,,372.0,471.0,0,1,19.0
167,5,24,29786,30264,17,7,17,0.0,落地致勝,對手落地致勝,,442.0,412.0,0,1,19.0
168,5,25,30851,30972,18,7,17,0.0,對手出界,出界,,226.0,480.0,0,1,18.0
169,5,26,31255,31530,18,8,17,1.0,對手掛網,掛網,,626.0,418.0,0,1,17.0
170,5,27,31799,32090,18,9,19,1.0,對手掛網,掛網,,577.0,418.0,0,1,17.0
171,5,28,32822,33028,19,9,19,0.0,對手出界,出界,,510.0,663.0,0,1,18.0
172,5,29,33491,33648,19,10,16,1.0,對手出界,出界,,506.0,266.0,0,1,16.0
173,5,30,33932,34416,20,10,18,0.0,落地致勝,對手落地致勝,,449.0,291.0,0,1,18.0
174,5,31,34874,34991,21,10,17,0.0,對手出界,出界,,442.0,687.0,0,1,19.0
175,6,1,39426,39535,1,0,16,0.0,落地致勝,對手落地致勝,,660.0,510.0,0,1,19.0
176,6,2,39911,39992,1,1,16,1.0,落地致勝,對手落地致勝,,436.0,297.0,0,1,17.0
177,6,3,40398,40638,1,2,18,1.0,對手未過網,未過網,,222.0,382.0,0,1,16.0
178,6,4,41104,41338,2,2,18,0.0,對手掛網,掛網,,504.0,430.0,0,1,18.0
179,6,5,41960,42183,3,2,17,0.0,對手出界,出界,,858.0,283.0,0,1,19.0
180,6,6,42496,43198,4,2,17,0.0,對手掛網,掛網,,751.0,423.0,0,1,18.0
181,6,7,44158,44376,5,2,17,0.0,對手掛網,掛網,,485.0,423.0,0,1,19.0
182,6,8,44879,44983,5,3,17,1.0,對手出界,出界,,609.0,673.0,0,1,17.0
183,6,9,45450,45506,5,4,19,1.0,對手掛網,掛網,,673.0,410.0,0,1,17.0
184,6,10,46188,46303,6,4,19,0.0,對手出界,出界,,858.0,305.0,0,1,18.0
185,6,11,46744,46953,6,5,16,1.0,落地致勝,對手落地致勝,,741.0,302.0,0,1,16.0
186,6,12,48300,48444,6,6,18,1.0,對手未過網,未過網,,518.0,319.0,0,1,17.0
187,6,13,48942,49204,6,7,18,1.0,對手掛網,掛網,,536.0,406.0,0,1,17.0
188,6,14,49730,49819,6,8,18,1.0,對手出界,出界,,1039.0,484.0,0,1,17.0
189,6,15,50254,50619,7,8,18,0.0,對手出界,出界,,396.0,294.0,0,1,18.0
190,6,16,51317,51435,8,8,17,0.0,對手未過網,未過網,,640.0,416.0,0,1,19.0
191,6,17,51869,51939,8,9,17,1.0,對手掛網,掛網,,670.0,405.0,0,1,17.0
192,6,18,52439,52794,9,9,19,0.0,對手掛網,掛網,,732.0,420.0,0,1,18.0
193,6,19,53726,54036,9,10,16,1.0,落地致勝,對手落地致勝,,779.0,359.0,0,1,16.0
194,6,20,54813,54929,9,11,18,1.0,落地致勝,對手落地致勝,,584.0,309.0,0,1,17.0
195,6,21,57406,57678,9,12,18,1.0,對手出界,出界,,969.0,597.0,0,1,17.0
196,6,22,58671,58767,9,13,18,1.0,落地致勝,對手落地致勝,,776.0,291.0,0,1,17.0
197,6,23,59314,59420,10,13,18,0.0,對手掛網,掛網,,630.0,421.0,0,1,19.0
198,6,24,59917,60006,11,13,16,0.0,對手掛網,掛網,,651.0,426.0,0,1,18.0
199,6,25,60408,60734,11,14,17,1.0,落地致勝,對手落地致勝,,603.0,346.0,0,1,16.0
200,6,26,61293,61390,12,14,19,0.0,對手出界,出界,,865.0,309.0,0,1,19.0
201,6,27,62012,62240,13,14,16,0.0,對手掛網,掛網,,709.0,420.0,0,1,19.0
202,6,28,63055,63584,14,14,16,0.0,對手掛網,掛網,,802.0,424.0,0,1,18.0
203,6,29,64703,65300,15,14,16,0.0,,,,,,0,1,
204,6,30,67238,67398,16,14,16,0.0,對手掛網,掛網,,568.0,421.0,0,1,18.0
205,6,31,68140,68808,17,14,16,0.0,對手未過網,未過網,,388.0,389.0,0,1,19.0
206,6,32,70613,70897,18,14,16,0.0,對手出界,出界,,398.0,313.0,0,1,18.0
207,6,33,71692,71753,18,15,16,1.0,對手出界,出界,,857.0,452.0,0,1,16.0
208,6,34,72413,72484,19,15,18,0.0,對手出界,出界,,825.0,281.0,0,1,18.0
209,6,35,73075,73148,19,16,17,1.0,對手掛網,掛網,,632.0,408.0,0,1,17.0
210,6,36,73761,73913,20,16,19,0.0,對手未過網,未過網,,593.0,498.0,0,1,18.0
211,6,37,74803,75152,20,17,16,1.0,對手掛網,掛網,,466.0,409.0,0,1,16.0
212,6,38,75833,75981,21,17,18,0.0,落地致勝,對手落地致勝,,417.0,643.0,0,1,19.0
213,7,1,10536,10932,1,0,2,0.0,對手掛網,掛網,,775.0,411.0,0,1,1.0
214,7,2,11304,11867,1,1,18,1.0,對手掛網,掛網,,668.0,422.0,0,1,19.0
215,7,3,12675,13031,2,1,1,0.0,對手掛網,掛網,,525.0,411.0,0,1,1.0
216,7,4,13434,13882,3,1,19,0.0,落地致勝,對手落地致勝,,440.0,371.0,0,1,1.0
217,7,5,14627,14819,3,2,19,1.0,對手出界,出界,,710.0,272.0,0,1,18.0
218,7,6,15224,15297,4,2,2,0.0,對手出界,出界,,752.0,461.0,0,1,2.0
219,7,7,15584,15693,4,3,18,1.0,落地致勝,對手落地致勝,,684.0,608.0,0,1,19.0
220,7,8,16005,16184,5,3,1,0.0,落地致勝,對手落地致勝,,539.0,323.0,0,1,1.0
221,7,9,16562,16661,6,3,19,0.0,對手掛網,掛網,,499.0,397.0,0,1,1.0
222,7,10,17027,17153,7,3,19,0.0,對手犯規,犯規,,415.0,534.0,0,1,2.0
223,7,11,17588,17656,7,4,19,1.0,對手出界,出界,,894.0,296.0,0,1,19.0
224,7,12,18016,18119,7,5,2,1.0,對手掛網,掛網,,458.0,423.0,0,1,19.0
225,7,13,18434,19211,7,6,2,1.0,對手掛網,掛網,,720.0,418.0,0,1,18.0
226,7,14,19908,20254,7,7,2,1.0,對手掛網,掛網,,499.0,423.0,0,1,19.0
227,7,15,20783,20892,8,7,2,0.0,落地致勝,對手落地致勝,,543.0,293.0,0,1,1.0
228,7,16,21332,21671,9,7,18,0.0,對手掛網,掛網,,724.0,402.0,0,1,2.0
229,7,17,22113,22257,9,8,18,1.0,落地致勝,對手落地致勝,,421.0,647.0,0,1,19.0
230,7,18,23553,23793,10,8,1,0.0,對手掛網,掛網,,509.0,404.0,0,1,1.0
231,7,19,24571,24733,10,9,19,1.0,對手出界,出界,,381.0,296.0,0,1,18.0
232,7,20,25168,25302,10,10,2,1.0,對手未過網,未過網,,741.0,405.0,0,1,18.0
233,7,21,25634,25813,11,10,2,0.0,落地致勝,對手落地致勝,,576.0,315.0,0,1,1.0
234,7,22,27955,28083,12,10,18,0.0,對手掛網,掛網,,677.0,413.0,0,1,1.0
235,7,23,28302,28623,12,11,18,1.0,對手掛網,掛網,,767.0,426.0,0,1,18.0
236,7,24,29356,29872,13,11,1,0.0,對手掛網,掛網,,790.0,409.0,0,1,1.0
237,7,25,30600,30770,14,11,19,0.0,落地致勝,對手落地致勝,,574.0,320.0,0,1,2.0
238,7,26,31206,31364,14,12,19,1.0,對手未過網,未過網,,866.0,387.0,0,1,19.0
239,7,27,31788,32112,15,12,2,0.0,對手出界,出界,,316.0,563.0,1,1,2.0
240,7,28,32582,33176,15,13,18,1.0,對手掛網,掛網,,742.0,425.0,0,1,18.0
241,7,29,34033,34181,16,13,1,0.0,對手出界,出界,,943.0,517.0,0,1,1.0
242,7,30,35441,35522,16,14,19,1.0,落地致勝,對手落地致勝,,484.0,474.0,0,1,18.0
243,7,31,35807,36029,16,15,2,1.0,對手掛網,掛網,,692.0,420.0,0,1,19.0
244,7,32,36582,36772,16,16,2,1.0,對手未過網,未過網,,924.0,502.0,0,1,19.0
245,7,33,37480,37829,16,17,2,1.0,對手出界,出界,,867.0,292.0,0,1,19.0
246,7,34,38391,38517,17,17,2,0.0,落地致勝,對手落地致勝,,762.0,295.0,0,1,1.0
247,7,35,39039,39138,18,17,18,0.0,對手掛網,掛網,,558.0,412.0,0,1,1.0
248,7,36,39658,39824,19,17,18,0.0,對手未過網,未過網,,619.0,288.0,0,1,1.0
249,7,37,40320,40443,20,17,18,0.0,落地致勝,對手落地致勝,,728.0,351.0,0,1,2.0
250,7,38,41791,41883,21,17,18,0.0,落地致勝,對手落地致勝,,454.0,285.0,0,1,1.0
251,8,1,46082,46148,1,0,19,0.0,對手掛網,掛網,,704.0,418.0,0,1,2.0
252,8,2,46462,46682,2,0,19,0.0,落地致勝,對手落地致勝,,750.0,592.0,0,1,2.0
253,8,3,47026,47192,2,1,19,1.0,對手掛網,掛網,,570.0,409.0,0,1,18.0
254,8,4,47565,47782,2,2,1,1.0,落地致勝,對手落地致勝,,801.0,310.0,0,1,18.0
255,8,5,48103,48295,2,3,1,1.0,落地致勝,對手落地致勝,,785.0,294.0,0,1,18.0
256,8,6,48941,49093,3,3,1,0.0,對手出界,出界,,932.0,283.0,0,1,1.0
257,8,7,49587,49701,3,4,18,1.0,對手掛網,掛網,,860.0,414.0,0,1,18.0
258,8,8,49987,50255,4,4,2,0.0,對手出界,出界,,366.0,288.0,0,1,2.0
259,8,9,50596,50891,4,5,19,1.0,對手出界,出界,,271.0,612.0,0,1,18.0
260,8,10,51579,51714,5,5,1,0.0,落地致勝,對手落地致勝,,417.0,473.0,0,1,2.0
261,8,11,52144,52228,6,5,18,0.0,對手掛網,掛網,,551.0,421.0,0,1,1.0
262,8,12,52570,53269,7,5,18,0.0,對手出界,出界,,915.0,364.0,0,1,2.0
263,8,13,53921,55227,8,5,18,0.0,落地致勝,對手落地致勝,,803.0,602.0,0,1,2.0
264,8,14,56332,56600,9,5,18,0.0,對手掛網,掛網,,498.0,426.0,0,1,2.0
265,8,15,57314,57626,10,5,18,0.0,落地致勝,對手落地致勝,,715.0,428.0,0,1,2.0
266,8,16,58072,58317,11,5,18,0.0,落地致勝,對手落地致勝,,394.0,543.0,0,1,1.0
267,8,17,60166,60298,11,6,18,1.0,落地致勝,對手落地致勝,,733.0,295.0,0,1,19.0
268,8,18,60871,61036,12,6,2,0.0,落地致勝,對手落地致勝,,496.0,587.0,0,1,2.0
269,8,19,61687,62004,13,6,19,0.0,對手掛網,掛網,,742.0,422.0,0,1,1.0
270,8,20,62404,63044,13,7,19,1.0,對手出界,出界,,1001.0,624.0,0,1,18.0
271,8,21,63728,64047,14,7,1,0.0,對手掛網,掛網,,753.0,418.0,0,1,2.0
272,8,22,64466,64731,15,7,18,0.0,落地致勝,對手落地致勝,,669.0,580.0,0,1,1.0
273,8,23,65190,65570,15,8,18,1.0,對手掛網,掛網,,547.0,411.0,0,1,18.0
274,8,24,66100,66331,16,8,2,0.0,對手出界,出界,,872.0,311.0,0,1,2.0
275,8,25,66666,66761,17,8,19,0.0,對手掛網,掛網,,640.0,424.0,0,1,1.0
276,8,26,67135,67201,18,8,19,0.0,對手掛網,掛網,,592.0,419.0,0,1,1.0
277,8,27,67452,67578,19,8,19,0.0,落地致勝,對手落地致勝,,828.0,540.0,0,1,2.0
278,8,28,67892,68079,19,9,19,1.0,落地致勝,對手落地致勝,,536.0,374.0,0,1,18.0
279,8,29,68569,68679,19,10,1,1.0,對手未過網,未過網,,266.0,342.0,0,1,18.0
280,8,30,68988,69105,20,10,1,0.0,落地致勝,對手落地致勝,,330.0,635.0,0,1,1.0
281,8,31,69419,69647,21,10,18,0.0,對手掛網,掛網,,725.0,426.0,0,1,2.0
282,9,1,20168,20353,0,1,22,1.0,落地致勝,對手落地致勝,,604.0,556.0,0,1,11.0
283,9,2,20814,20968,0,2,22,1.0,落地致勝,對手落地致勝,,446.0,481.0,0,1,20.0
284,9,3,21368,21467,1,2,22,0.0,對手未過網,未過網,,693.0,409.0,0,1,22.0
285,9,4,22057,22125,1,3,11,1.0,對手出界,出界,,650.0,375.0,0,1,11.0
286,9,5,22526,22615,2,3,21,0.0,對手犯規,犯規,,444.0,548.0,0,1,21.0
287,9,6,23173,23304,2,4,20,1.0,對手出界,出界,,901.0,394.0,0,1,20.0
288,9,7,23770,23868,3,4,22,0.0,對手掛網,掛網,,681.0,408.0,0,1,22.0
289,9,8,24360,25313,3,5,11,1.0,落地致勝,對手落地致勝,,800.0,560.0,0,1,11.0
290,9,9,26519,26908,4,5,21,0.0,對手未過網,未過網,,618.0,407.0,0,1,21.0
291,9,10,27472,27585,4,6,20,1.0,對手未過網,未過網,,377.0,421.0,0,1,11.0
292,9,11,28182,28297,5,6,22,0.0,對手未過網,未過網,,747.0,359.0,0,1,22.0
293,9,12,29183,29287,5,7,11,1.0,對手出界,出界,,878.0,294.0,0,1,11.0
294,9,13,29679,30732,6,7,21,0.0,對手未過網,未過網,,775.0,382.0,0,1,22.0
295,9,14,32517,32830,7,7,20,0.0,對手出界,出界,,1010.0,557.0,0,1,21.0
296,9,15,33504,33583,8,7,20,0.0,對手掛網,掛網,,610.0,399.0,0,1,21.0
297,9,16,34226,34369,8,8,20,1.0,對手掛網,掛網,,626.0,424.0,0,1,11.0
298,9,17,34908,35115,8,9,22,1.0,落地致勝,對手落地致勝,,944.0,608.0,0,1,20.0
299,9,18,35673,35798,9,9,22,0.0,對手出界,出界,,370.0,670.0,0,1,21.0
300,9,19,36400,36898,10,9,11,0.0,對手未過網,未過網,,851.0,424.0,0,1,21.0
301,9,20,37725,37961,10,10,11,1.0,落地致勝,對手落地致勝,,624.0,536.0,0,1,11.0
302,9,21,38517,38744,10,11,21,1.0,對手未過網,未過網,,483.0,424.0,0,1,20.0
303,9,22,41063,41131,11,11,21,0.0,落地致勝,對手落地致勝,,740.0,369.0,0,1,22.0
304,9,23,41652,42002,12,11,11,0.0,對手掛網,掛網,,578.0,404.0,0,1,22.0
305,9,24,42741,42858,12,12,11,1.0,落地致勝,對手落地致勝,,815.0,538.0,0,1,20.0
306,9,25,43474,43710,12,13,22,1.0,落地致勝,對手落地致勝,,712.0,540.0,0,1,20.0
307,9,26,44420,44879,13,13,22,0.0,對手掛網,掛網,,413.0,395.0,0,1,21.0
308,9,27,45712,45870,14,13,20,0.0,落地致勝,對手落地致勝,,608.0,316.0,0,1,21.0
309,9,28,46760,46830,15,13,20,0.0,對手掛網,掛網,,542.0,408.0,0,1,21.0
310,9,29,47390,47503,16,13,20,0.0,對手出界,出界,,276.0,610.0,0,1,21.0
311,9,30,48154,48276,17,13,20,0.0,對手出界,出界,,958.0,543.0,0,1,22.0
312,9,31,48957,49052,18,13,20,0.0,落地致勝,對手落地致勝,,484.0,283.0,0,1,21.0
313,9,32,49887,50100,19,13,20,0.0,落地致勝,對手落地致勝,,562.0,284.0,0,1,22.0
314,9,33,52686,52837,20,13,20,0.0,落地致勝,對手落地致勝,,745.0,307.0,0,1,22.0
315,9,34,53644,53749,21,13,20,0.0,落地致勝,對手落地致勝,,567.0,275.0,0,1,21.0
316,10,1,57854,58024,0,1,11,1.0,對手出界,出界,,1127.0,557.0,0,1,11.0
317,10,2,58789,59033,1,1,22,0.0,對手出界,出界,,400.0,339.0,0,1,22.0
318,10,3,59589,59665,1,2,20,1.0,對手掛網,掛網,,631.0,405.0,0,1,11.0
319,10,4,60030,60162,2,2,21,0.0,對手出界,出界,,1023.0,316.0,0,1,22.0
320,10,5,60711,61192,2,3,11,1.0,對手未過網,未過網,,596.0,401.0,0,1,11.0
321,10,6,61865,62024,3,3,22,0.0,對手未過網,未過網,,676.0,428.0,0,1,21.0
322,10,7,62822,63265,4,3,20,0.0,落地致勝,對手落地致勝,,940.0,596.0,0,1,21.0
323,10,8,63933,64034,5,3,20,0.0,對手出界,出界,,408.0,296.0,0,1,22.0
324,10,9,64633,64925,6,3,20,0.0,對手出界,出界,,424.0,287.0,0,1,22.0
325,10,10,65566,65851,6,4,20,1.0,落地致勝,對手落地致勝,,615.0,334.0,0,1,20.0
326,10,11,66344,66687,7,4,21,0.0,落地致勝,對手落地致勝,,552.0,589.0,0,1,21.0
327,10,12,67484,67594,8,4,11,0.0,對手出界,出界,,1014.0,340.0,0,1,21.0
328,10,13,68178,68483,9,4,11,0.0,對手出界,出界,,417.0,298.0,0,1,21.0
329,10,14,69377,69526,10,4,11,0.0,對手出界,出界,,778.0,266.0,0,1,21.0
330,10,15,70017,70182,10,5,11,1.0,對手未過網,未過網,,438.0,374.0,0,1,20.0
331,10,16,70857,70950,11,5,22,0.0,落地致勝,對手落地致勝,,643.0,547.0,0,1,22.0
332,10,17,73025,73111,11,6,20,1.0,落地致勝,對手落地致勝,,635.0,400.0,0,1,11.0
333,10,18,73508,73753,11,7,21,1.0,對手出界,出界,,558.0,662.0,0,1,20.0
334,10,19,74059,74197,12,7,21,0.0,對手出界,出界,,691.0,266.0,0,1,21.0
335,10,20,74658,74810,12,8,11,1.0,對手未過網,未過網,,400.0,376.0,0,1,11.0
336,10,21,75397,75506,13,8,22,0.0,對手掛網,掛網,,601.0,433.0,0,1,21.0
337,10,22,76235,76527,14,8,20,0.0,落地致勝,對手落地致勝,,392.0,578.0,0,1,22.0
338,10,23,77914,78508,14,9,20,1.0,對手掛網,掛網,,752.0,407.0,0,1,20.0
339,10,24,79217,79321,15,9,21,0.0,對手掛網,掛網,,680.0,432.0,0,1,22.0
340,10,25,80577,80990,15,10,11,1.0,對手掛網,掛網,,532.0,400.0,0,1,11.0
341,10,26,81753,81803,16,10,22,0.0,對手掛網,掛網,,608.0,420.0,0,1,22.0
342,10,27,82333,82427,16,11,20,1.0,對手掛網,掛網,,715.0,398.0,0,1,11.0
343,10,28,82835,83110,17,11,21,0.0,對手出界,出界,,920.0,298.0,0,1,22.0
344,10,29,83764,83861,18,11,11,0.0,落地致勝,對手落地致勝,,703.0,428.0,0,1,21.0
345,10,30,84536,84748,18,12,11,1.0,對手出界,出界,,959.0,558.0,0,1,11.0
346,10,31,85307,85421,18,13,22,1.0,落地致勝,對手落地致勝,,784.0,310.0,0,1,11.0
347,10,32,85939,86080,19,13,22,0.0,落地致勝,對手落地致勝,,799.0,514.0,0,1,21.0
348,10,33,87404,87511,20,13,20,0.0,對手出界,出界,,872.0,324.0,0,1,22.0
349,10,34,87962,88135,20,14,20,1.0,落地致勝,對手落地致勝,,501.0,334.0,0,1,20.0
350,10,35,88644,88842,21,14,21,0.0,對手掛網,掛網,,480.0,419.0,0,1,21.0
351,11,1,1034,1394,0,1,25,1.0,對手未過網,未過網,,889.0,383.0,0,0,24.0
352,11,2,1682,1855,0,2,25,1.0,對手掛網,掛網,,694.0,433.0,0,0,24.0
353,11,3,2170,2224,0,3,25,1.0,對手出界,出界,,981.0,710.0,0,0,23.0
354,11,4,2558,2961,1,3,25,0.0,對手掛網,掛網,,673.0,445.0,0,0,26.0
355,11,5,3390,3836,1,4,24,1.0,對手出界,出界,,1012.0,654.0,0,0,23.0
356,11,6,4556,4839,2,4,26,0.0,對手掛網,掛網,,790.0,445.0,0,0,25.0
357,11,7,5277,5716,3,4,23,0.0,對手掛網,掛網,,717.0,450.0,0,0,25.0
358,11,8,6252,6538,3,5,23,1.0,對手掛網,掛網,,627.0,432.0,0,0,23.0
359,11,9,7152,7346,4,5,25,0.0,對手落點判斷失誤,落點判斷失誤,,838.0,689.0,0,0,25.0
360,11,10,7832,7990,5,5,24,0.0,對手掛網,掛網,,933.0,449.0,0,0,25.0
361,11,11,8520,8705,6,5,24,0.0,對手出界,出界,,641.0,275.0,0,0,25.0
362,11,12,9088,9585,7,5,24,0.0,對手出界,出界,,566.0,277.0,0,0,26.0
363,11,13,10064,10209,8,5,24,0.0,對手掛網,掛網,,565.0,444.0,0,0,25.0
364,11,14,10840,10982,9,5,24,0.0,對手出界,出界,,605.0,273.0,0,0,25.0
365,11,15,11386,11452,10,5,24,0.0,對手掛網,掛網,,476.0,444.0,0,0,25.0
366,11,16,11835,12567,11,5,24,0.0,對手掛網,掛網,,510.0,447.0,0,0,26.0
367,11,17,14732,15187,11,6,24,1.0,對手掛網,掛網,,613.0,433.0,0,0,24.0
368,11,18,15835,16270,12,6,26,0.0,對手出界,出界,,544.0,278.0,0,0,25.0
369,11,19,17033,17627,13,6,23,0.0,對手出界,出界,,696.0,279.0,0,0,25.0
370,11,20,18131,18181,13,7,23,1.0,落地致勝,對手落地致勝,,701.0,434.0,0,0,23.0
371,11,21,18606,19170,13,8,25,1.0,對手出界,出界,,927.0,701.0,0,0,24.0
372,11,22,19617,20264,14,8,25,0.0,對手未過網,未過網,,905.0,446.0,0,0,25.0
373,11,23,20815,21126,15,8,24,0.0,對手未過網,未過網,,233.0,570.0,0,0,25.0
374,11,24,21810,21924,16,8,24,0.0,對手出界,出界,,802.0,275.0,0,0,25.0
375,11,25,22288,22385,17,8,24,0.0,對手掛網,掛網,,740.0,445.0,0,0,26.0
376,11,26,22778,22973,18,8,24,0.0,對手出界,出界,,511.0,278.0,0,0,26.0
377,11,27,23406,23424,18,9,24,1.0,對手犯規,犯規,,676.0,491.0,0,0,24.0
378,11,28,24593,24866,19,9,26,0.0,落地致勝,對手落地致勝,,884.0,672.0,0,0,26.0
379,11,29,25968,26073,19,10,23,1.0,對手未過網,未過網,,430.0,369.0,0,0,23.0
380,11,30,26483,26904,19,11,25,1.0,落地致勝,對手落地致勝,,869.0,439.0,0,0,23.0
381,11,31,27450,27652,20,11,25,0.0,對手未過網,未過網,,688.0,409.0,0,0,25.0
382,11,32,28147,29477,21,11,24,0.0,對手出界,出界,,929.0,344.0,0,0,26.0
383,12,1,33487,33567,1,0,23,0.0,對手掛網,掛網,,823.0,430.0,0,0,26.0
384,12,2,34064,34712,2,0,23,0.0,落地致勝,對手落地致勝,,453.0,332.0,0,0,26.0
385,12,3,35323,35357,3,0,23,0.0,對手掛網,掛網,,583.0,437.0,0,0,26.0
386,12,4,35799,36244,3,1,23,1.0,對手掛網,掛網,,562.0,445.0,0,0,24.0
387,12,5,36844,37278,4,1,25,0.0,對手掛網,掛網,,537.0,435.0,0,0,26.0
388,12,6,37927,39065,5,1,24,0.0,對手未過網,未過網,,769.0,389.0,0,0,25.0
389,12,7,39728,40640,6,1,24,0.0,對手掛網,掛網,,554.0,434.0,0,0,26.0
390,12,8,41294,41513,7,1,24,0.0,對手掛網,掛網,,745.0,438.0,0,0,26.0
391,12,9,41925,41981,8,1,24,0.0,對手出界,出界,,229.0,702.0,0,0,25.0
392,12,10,42344,42446,8,2,24,1.0,對手掛網,掛網,,795.0,446.0,0,0,23.0
393,12,11,43080,43297,9,2,26,0.0,對手未過網,未過網,,911.0,384.0,0,0,25.0
394,12,12,43801,44088,10,2,23,0.0,落地致勝,對手落地致勝,,448.0,316.0,0,0,26.0
395,12,13,45393,45663,10,3,23,1.0,對手未過網,未過網,,381.0,412.0,0,0,24.0
396,12,14,46140,46261,11,3,25,0.0,對手掛網,掛網,,754.0,435.0,0,0,25.0
397,12,15,48745,48908,12,3,24,0.0,對手未過網,未過網,,365.0,417.0,0,0,25.0
398,12,16,49342,49429,12,4,24,1.0,落地致勝,對手落地致勝,,459.0,574.0,0,0,23.0
399,12,17,50051,50444,12,5,26,1.0,對手落點判斷失誤,落點判斷失誤,,949.0,689.0,0,0,24.0
400,12,18,51459,51696,12,6,26,1.0,對手掛網,掛網,,671.0,443.0,0,0,23.0
401,12,19,52311,52614,12,7,26,1.0,對手掛網,掛網,,639.0,445.0,0,0,23.0
402,12,20,53309,53713,13,7,26,0.0,落地致勝,對手落地致勝,,872.0,305.0,0,0,25.0
403,12,21,54394,54698,13,8,23,1.0,對手掛網,掛網,,546.0,444.0,0,0,23.0
404,12,22,55278,55662,14,8,25,0.0,對手掛網,掛網,,385.0,436.0,0,0,25.0
405,12,23,56325,56444,14,9,24,1.0,落地致勝,對手落地致勝,,765.0,624.0,0,0,24.0
406,12,24,57078,57527,15,9,26,0.0,對手掛網,掛網,,422.0,431.0,0,0,25.0
407,12,25,58307,59036,15,10,23,1.0,對手出界,出界,,924.0,293.0,0,0,24.0
408,12,26,59806,60340,16,10,25,0.0,對手未過網,未過網,,69.0,346.0,0,0,25.0
409,12,27,61379,61481,17,10,24,0.0,對手掛網,掛網,,805.0,434.0,0,0,26.0
410,12,28,61997,62934,18,10,24,0.0,落地致勝,對手落地致勝,,401.0,413.0,0,0,26.0
411,12,29,64079,64248,18,11,24,1.0,對手掛網,掛網,,420.0,445.0,0,0,24.0
412,12,30,65093,65726,19,11,26,0.0,落地致勝,對手落地致勝,,457.0,363.0,0,0,25.0
413,12,31,66424,66542,20,11,23,0.0,對手掛網,掛網,,485.0,431.0,0,0,25.0
414,12,32,66971,67186,20,12,23,1.0,對手掛網,掛網,,684.0,451.0,0,0,23.0
415,12,33,67927,68290,21,12,25,0.0,對手未過網,未過網,,931.0,414.0,0,0,25.0
416,13,1,439,822,0,1,27,1.0,對手出界,出界,,836.0,303.0,0,0,29.0
417,13,2,1080,1123,0,2,27,1.0,落地致勝,對手落地致勝,,426.0,634.0,0,0,29.0
418,13,3,1375,1441,1,2,27,0.0,對手出界,出界,,1237.0,530.0,0,0,28.0
419,13,4,1768,1806,2,2,29,0.0,對手掛網,掛網,,772.0,442.0,0,0,28.0
420,13,5,2034,2157,2,3,29,1.0,對手掛網,掛網,,616.0,460.0,0,0,29.0
421,13,6,2698,2759,3,3,28,0.0,落地致勝,對手落地致勝,,452.0,381.0,0,0,27.0
422,13,7,3056,3087,3,4,25,1.0,對手掛網,掛網,,722.0,460.0,0,0,25.0
423,13,8,3380,3690,4,4,27,0.0,落地致勝,對手落地致勝,,772.0,358.0,0,0,27.0
424,13,9,4025,4232,4,5,29,1.0,對手掛網,掛網,,824.0,457.0,0,0,29.0
425,13,10,4690,4733,4,6,28,1.0,對手掛網,掛網,,716.0,458.0,0,0,25.0
426,13,11,5033,5181,4,7,28,1.0,對手出界,出界,,796.0,307.0,0,0,25.0
427,13,12,5687,5719,5,7,28,0.0,對手犯規,犯規,,472.0,572.0,0,0,28.0
428,13,13,6277,6387,6,7,25,0.0,對手出界,出界,,270.0,502.0,0,0,28.0
429,13,14,6729,6877,7,7,25,0.0,對手落點判斷失誤,落點判斷失誤,,710.0,317.0,0,0,27.0
430,13,15,7265,7368,8,7,25,0.0,落地致勝,對手落地致勝,,905.0,318.0,0,0,27.0
431,13,16,7767,7853,9,7,25,0.0,對手落點判斷失誤,落點判斷失誤,,826.0,320.0,0,0,28.0
432,13,17,8304,8365,10,7,25,0.0,對手未過網,未過網,,1155.0,340.0,0,0,27.0
433,13,18,9075,9273,11,7,25,0.0,落地致勝,對手落地致勝,,421.0,326.0,0,0,28.0
434,13,19,11142,11228,12,7,25,0.0,對手掛網,掛網,,702.0,441.0,0,0,27.0
435,13,20,11561,11598,13,7,25,0.0,對手掛網,掛網,,593.0,448.0,0,0,27.0
436,13,21,11863,12076,14,7,25,0.0,對手掛網,掛網,,947.0,448.0,0,0,28.0
437,13,22,12507,12607,14,8,25,1.0,對手掛網,掛網,,832.0,459.0,0,0,29.0
438,13,23,13075,13139,15,8,27,0.0,對手未過網,未過網,,981.0,442.0,0,0,27.0
439,13,24,13414,13525,15,9,29,1.0,對手出界,出界,,700.0,303.0,0,0,29.0
440,13,25,13952,14216,15,10,28,1.0,對手未過網,未過網,,754.0,458.0,0,0,25.0
441,13,26,14633,14659,16,10,28,0.0,對手出界,出界,,764.0,490.0,0,0,28.0
442,13,27,15042,15090,16,11,25,1.0,對手出界,出界,,496.0,316.0,0,0,25.0
443,13,28,15429,15480,17,11,27,0.0,對手未過網,未過網,,1100.0,411.0,0,0,27.0
444,13,29,15902,15949,18,11,29,0.0,落地致勝,對手落地致勝,,825.0,319.0,0,0,27.0
445,13,30,16295,16696,19,11,29,0.0,對手掛網,掛網,,926.0,443.0,0,0,27.0
446,13,31,17080,17560,19,12,29,1.0,對手未過網,未過網,,235.0,431.0,0,0,29.0
447,13,32,18582,18651,19,13,28,1.0,對手出界,出界,,272.0,345.0,0,0,25.0
448,13,33,18985,19098,19,14,28,1.0,對手出界,出界,,374.0,315.0,0,0,25.0
449,13,34,19534,19711,19,15,28,1.0,對手掛網,掛網,,979.0,461.0,0,0,25.0
450,13,35,20137,20434,20,15,28,0.0,落地致勝,對手落地致勝,,435.0,344.0,0,0,27.0
451,13,36,21440,21527,21,15,25,0.0,對手出界,出界,,287.0,544.0,0,0,28.0
452,14,1,25333,25363,0,1,25,1.0,對手落點判斷失誤,落點判斷失誤,,764.0,512.0,0,0,27.0
453,14,2,25729,25766,0,2,25,1.0,對手掛網,掛網,,637.0,460.0,0,0,28.0
454,14,3,26055,26191,0,3,25,1.0,對手出界,出界,,368.0,361.0,0,0,28.0
455,14,4,26553,27011,1,3,25,0.0,對手出界,出界,,1115.0,527.0,0,0,25.0
456,14,5,27934,28023,2,3,28,0.0,落地致勝,對手落地致勝,,640.0,319.0,0,0,29.0
457,14,6,28385,28436,3,3,28,0.0,落地致勝,對手落地致勝,,644.0,350.0,0,0,29.0
458,14,7,28750,28828,4,3,28,0.0,對手掛網,掛網,,784.0,444.0,0,0,25.0
459,14,8,29121,29169,4,4,28,1.0,落地致勝,對手落地致勝,,1195.0,678.0,0,0,27.0
460,14,9,29513,29602,5,4,29,0.0,落地致勝,對手落地致勝,,446.0,331.0,0,0,29.0
461,14,10,29956,30025,5,5,27,1.0,對手掛網,掛網,,859.0,460.0,0,0,28.0
462,14,11,30374,30593,6,5,25,0.0,落地致勝,對手落地致勝,,664.0,336.0,0,0,25.0
463,14,12,31008,31298,7,5,28,0.0,對手掛網,掛網,,435.0,439.0,0,0,25.0
464,14,13,31929,32120,7,6,28,1.0,對手掛網,掛網,,371.0,462.0,0,0,28.0
465,14,14,32595,32675,7,7,29,1.0,對手出界,出界,,315.0,382.0,0,0,28.0
466,14,15,32938,33328,8,7,29,0.0,對手未過網,未過網,,127.0,335.0,0,0,25.0
467,14,16,34282,34330,9,7,27,0.0,對手出界,出界,,238.0,653.0,0,0,25.0
468,14,17,34653,34873,9,8,27,1.0,對手出界,出界,,1070.0,406.0,0,0,27.0
469,14,18,35404,35435,10,8,25,0.0,對手出界,出界,,802.0,500.0,0,0,25.0
470,14,19,35765,35828,11,8,28,0.0,對手掛網,掛網,,722.0,442.0,0,0,29.0
471,14,20,37830,38138,11,9,28,1.0,落地致勝,對手落地致勝,,561.0,568.0,0,0,27.0
472,14,21,38560,38602,12,9,29,0.0,對手犯規,犯規,,374.0,628.0,0,0,29.0
473,14,22,39147,39176,12,10,27,1.0,對手掛網,掛網,,686.0,460.0,0,0,27.0
474,14,23,39552,39610,12,11,25,1.0,落地致勝,對手落地致勝,,962.0,683.0,0,0,27.0
475,14,24,40020,40105,12,12,25,1.0,落地致勝,對手落地致勝,,804.0,622.0,0,0,28.0
476,14,25,40586,40619,13,12,25,0.0,落地致勝,對手落地致勝,,443.0,350.0,0,0,25.0
477,14,26,41044,41080,13,13,28,1.0,對手掛網,掛網,,721.0,454.0,0,0,28.0
478,14,27,41447,41505,14,13,29,0.0,對手掛網,掛網,,430.0,437.0,0,0,25.0
479,14,28,41943,42091,14,14,27,1.0,落地致勝,對手落地致勝,,404.0,660.0,0,0,28.0
480,14,29,42702,42787,15,14,25,0.0,對手掛網,掛網,,524.0,438.0,0,0,25.0
481,14,30,43270,43302,16,14,28,0.0,對手掛網,掛網,,812.0,430.0,0,0,29.0
482,14,31,43689,43759,16,15,28,1.0,落地致勝,對手落地致勝,,1104.0,623.0,0,0,27.0
483,14,32,44273,44642,17,15,29,0.0,對手未過網,未過網,,638.0,362.0,0,0,29.0
484,14,33,45316,45426,18,15,27,0.0,落地致勝,對手落地致勝,,379.0,379.0,0,0,25.0
485,14,34,45930,46009,18,16,27,1.0,落地致勝,對手落地致勝,,1117.0,592.0,0,0,27.0
486,14,35,46717,46982,18,17,25,1.0,落地致勝,對手落地致勝,,347.0,696.0,0,0,27.0
487,14,36,47739,47795,18,18,25,1.0,落地致勝,對手落地致勝,,922.0,462.0,0,0,28.0
488,14,37,48341,48628,18,19,25,1.0,對手落點判斷失誤,落點判斷失誤,,849.0,688.0,0,0,27.0
489,14,38,49320,49510,19,19,25,0.0,對手掛網,掛網,,902.0,444.0,0,0,29.0
490,14,39,50233,50292,19,20,28,1.0,對手掛網,掛網,,788.0,459.0,0,0,27.0
491,14,40,50851,50919,20,20,29,0.0,落地致勝,對手落地致勝,,475.0,323.0,0,0,29.0
492,14,41,51440,51557,21,20,27,0.0,對手掛網,掛網,,453.0,437.0,0,0,25.0
493,14,42,52138,52349,22,20,27,0.0,對手掛網,掛網,,541.0,443.0,0,0,29.0
494,15,1,56426,56486,1,0,28,0.0,對手掛網,掛網,,935.0,457.0,0,0,25.0
495,15,2,56813,56950,1,1,28,1.0,對手掛網,掛網,,381.0,426.0,0,0,28.0
496,15,3,57418,57461,2,1,29,0.0,落地致勝,對手落地致勝,,944.0,459.0,0,0,25.0
497,15,4,57806,57865,2,2,27,1.0,對手未過網,未過網,,866.0,428.0,0,0,28.0
498,15,5,58297,58587,2,3,25,1.0,對手掛網,掛網,,590.0,449.0,0,0,28.0
499,15,6,59306,59362,3,3,25,0.0,對手掛網,掛網,,602.0,458.0,0,0,29.0
500,15,7,59818,60130,4,3,28,0.0,落地致勝,對手落地致勝,,424.0,532.0,0,0,29.0
501,15,8,60696,60926,4,4,28,1.0,落地致勝,對手落地致勝,,763.0,354.0,0,0,27.0
502,15,9,61580,61657,4,5,29,1.0,對手出界,出界,,274.0,552.0,0,0,28.0
503,15,10,62126,62313,5,5,29,0.0,落地致勝,對手落地致勝,,841.0,461.0,0,0,29.0
504,15,11,62826,63010,5,6,27,1.0,落地致勝,對手落地致勝,,530.0,362.0,0,0,27.0
505,15,12,63660,63753,5,7,25,1.0,落地致勝,對手落地致勝,,722.0,340.0,0,0,28.0
506,15,13,64345,64435,5,8,25,1.0,對手掛網,掛網,,805.0,443.0,0,0,28.0
507,15,14,65392,65423,6,8,25,0.0,,,,522.0,351.0,0,0,
508,15,15,66234,66333,6,9,28,1.0,落地致勝,對手落地致勝,,932.0,446.0,0,0,28.0
509,15,16,66716,66822,6,10,29,1.0,對手掛網,掛網,,847.0,446.0,0,0,27.0
510,15,17,67161,67194,7,10,29,0.0,對手出界,出界,,639.0,429.0,0,0,29.0
511,15,18,67614,67645,7,11,27,1.0,對手犯規,犯規,,435.0,596.0,0,0,27.0
512,15,19,70493,70559,8,11,25,0.0,對手未過網,未過網,,1102.0,394.0,0,0,25.0
513,15,20,71048,71147,9,11,28,0.0,對手未過網,未過網,,1202.0,306.0,0,0,29.0
514,15,21,71678,71800,10,11,28,0.0,落地致勝,對手落地致勝,,451.0,341.0,0,0,29.0
515,15,22,72183,72422,10,12,28,1.0,落地致勝,對手落地致勝,,616.0,648.0,0,0,27.0
516,15,23,73006,73171,10,13,29,1.0,對手掛網,掛網,,910.0,459.0,0,0,27.0
517,15,24,73709,74023,11,13,29,0.0,落地致勝,對手落地致勝,,382.0,394.0,0,0,29.0
518,15,25,75120,75678,11,14,27,1.0,落地致勝,對手落地致勝,,550.0,572.0,0,0,27.0
519,15,26,76646,76818,11,15,25,1.0,落地致勝,對手落地致勝,,571.0,598.0,0,0,27.0
520,15,27,77797,77912,12,15,25,0.0,落地致勝,對手落地致勝,,665.0,346.0,0,0,25.0
521,15,28,78592,78653,13,15,28,0.0,落地致勝,對手落地致勝,,861.0,316.0,0,0,25.0
522,15,29,79255,79424,14,15,28,0.0,對手未過網,未過網,,330.0,332.0,0,0,29.0
523,15,30,79936,80303,15,15,28,0.0,對手掛網,掛網,,942.0,447.0,0,0,29.0
524,15,31,81007,81219,16,15,28,0.0,對手掛網,掛網,,794.0,443.0,0,0,25.0
525,15,32,87372,87510,17,15,28,0.0,對手掛網,掛網,,776.0,440.0,0,0,25.0
526,15,33,88325,88783,18,15,28,0.0,對手出界,出界,,1230.0,609.0,0,0,25.0
527,15,34,89687,89879,19,15,28,0.0,對手掛網,掛網,,564.0,437.0,0,0,25.0
528,15,35,90505,90627,20,15,28,0.0,落地致勝,對手落地致勝,,410.0,319.0,0,0,29.0
529,15,36,91305,91536,21,15,28,0.0,落地致勝,對手落地致勝,,561.0,340.0,0,0,25.0
530,16,1,10074,11913,0,1,14,1.0,落地致勝,對手落地致勝,,477.0,407.0,0,0,14.0
531,16,2,12765,13343,1,1,39,0.0,對手出界,出界,,606.0,390.0,0,0,39.0
532,16,3,14040,15168,2,1,33,0.0,對手出界,出界,,386.0,411.0,0,0,39.0
533,16,4,15860,16191,3,1,33,0.0,落地致勝,對手落地致勝,,961.0,672.0,0,0,38.0
534,16,5,16695,17464,4,1,33,0.0,對手出界,出界,,912.0,472.0,0,0,39.0
535,16,6,18208,18491,5,1,33,0.0,對手出界,出界,,355.0,425.0,0,0,39.0
536,16,7,19061,20612,6,1,33,0.0,對手未過網,未過網,,515.0,529.0,0,0,38.0
537,16,8,21724,22112,7,1,33,0.0,對手掛網,掛網,,801.0,509.0,0,0,38.0
538,16,9,22783,22783,7,2,33,1.0,,,,0.0,0.0,0,0,
539,16,10,23223,23363,8,2,38,0.0,對手掛網,掛網,,523.0,512.0,0,0,38.0
540,16,11,23898,24966,8,3,14,1.0,對手未過網,未過網,,381.0,515.0,0,0,14.0
541,16,12,25861,26789,8,4,39,1.0,落地致勝,對手落地致勝,,630.0,399.0,0,0,33.0
542,16,13,27566,27683,9,4,39,0.0,對手未過網,未過網,,1273.0,487.0,0,0,38.0
543,16,14,28308,30132,10,4,33,0.0,落地致勝,對手落地致勝,,351.0,620.0,0,0,39.0
544,16,15,30970,31338,11,4,33,0.0,落地致勝,對手落地致勝,,885.0,560.0,0,0,39.0
545,16,16,33791,34247,11,5,33,1.0,落地致勝,對手落地致勝,,404.0,416.0,0,0,14.0
546,16,17,35264,35370,12,5,38,0.0,對手出界,出界,,623.0,388.0,0,0,39.0
547,16,18,35850,36269,13,5,14,0.0,對手掛網,掛網,,882.0,491.0,0,0,39.0
548,16,19,37040,37706,13,6,14,1.0,對手未過網,未過網,,686.0,429.0,0,0,14.0
549,16,20,38573,38643,14,6,39,0.0,對手未過網,未過網,,826.0,511.0,0,0,39.0
550,16,21,39011,39088,15,6,33,0.0,對手未過網,未過網,,1162.0,533.0,0,0,38.0
551,16,22,39795,40398,16,6,33,0.0,落地致勝,對手落地致勝,,367.0,644.0,0,0,39.0
552,16,23,40984,45012,17,6,33,0.0,對手掛網,掛網,,747.0,508.0,0,0,39.0
553,16,24,46167,46452,17,7,33,1.0,落地致勝,對手落地致勝,,456.0,399.0,0,0,14.0
554,16,25,47120,47416,18,7,38,0.0,落地致勝,對手落地致勝,,410.0,590.0,0,0,39.0
555,16,26,48111,49409,18,8,14,1.0,對手出界,出界,,1030.0,622.0,0,0,14.0
556,16,27,50500,50687,18,9,39,1.0,落地致勝,對手落地致勝,,820.0,427.0,0,0,33.0
557,16,28,51538,51933,19,9,39,0.0,對手出界,出界,,890.0,411.0,0,0,39.0
558,16,29,52521,52964,19,10,33,1.0,對手出界,出界,,886.0,683.0,0,0,14.0
559,16,30,54553,54670,20,10,38,0.0,對手掛網,掛網,,726.0,508.0,0,0,39.0
560,16,31,55185,55466,20,11,14,1.0,對手未過網,未過網,,664.0,403.0,0,0,14.0
561,16,32,56014,56076,21,11,39,0.0,對手出界,出界,,644.0,498.0,0,0,39.0
562,17,1,60065,60519,1,0,14,0.0,落地致勝,對手落地致勝,,313.0,652.0,0,0,14.0
563,17,2,61286,61725,1,1,38,1.0,對手掛網,掛網,,445.0,503.0,0,0,39.0
564,17,3,62311,63231,2,1,33,0.0,對手掛網,掛網,,435.0,511.0,0,0,33.0
565,17,4,64095,64134,3,1,39,0.0,對手掛網,掛網,,744.0,513.0,0,0,14.0
566,17,5,64893,65264,4,1,39,0.0,對手掛網,掛網,,838.0,519.0,0,0,33.0
567,17,6,65908,67107,4,2,39,1.0,對手掛網,掛網,,547.0,497.0,0,0,39.0
568,17,7,67910,68078,4,3,14,1.0,對手出界,出界,,410.0,686.0,0,0,38.0
569,17,8,68673,69095,5,3,14,0.0,對手出界,出界,,1024.0,456.0,0,0,33.0
570,17,9,70005,71999,5,4,38,1.0,對手掛網,掛網,,671.0,502.0,0,0,38.0
571,17,10,73197,73609,6,4,33,0.0,落地致勝,對手落地致勝,,384.0,615.0,0,0,14.0
572,17,11,74650,75623,6,5,39,1.0,對手出界,出界,,1051.0,674.0,0,0,38.0
573,17,12,76437,78174,7,5,14,0.0,對手出界,出界,,741.0,388.0,0,0,14.0
574,17,13,79426,79959,8,5,38,0.0,對手出界,出界,,742.0,386.0,0,0,33.0
575,17,14,80946,81147,9,5,38,0.0,落地致勝,對手落地致勝,,823.0,549.0,0,0,33.0
576,17,15,81982,82155,9,6,38,1.0,對手出界,出界,,282.0,621.0,0,0,39.0
577,17,16,82692,83063,10,6,33,0.0,對手掛網,掛網,,871.0,511.0,0,0,14.0
578,17,17,83743,83859,10,7,39,1.0,對手未過網,未過網,,1062.0,516.0,0,0,38.0
579,17,18,84537,84705,11,7,14,0.0,落地致勝,對手落地致勝,,862.0,542.0,0,0,14.0
580,17,19,87804,88261,11,8,38,1.0,對手掛網,掛網,,809.0,498.0,0,0,39.0
581,17,20,88753,88920,12,8,33,0.0,對手出界,出界,,876.0,403.0,0,0,14.0
582,17,21,90196,90264,12,9,39,1.0,對手掛網,掛網,,529.0,501.0,0,0,39.0
583,17,22,90706,90993,13,9,14,0.0,對手未過網,未過網,,620.0,490.0,0,0,33.0
584,17,23,91868,92213,14,9,38,0.0,對手出界,出界,,885.0,406.0,0,0,14.0
585,17,24,93077,93254,14,10,38,1.0,對手出界,出界,,5.0,590.0,0,0,38.0
586,17,25,93884,94433,14,11,33,1.0,對手出界,出界,,975.0,687.0,0,0,39.0
587,17,26,95442,95529,14,12,33,1.0,落地致勝,對手落地致勝,,865.0,427.0,0,0,38.0
588,17,27,96375,96746,15,12,33,0.0,落地致勝,對手落地致勝,,638.0,631.0,0,0,33.0
589,17,28,97646,97694,16,12,39,0.0,落地致勝,對手落地致勝,,870.0,638.0,0,0,14.0
590,17,29,98237,98344,17,12,39,0.0,對手掛網,掛網,,680.0,507.0,0,0,33.0
591,17,30,99139,99401,17,13,39,1.0,對手出界,出界,,305.0,583.0,0,0,38.0
592,17,31,100791,102028,17,14,14,1.0,落地致勝,對手落地致勝,,487.0,459.0,0,0,39.0
593,17,32,103841,103863,18,14,14,0.0,對手犯規,犯規,,599.0,453.0,0,0,14.0
594,17,33,104599,104699,19,14,38,0.0,對手掛網,掛網,,769.0,511.0,0,0,33.0
595,17,34,105515,106217,20,14,38,0.0,對手掛網,掛網,,508.0,510.0,0,0,33.0
596,17,35,107180,107638,21,14,38,0.0,對手出界,出界,,537.0,391.0,0,0,33.0
597,18,1,112532,112713,0,1,39,1.0,對手掛網,掛網,,512.0,502.0,0,0,14.0
598,18,2,113244,113423,1,1,39,0.0,對手未過網,未過網,,876.0,527.0,0,0,38.0
599,18,3,114073,114150,2,1,33,0.0,對手掛網,掛網,,441.0,517.0,0,0,39.0
600,18,4,114534,114684,3,1,33,0.0,落地致勝,對手落地致勝,,924.0,653.0,0,0,39.0
601,18,5,115242,115242,4,1,33,0.0,,,,0.0,0.0,0,0,
602,18,6,115651,116148,5,1,33,0.0,落地致勝,對手落地致勝,,334.0,592.0,0,0,38.0
603,18,7,117136,117489,6,1,33,0.0,對手出界,出界,,961.0,423.0,0,0,39.0
604,18,8,118082,118440,6,2,33,1.0,落地致勝,對手落地致勝,,863.0,469.0,0,0,33.0
605,18,9,119520,119931,6,3,38,1.0,對手出界,出界,,1008.0,653.0,0,0,33.0
606,18,10,120821,122277,7,3,38,0.0,落地致勝,對手落地致勝,,552.0,538.0,0,0,39.0
607,18,11,123369,125603,8,3,14,0.0,落地致勝,對手落地致勝,,970.0,655.0,0,0,38.0
608,18,12,127461,127625,9,3,14,0.0,對手掛網,掛網,,602.0,509.0,0,0,38.0
609,18,13,128469,129334,9,4,14,1.0,對手出界,出界,,989.0,647.0,0,0,14.0
610,18,14,131105,131298,10,4,39,0.0,對手出界,出界,,906.0,423.0,0,0,39.0
611,18,15,131800,132242,11,4,33,0.0,對手出界,出界,,810.0,391.0,0,0,38.0
612,18,16,134898,137483,11,5,33,1.0,落地致勝,對手落地致勝,,912.0,530.0,0,0,33.0
613,18,17,138645,138800,12,5,38,0.0,落地致勝,對手落地致勝,,456.0,405.0,0,0,39.0
614,18,18,139366,141268,13,5,14,0.0,落地致勝,對手落地致勝,,804.0,500.0,0,0,38.0
615,18,19,142362,142882,14,5,14,0.0,對手掛網,掛網,,651.0,497.0,0,0,39.0
616,18,20,143838,144087,14,6,14,1.0,落地致勝,對手落地致勝,,907.0,582.0,0,0,14.0
617,18,21,144878,145083,15,6,39,0.0,對手出界,出界,,257.0,617.0,0,0,39.0
618,18,22,145900,146069,15,7,33,1.0,對手掛網,掛網,,404.0,515.0,0,0,33.0
619,18,23,147010,150585,15,8,38,1.0,落地致勝,對手落地致勝,,931.0,577.0,0,0,14.0
620,18,24,153183,153345,15,9,38,1.0,落地致勝,對手落地致勝,,599.0,637.0,0,0,33.0
621,18,25,154381,154481,15,10,38,1.0,對手出界,出界,,430.0,388.0,0,0,14.0
622,18,26,158227,158468,15,11,38,1.0,對手掛網,掛網,,678.0,510.0,0,0,14.0
623,18,27,159377,160165,15,12,38,1.0,對手出界,出界,,577.0,390.0,0,0,33.0
624,18,28,161226,161259,16,12,38,0.0,對手出界,出界,,861.0,543.0,0,0,38.0
625,18,29,164135,164849,17,12,14,0.0,對手掛網,掛網,,556.0,503.0,0,0,39.0
626,18,30,166003,166210,18,12,14,0.0,對手出界,出界,,252.0,655.0,0,0,39.0
627,18,31,166907,167205,18,13,14,1.0,對手掛網,掛網,,710.0,510.0,0,0,14.0
628,18,32,168093,168415,19,13,39,0.0,對手掛網,掛網,,500.0,501.0,0,0,38.0
629,18,33,169104,172234,19,14,33,1.0,對手掛網,掛網,,803.0,515.0,0,0,14.0
630,18,34,174020,174952,20,14,38,0.0,對手出界,出界,,433.0,686.0,0,0,38.0
631,18,35,176370,177112,21,14,14,0.0,落地致勝,對手落地致勝,,536.0,438.0,0,0,39.0
632,19,1,14558,15507,0,1,41,1.0,對手出界,出界,,567.0,388.0,0,0,41.0
633,19,2,16114,16649,0,2,12,1.0,對手掛網,掛網,,688.0,510.0,0,0,40.0
634,19,3,17476,17742,1,2,12,0.0,對手出界,出界,,1055.0,636.0,0,0,12.0
635,19,4,18330,18550,2,2,40,0.0,落地致勝,對手落地致勝,,492.0,394.0,0,0,12.0
636,19,5,19141,19212,2,3,40,1.0,對手出界,出界,,902.0,432.0,0,0,41.0
637,19,6,19829,19922,3,3,13,0.0,落地致勝,對手落地致勝,,631.0,422.0,0,0,12.0
638,19,7,20698,21039,4,3,41,0.0,對手掛網,掛網,,541.0,492.0,0,0,12.0
639,19,8,23935,24357,5,3,41,0.0,落地致勝,對手落地致勝,,651.0,425.0,0,0,13.0
640,19,9,25228,25429,5,4,41,1.0,對手掛網,掛網,,568.0,509.0,0,0,41.0
641,19,10,26091,26242,6,4,12,0.0,落地致勝,對手落地致勝,,606.0,394.0,0,0,12.0
642,19,11,26786,27861,7,4,40,0.0,落地致勝,對手落地致勝,,392.0,428.0,0,0,12.0
643,19,12,28828,28878,8,4,40,0.0,落地致勝,對手落地致勝,,404.0,448.0,0,0,13.0
644,19,13,29333,32284,8,5,40,1.0,對手未過網,未過網,,586.0,515.0,0,0,41.0
645,19,14,33301,33510,9,5,13,0.0,對手落點判斷失誤,落點判斷失誤,,727.0,397.0,0,0,12.0
646,19,15,34963,35361,9,6,41,1.0,對手出界,出界,,357.0,431.0,0,0,40.0
647,19,16,36107,36455,10,6,12,0.0,對手未過網,未過網,,728.0,493.0,0,0,12.0
648,19,17,37162,37203,11,6,40,0.0,對手出界,出界,,991.0,636.0,0,0,12.0
649,19,18,39476,39594,11,7,40,1.0,對手出界,出界,,599.0,385.0,0,0,41.0
650,19,19,40027,40047,12,7,13,0.0,對手出界,出界,,504.0,540.0,0,0,13.0
651,19,20,40784,40813,12,8,41,1.0,對手出界,出界,,579.0,478.0,0,0,41.0
652,19,21,41326,42312,13,8,12,0.0,對手出界,出界,,446.0,684.0,0,0,13.0
653,19,22,42944,42977,13,9,40,1.0,對手出界,出界,,639.0,474.0,0,0,40.0
654,19,23,43391,43619,13,10,13,1.0,落地致勝,對手落地致勝,,515.0,628.0,0,0,40.0
655,19,24,44418,44706,13,11,13,1.0,對手掛網,掛網,,848.0,514.0,0,0,41.0
656,19,25,45365,45996,13,12,13,1.0,對手掛網,掛網,,782.0,510.0,0,0,41.0
657,19,26,46663,46768,14,12,13,0.0,落地致勝,對手落地致勝,,833.0,424.0,0,0,12.0
658,19,27,47409,48278,14,13,41,1.0,對手出界,出界,,687.0,386.0,0,0,41.0
659,19,28,49215,49330,14,14,12,1.0,對手掛網,掛網,,459.0,508.0,0,0,41.0
660,19,29,50248,50921,15,14,12,0.0,對手掛網,掛網,,746.0,496.0,0,0,12.0
661,19,30,51694,51943,16,14,40,0.0,對手出界,出界,,247.0,632.0,0,0,12.0
662,19,31,52756,52965,17,14,40,0.0,對手出界,出界,,661.0,694.0,0,0,13.0
663,19,32,53574,53887,17,15,40,1.0,對手掛網,掛網,,501.0,517.0,0,0,40.0
664,19,33,54431,55185,17,16,13,1.0,對手掛網,掛網,,742.0,512.0,0,0,40.0
665,19,34,56284,56742,17,17,13,1.0,落地致勝,對手落地致勝,,497.0,614.0,0,0,40.0
666,19,35,57623,58189,17,18,13,1.0,對手掛網,掛網,,612.0,514.0,0,0,41.0
667,19,36,59260,59476,18,18,13,0.0,對手出界,出界,,98.0,539.0,0,0,13.0
668,19,37,60225,60464,19,18,41,0.0,對手掛網,掛網,,720.0,497.0,0,0,12.0
669,19,38,61302,61411,19,19,41,1.0,落地致勝,對手落地致勝,,372.0,622.0,0,0,41.0
670,19,39,62352,63828,20,19,12,0.0,對手出界,出界,,231.0,646.0,0,0,13.0
671,19,40,65137,65524,21,19,40,0.0,對手落點判斷失誤,落點判斷失誤,,872.0,400.0,0,0,12.0
672,20,1,69606,69770,0,1,41,1.0,對手未過網,未過網,,364.0,488.0,0,0,12.0
673,20,2,71149,71734,0,2,41,1.0,對手落點判斷失誤,落點判斷失誤,,344.0,669.0,0,0,13.0
674,20,3,72514,72549,0,3,41,1.0,落地致勝,對手落地致勝,,691.0,646.0,0,0,13.0
675,20,4,73054,73349,0,4,41,1.0,落地致勝,對手落地致勝,,720.0,537.0,0,0,13.0
676,20,5,73853,73968,0,5,41,1.0,對手出界,出界,,916.0,405.0,0,0,13.0
677,20,6,74588,75335,1,5,41,0.0,對手落點判斷失誤,落點判斷失誤,,509.0,394.0,0,0,41.0
678,20,7,76173,76244,2,5,13,0.0,對手掛網,掛網,,688.0,496.0,0,0,41.0
679,20,8,76750,77252,3,5,13,0.0,落地致勝,對手落地致勝,,700.0,484.0,0,0,41.0
680,20,9,78019,79483,3,6,12,1.0,對手掛網,掛網,,820.0,510.0,0,0,12.0
681,20,10,80458,81297,3,7,40,1.0,落地致勝,對手落地致勝,,606.0,597.0,0,0,13.0
682,20,11,82368,82580,4,7,40,0.0,對手掛網,掛網,,577.0,489.0,0,0,41.0
683,20,12,83208,83523,5,7,13,0.0,對手出界,出界,,1026.0,455.0,0,0,41.0
684,20,13,84338,84492,5,8,13,1.0,對手出界,出界,,791.0,390.0,0,0,13.0
685,20,14,85119,85256,5,9,41,1.0,對手出界,出界,,379.0,400.0,0,0,12.0
686,20,15,85815,85902,6,9,41,0.0,對手出界,出界,,880.0,694.0,0,0,40.0
687,20,16,86446,86574,7,9,12,0.0,對手出界,出界,,542.0,683.0,0,0,40.0
688,20,17,87179,87235,8,9,12,0.0,落地致勝,對手落地致勝,,861.0,400.0,0,0,41.0
689,20,18,87852,87876,9,9,12,0.0,對手犯規,犯規,,780.0,534.0,0,0,41.0
690,20,19,88453,88746,10,9,12,0.0,落地致勝,對手落地致勝,,632.0,454.0,0,0,41.0
691,20,20,89422,90255,10,10,12,1.0,落地致勝,對手落地致勝,,668.0,543.0,0,0,13.0
692,20,21,91466,91609,11,10,40,0.0,對手掛網,掛網,,748.0,494.0,0,0,41.0
693,20,22,94020,94093,12,10,13,0.0,對手出界,出界,,239.0,654.0,0,0,41.0
694,20,23,94558,94954,13,10,13,0.0,落地致勝,對手落地致勝,,776.0,437.0,0,0,41.0
695,20,24,95633,96402,13,11,13,1.0,對手掛網,掛網,,671.0,515.0,0,0,13.0
696,20,25,97449,98954,13,12,41,1.0,落地致勝,對手落地致勝,,761.0,579.0,0,0,13.0
697,20,26,100245,100327,14,12,41,0.0,對手掛網,掛網,,796.0,499.0,0,0,40.0
698,20,27,100909,102418,15,12,12,0.0,落地致勝,對手落地致勝,,418.0,407.0,0,0,41.0
699,20,28,103658,103746,15,13,12,1.0,落地致勝,對手落地致勝,,845.0,543.0,0,0,12.0
700,20,29,104452,105640,16,13,40,0.0,對手出界,出界,,262.0,640.0,0,0,41.0
701,20,30,106904,107371,17,13,13,0.0,落地致勝,對手落地致勝,,406.0,396.0,0,0,40.0
702,20,31,108290,108451,17,14,13,1.0,對手未過網,未過網,,1107.0,569.0,0,0,12.0
703,20,32,109146,109227,17,15,41,1.0,對手掛網,掛網,,794.0,511.0,0,0,13.0
704,20,33,109901,110603,17,16,41,1.0,落地致勝,對手落地致勝,,556.0,586.0,0,0,13.0
705,20,34,111801,111869,17,17,41,1.0,,,,860.0,603.0,0,0,
706,20,35,112573,112669,18,17,41,0.0,對手掛網,掛網,,891.0,500.0,0,0,41.0
707,20,36,113333,113422,18,18,12,1.0,落地致勝,對手落地致勝,,609.0,604.0,0,0,13.0
708,20,37,113967,114114,18,19,40,1.0,對手掛網,掛網,,648.0,512.0,0,0,12.0
709,20,38,114850,114926,19,19,40,0.0,對手未過網,未過網,,760.0,497.0,0,0,41.0
710,20,39,115612,115716,19,20,13,1.0,對手出界,出界,,795.0,387.0,0,0,13.0
711,20,40,116528,116842,20,20,41,0.0,對手未過網,未過網,,614.0,399.0,0,0,41.0
712,20,41,117643,117738,21,20,12,0.0,落地致勝,對手落地致勝,,631.0,404.0,0,0,40.0
713,20,42,118618,119062,22,20,12,0.0,對手掛網,掛網,,629.0,497.0,0,0,41.0
714,21,1,123125,123300,0,1,13,1.0,落地致勝,對手落地致勝,,636.0,473.0,0,0,12.0
715,21,2,123857,124604,0,2,40,1.0,對手出界,出界,,432.0,692.0,0,0,12.0
716,21,3,125408,125491,1,2,40,0.0,落地致勝,對手落地致勝,,405.0,634.0,0,0,40.0
717,21,4,126304,126346,2,2,12,0.0,對手掛網,掛網,,503.0,510.0,0,0,41.0
718,21,5,126923,126994,3,2,12,0.0,落地致勝,對手落地致勝,,666.0,602.0,0,0,40.0
719,21,6,127638,127875,4,2,12,0.0,落地致勝,對手落地致勝,,728.0,676.0,0,0,41.0
720,21,7,129343,129648,4,3,13,1.0,對手出界,出界,,254.0,519.0,0,0,12.0
721,21,8,130334,130379,4,4,41,1.0,對手掛網,掛網,,838.0,493.0,0,0,13.0
722,21,9,130984,131112,4,5,41,1.0,對手出界,出界,,568.0,683.0,0,0,12.0
723,21,10,131753,131782,5,5,41,0.0,對手出界,出界,,665.0,476.0,0,0,41.0
724,21,11,132268,132365,6,5,13,0.0,對手掛網,掛網,,533.0,515.0,0,0,40.0
725,21,12,132848,133160,7,5,13,0.0,對手未過網,未過網,,578.0,512.0,0,0,41.0
726,21,13,133858,133962,8,5,13,0.0,對手出界,出界,,912.0,434.0,0,0,41.0
727,21,14,134470,134797,8,6,13,1.0,對手出界,出界,,256.0,674.0,0,0,12.0
728,21,15,135553,135772,9,6,40,0.0,對手未過網,未過網,,540.0,515.0,0,0,40.0
729,21,16,136527,136647,10,6,12,0.0,對手未過網,未過網,,392.0,508.0,0,0,41.0
730,21,17,137594,137645,11,6,12,0.0,對手出界,出界,,424.0,381.0,0,0,40.0
731,21,18,140185,140252,12,6,12,0.0,對手掛網,掛網,,835.0,498.0,0,0,41.0
732,21,19,140770,141002,13,6,12,0.0,落地致勝,對手落地致勝,,874.0,435.0,0,0,41.0
733,21,20,141678,141936,13,7,12,1.0,對手未過網,未過網,,290.0,610.0,0,0,12.0
734,21,21,142640,143038,13,8,41,1.0,對手掛網,掛網,,487.0,516.0,0,0,13.0
735,21,22,143881,143991,14,8,41,0.0,對手出界,出界,,1078.0,524.0,0,0,41.0
736,21,23,144563,145204,14,9,13,1.0,對手掛網,掛網,,695.0,517.0,0,0,13.0
737,21,24,146109,146743,14,10,40,1.0,落地致勝,對手落地致勝,,782.0,612.0,0,0,12.0
738,21,25,147964,148533,14,11,40,1.0,對手未過網,未過網,,748.0,536.0,0,0,12.0
739,21,26,149624,149968,14,12,40,1.0,對手出界,出界,,297.0,438.0,0,0,12.0
740,21,27,155399,155518,15,12,40,0.0,對手出界,出界,,972.0,582.0,0,0,40.0
741,21,28,156205,156454,16,12,12,0.0,對手掛網,掛網,,606.0,499.0,0,0,40.0
742,21,29,157188,157261,16,13,12,1.0,對手掛網,掛網,,454.0,511.0,0,0,13.0
743,21,30,157805,157881,16,14,41,1.0,對手掛網,掛網,,664.0,513.0,0,0,12.0
744,21,31,158650,158878,16,15,41,1.0,對手未過網,未過網,,433.0,618.0,0,0,12.0
745,21,32,159496,159683,16,16,41,1.0,落地致勝,對手落地致勝,,410.0,638.0,0,0,12.0
746,21,33,161074,162325,16,17,41,1.0,對手出界,出界,,338.0,432.0,0,0,12.0
747,21,34,163417,163559,17,17,41,0.0,對手出界,出界,,984.0,629.0,0,0,40.0
748,21,35,165062,165102,18,17,13,0.0,對手掛網,掛網,,577.0,496.0,0,0,41.0
749,21,36,165547,165970,19,17,13,0.0,落地致勝,對手落地致勝,,901.0,478.0,0,0,41.0
750,21,37,166672,166980,20,17,13,0.0,落地致勝,對手落地致勝,,574.0,486.0,0,0,41.0
751,21,38,168215,168448,20,18,13,1.0,落地致勝,對手落地致勝,,466.0,512.0,0,0,12.0
752,21,39,169857,170468,20,19,40,1.0,對手未過網,未過網,,534.0,509.0,0,0,13.0
753,21,40,171891,171936,20,20,40,1.0,落地致勝,對手落地致勝,,370.0,617.0,0,0,12.0
754,21,41,172727,173522,21,20,40,0.0,落地致勝,對手落地致勝,,410.0,404.0,0,0,40.0
755,21,42,174841,175339,21,21,12,1.0,落地致勝,對手落地致勝,,752.0,542.0,0,0,13.0
756,21,43,177317,177377,22,21,41,0.0,對手落點判斷失誤,落點判斷失誤,,813.0,396.0,0,0,40.0
757,21,44,178022,178305,22,22,13,1.0,對手出界,出界,,340.0,405.0,0,0,13.0
758,21,45,179134,179246,23,22,40,0.0,落地致勝,對手落地致勝,,392.0,410.0,0,0,40.0
759,21,46,180979,181849,24,22,12,0.0,對手掛網,掛網,,624.0,498.0,0,0,40.0
760,22,1,12777,12924,1,0,45,0.0,落地致勝,對手落地致勝,,424.0,320.0,0,0,44.0
761,22,2,13372,13465,1,1,42,1.0,對手出界,出界,,409.0,233.0,0,0,43.0
762,22,3,13801,14157,2,1,44,0.0,對手掛網,掛網,,523.0,347.0,0,0,44.0
763,22,4,14637,15068,3,1,43,0.0,落地致勝,對手落地致勝,,653.0,306.0,0,0,45.0
764,22,5,15734,15784,4,1,43,0.0,對手掛網,掛網,,482.0,350.0,0,0,44.0
765,22,6,16235,16516,4,2,43,1.0,對手出界,出界,,386.0,234.0,0,0,43.0
766,22,7,16994,17500,5,2,45,0.0,落地致勝,對手落地致勝,,671.0,310.0,0,0,45.0
767,22,8,18094,18297,6,2,42,0.0,對手出界,出界,,427.0,650.0,0,0,44.0
768,22,9,18756,18876,6,3,42,1.0,對手掛網,掛網,,477.0,365.0,0,0,42.0
769,22,10,19316,19411,6,4,44,1.0,落地致勝,對手落地致勝,,748.0,547.0,0,0,42.0
770,22,11,19869,19976,6,5,44,1.0,對手未過網,未過網,,547.0,368.0,0,0,42.0
771,22,12,20400,20453,6,6,44,1.0,落地致勝,對手落地致勝,,369.0,443.0,0,0,42.0
772,22,13,20908,20991,7,6,44,0.0,對手出界,出界,,1066.0,601.0,0,0,45.0
773,22,14,21438,21586,8,6,43,0.0,對手出界,出界,,409.0,673.0,0,0,45.0
774,22,15,22145,22255,9,6,43,0.0,對手未過網,未過網,,255.0,302.0,0,0,45.0
775,22,16,22956,23035,10,6,43,0.0,對手掛網,掛網,,583.0,340.0,0,0,44.0
776,22,17,23500,23754,11,6,43,0.0,對手出界,出界,,630.0,638.0,0,0,44.0
777,22,18,25972,26066,11,7,43,1.0,對手掛網,掛網,,426.0,361.0,0,0,42.0
778,22,19,26564,27143,12,7,45,0.0,對手出界,出界,,218.0,582.0,0,0,45.0
779,22,20,27935,28100,12,8,42,1.0,對手掛網,掛網,,714.0,356.0,0,0,42.0
780,22,21,28641,29467,13,8,44,0.0,對手掛網,掛網,,645.0,350.0,0,0,45.0
781,22,22,30377,30429,14,8,43,0.0,對手掛網,掛網,,556.0,345.0,0,0,45.0
782,22,23,30915,31253,15,8,43,0.0,對手出界,出界,,176.0,587.0,0,0,44.0
783,22,24,31857,32208,15,9,43,1.0,對手出界,出界,,908.0,300.0,0,0,42.0
784,22,25,32824,33139,16,9,45,0.0,對手掛網,掛網,,668.0,352.0,0,0,45.0
785,22,26,34008,34118,17,9,42,0.0,對手出界,出界,,1006.0,511.0,0,0,44.0
786,22,27,34909,34948,17,10,42,1.0,落地致勝,對手落地致勝,,246.0,579.0,0,0,43.0
787,22,28,35492,35680,17,11,44,1.0,對手掛網,掛網,,616.0,362.0,0,0,43.0
788,22,29,36124,36172,18,11,44,0.0,落地致勝,對手落地致勝,,810.0,256.0,0,0,45.0
789,22,30,37063,37274,18,12,43,1.0,對手出界,出界,,375.0,298.0,0,0,43.0
790,22,31,37814,37874,18,13,45,1.0,落地致勝,對手落地致勝,,964.0,528.0,0,0,42.0
791,22,32,38367,38408,18,14,45,1.0,對手掛網,掛網,,448.0,365.0,0,0,43.0
792,22,33,38788,38796,19,14,45,0.0,對手犯規,犯規,,745.0,398.0,0,0,45.0
793,22,34,39349,39382,19,15,42,1.0,對手出界,出界,,676.0,315.0,0,0,42.0
794,22,35,40875,40984,19,16,44,1.0,落地致勝,對手落地致勝,,452.0,520.0,0,0,43.0
795,22,36,41495,41533,19,17,44,1.0,對手出界,出界,,410.0,233.0,0,0,43.0
796,22,37,42009,42145,19,18,44,1.0,落地致勝,對手落地致勝,,644.0,562.0,0,0,43.0
797,22,38,42872,42898,19,19,44,1.0,對手掛網,掛網,,761.0,362.0,0,0,43.0
798,22,39,43412,43454,19,20,44,1.0,對手出界,出界,,866.0,243.0,0,0,42.0
799,22,40,43861,44602,20,20,44,0.0,落地致勝,對手落地致勝,,752.0,253.0,0,0,45.0
800,22,41,45801,46468,20,21,43,1.0,對手掛網,掛網,,565.0,364.0,0,0,43.0
801,22,42,47379,47726,21,21,45,0.0,落地致勝,對手落地致勝,,430.0,298.0,0,0,44.0
802,22,43,48664,48861,22,21,42,0.0,對手未過網,未過網,,573.0,276.0,0,0,45.0
803,22,44,49471,49748,22,22,42,1.0,落地致勝,對手落地致勝,,578.0,530.0,0,0,43.0
804,22,45,50635,50883,23,22,44,0.0,對手出界,出界,,262.0,512.0,0,0,44.0
805,22,46,51635,51879,24,22,43,0.0,對手掛網,掛網,,735.0,351.0,0,0,45.0
806,23,1,56104,56157,1,0,43,0.0,對手未過網,未過網,,766.0,446.0,0,0,44.0
807,23,2,56689,56995,2,0,43,0.0,對手未過網,未過網,,114.0,340.0,0,0,44.0
808,23,3,57699,58293,3,0,43,0.0,對手掛網,掛網,,523.0,363.0,0,0,45.0
809,23,4,59061,59634,4,0,43,0.0,對手掛網,掛網,,576.0,359.0,0,0,45.0
810,23,5,60284,60354,4,1,43,1.0,對手掛網,掛網,,460.0,349.0,0,0,43.0
811,23,6,60818,60895,5,1,45,0.0,對手掛網,掛網,,512.0,363.0,0,0,45.0
812,23,7,61389,61419,5,2,42,1.0,對手出界,出界,,556.0,403.0,0,0,42.0
813,23,8,61684,62168,6,2,44,0.0,落地致勝,對手落地致勝,,866.0,414.0,0,0,44.0
814,23,9,63031,63105,7,2,43,0.0,對手未過網,未過網,,670.0,338.0,0,0,44.0
815,23,10,63670,63910,7,3,43,1.0,對手掛網,掛網,,550.0,344.0,0,0,42.0
816,23,11,64410,64694,7,4,45,1.0,對手掛網,掛網,,865.0,347.0,0,0,43.0
817,23,12,65334,65386,8,4,45,0.0,對手未過網,未過網,,446.0,345.0,0,0,44.0
818,23,13,66683,66723,9,4,42,0.0,對手掛網,掛網,,803.0,361.0,0,0,45.0
819,23,14,67221,67845,9,5,42,1.0,對手出界,出界,,206.0,592.0,0,0,42.0
820,23,15,68356,68813,9,6,44,1.0,落地致勝,對手落地致勝,,799.0,277.0,0,0,43.0
821,23,16,69581,69855,9,7,44,1.0,對手未過網,未過網,,1117.0,344.0,0,0,42.0
822,23,17,70500,70525,10,7,44,0.0,對手掛網,掛網,,697.0,356.0,0,0,44.0
823,23,18,71134,71528,10,8,43,1.0,落地致勝,對手落地致勝,,827.0,272.0,0,0,43.0
824,23,19,72328,72499,11,8,45,0.0,對手出界,出界,,409.0,237.0,0,0,45.0
825,23,20,75136,75786,12,8,42,0.0,落地致勝,對手落地致勝,,635.0,598.0,0,0,45.0
826,23,21,76749,76837,13,8,42,0.0,落地致勝,對手落地致勝,,893.0,608.0,0,0,45.0
827,23,22,77594,77611,13,9,42,1.0,對手掛網,掛網,,605.0,344.0,0,0,42.0
828,23,23,78066,78249,13,10,44,1.0,落地致勝,對手落地致勝,,505.0,274.0,0,0,42.0
829,23,24,78765,79230,13,11,44,1.0,落地致勝,對手落地致勝,,770.0,342.0,0,0,42.0
830,23,25,80014,80036,13,12,44,1.0,對手掛網,掛網,,635.0,344.0,0,0,42.0
831,23,26,80371,80608,14,12,44,0.0,落地致勝,對手落地致勝,,869.0,412.0,0,0,44.0
832,23,27,81362,81605,15,12,43,0.0,落地致勝,對手落地致勝,,746.0,444.0,0,0,44.0
833,23,28,82194,82277,16,12,43,0.0,對手掛網,掛網,,802.0,356.0,0,0,44.0
834,23,29,82804,83030,17,12,43,0.0,對手出界,出界,,751.0,216.0,0,0,44.0
835,23,30,83624,83777,17,13,43,1.0,對手掛網,掛網,,420.0,350.0,0,0,42.0
836,23,31,84316,84559,18,13,45,0.0,落地致勝,對手落地致勝,,319.0,438.0,0,0,44.0
837,23,32,86133,86245,19,13,42,0.0,落地致勝,對手落地致勝,,923.0,594.0,0,0,45.0
838,23,33,86802,86876,20,13,42,0.0,落地致勝,對手落地致勝,,340.0,586.0,0,0,45.0
839,23,34,87402,87482,21,13,42,0.0,對手掛網,掛網,,444.0,362.0,0,0,44.0
840,24,1,13462,14100,1,0,14,0.0,對手掛網,掛網,,562.0,364.0,0,0,42.0
841,24,2,14908,15125,1,1,14,1.0,落地致勝,對手落地致勝,,503.0,247.0,0,0,33.0
842,24,3,15710,15890,1,2,42,1.0,落地致勝,對手落地致勝,,641.0,305.0,0,0,33.0
843,24,4,16371,16757,1,3,42,1.0,落地致勝,對手落地致勝,,808.0,343.0,0,0,14.0
844,24,5,17391,17470,2,3,42,0.0,對手出界,出界,,974.0,293.0,0,0,42.0
845,24,6,17985,18066,3,3,33,0.0,落地致勝,對手落地致勝,,654.0,562.0,0,0,42.0
846,24,7,18480,18785,3,4,33,1.0,對手出界,出界,,420.0,639.0,0,0,33.0
847,24,8,19394,20319,4,4,43,0.0,對手未過網,未過網,,428.0,597.0,0,0,43.0
848,24,9,21244,21346,5,4,14,0.0,對手掛網,掛網,,640.0,366.0,0,0,42.0
849,24,10,21879,24057,6,4,14,0.0,對手掛網,掛網,,643.0,362.0,0,0,42.0
850,24,11,25132,25685,6,5,14,1.0,對手掛網,掛網,,765.0,349.0,0,0,33.0
851,24,12,26520,26573,6,6,42,1.0,落地致勝,對手落地致勝,,856.0,313.0,0,0,33.0
852,24,13,27238,28557,6,7,42,1.0,對手掛網,掛網,,598.0,353.0,0,0,33.0
853,24,14,29696,29979,6,8,42,1.0,對手出界,出界,,1049.0,633.0,0,0,33.0
854,24,15,30622,31110,6,9,42,1.0,對手未過網,未過網,,1142.0,567.0,0,0,33.0
855,24,16,31798,32038,6,10,42,1.0,落地致勝,對手落地致勝,,461.0,241.0,0,0,33.0
856,24,17,32755,33211,6,11,42,1.0,對手未過網,未過網,,1109.0,418.0,0,0,33.0
857,24,18,35808,35957,7,11,42,0.0,對手出界,出界,,695.0,223.0,0,0,43.0
858,24,19,36634,36875,8,11,33,0.0,對手掛網,掛網,,581.0,373.0,0,0,42.0
859,24,20,37530,37530,9,11,33,0.0,,,,0.0,0.0,0,0,
860,24,21,38221,38252,9,12,33,1.0,對手出界,出界,,598.0,406.0,0,0,33.0
861,24,22,38823,38923,10,12,43,0.0,對手掛網,掛網,,660.0,363.0,0,0,43.0
862,24,23,39446,39645,11,12,14,0.0,對手掛網,掛網,,633.0,363.0,0,0,42.0
863,24,24,40233,40800,11,13,14,1.0,對手出界,出界,,1013.0,482.0,0,0,14.0
864,24,25,41541,43121,12,13,42,0.0,落地致勝,對手落地致勝,,483.0,453.0,0,0,42.0
865,24,26,44074,44467,12,14,33,1.0,對手掛網,掛網,,537.0,352.0,0,0,14.0
866,24,27,45314,45546,13,14,43,0.0,對手掛網,掛網,,827.0,364.0,0,0,43.0
867,24,28,46440,47424,14,14,14,0.0,對手出界,出界,,856.0,239.0,0,0,42.0
868,24,29,48401,48778,15,14,14,0.0,落地致勝,對手落地致勝,,509.0,480.0,0,0,43.0
869,24,30,49631,49704,15,15,14,1.0,落地致勝,對手落地致勝,,791.0,287.0,0,0,33.0
870,24,31,50459,50508,15,16,42,1.0,對手出界,出界,,203.0,572.0,0,0,14.0
871,24,32,50986,51082,16,16,42,0.0,對手出界,出界,,384.0,306.0,0,0,43.0
872,24,33,51789,52754,17,16,33,0.0,落地致勝,對手落地致勝,,1008.0,553.0,0,0,42.0
873,24,34,53942,54237,17,17,33,1.0,對手掛網,掛網,,579.0,352.0,0,0,33.0
874,24,35,55099,55185,18,17,43,0.0,對手掛網,掛網,,511.0,361.0,0,0,42.0
875,24,36,55914,55961,18,18,14,1.0,落地致勝,對手落地致勝,,453.0,228.0,0,0,33.0
876,24,37,56636,56926,19,18,42,0.0,對手未過網,未過網,,766.0,355.0,0,0,43.0
877,24,38,57692,58465,20,18,33,0.0,對手掛網,掛網,,565.0,361.0,0,0,43.0
878,24,39,59140,60254,20,19,33,1.0,落地致勝,對手落地致勝,,702.0,239.0,0,0,14.0
879,24,40,61427,61722,21,19,43,0.0,對手掛網,掛網,,783.0,365.0,0,0,43.0
880,25,1,66248,66659,1,0,14,0.0,對手掛網,掛網,,459.0,349.0,0,0,42.0
881,25,2,67317,68187,1,1,14,1.0,落地致勝,對手落地致勝,,895.0,598.0,0,0,14.0
882,25,3,69590,70313,2,1,42,0.0,對手掛網,掛網,,457.0,338.0,0,0,43.0
883,25,4,71643,71671,2,2,33,1.0,對手出界,出界,,597.0,304.0,0,0,33.0
884,25,5,72133,72439,2,3,43,1.0,對手未過網,未過網,,809.0,321.0,0,0,33.0
885,25,6,73203,73249,2,4,43,1.0,落地致勝,對手落地致勝,,911.0,578.0,0,0,33.0
886,25,7,73845,74583,3,4,43,0.0,對手掛網,掛網,,578.0,338.0,0,0,42.0
887,25,8,75527,75835,4,4,14,0.0,對手掛網,掛網,,550.0,342.0,0,0,42.0
888,25,9,76488,77209,4,5,14,1.0,落地致勝,對手落地致勝,,686.0,428.0,0,0,33.0
889,25,10,78204,78222,5,5,42,0.0,對手犯規,犯規,,583.0,368.0,0,0,42.0
890,25,11,78667,79229,6,5,33,0.0,對手掛網,掛網,,611.0,338.0,0,0,42.0
891,25,12,80328,80454,6,6,33,1.0,對手掛網,掛網,,690.0,358.0,0,0,33.0
892,25,13,81228,82048,7,6,43,0.0,落地致勝,對手落地致勝,,613.0,296.0,0,0,43.0
893,25,14,82860,82987,7,7,14,1.0,對手出界,出界,,753.0,216.0,0,0,33.0
894,25,15,83967,84026,8,7,42,0.0,落地致勝,對手落地致勝,,609.0,242.0,0,0,43.0
895,25,16,84605,84967,8,8,33,1.0,對手出界,出界,,408.0,225.0,0,0,33.0
896,25,17,85793,85872,9,8,43,0.0,對手掛網,掛網,,753.0,341.0,0,0,42.0
897,25,18,86418,86670,10,8,14,0.0,落地致勝,對手落地致勝,,509.0,232.0,0,0,43.0
898,25,19,87537,87939,11,8,14,0.0,對手掛網,掛網,,416.0,333.0,0,0,42.0
899,25,20,90405,92697,11,9,14,1.0,對手出界,出界,,389.0,284.0,0,0,33.0
900,25,21,93913,94218,11,10,42,1.0,對手未過網,未過網,,869.0,366.0,0,0,14.0
901,25,22,95164,95532,11,11,42,1.0,對手出界,出界,,487.0,216.0,0,0,33.0
902,25,23,96440,98062,12,11,42,0.0,對手出界,出界,,746.0,635.0,0,0,43.0
903,25,24,98987,99475,13,11,33,0.0,對手未過網,未過網,,236.0,224.0,0,0,43.0
904,25,25,100142,100504,14,11,33,0.0,對手出界,出界,,271.0,490.0,0,0,42.0
905,25,26,101068,101547,15,11,33,0.0,對手出界,出界,,193.0,572.0,0,0,42.0
906,25,27,102312,102923,16,11,33,0.0,對手掛網,掛網,,443.0,341.0,0,0,43.0
907,25,28,103872,103888,16,12,33,1.0,對手犯規,犯規,,604.0,317.0,0,0,33.0
908,25,29,104715,105003,16,13,43,1.0,落地致勝,對手落地致勝,,683.0,492.0,0,0,14.0
909,25,30,106295,106345,17,13,43,0.0,對手掛網,掛網,,543.0,345.0,0,0,43.0
910,25,31,106937,107300,17,14,14,1.0,對手掛網,掛網,,751.0,355.0,0,0,14.0
911,25,32,108159,108655,18,14,42,0.0,對手出界,出界,,485.0,633.0,0,0,42.0
912,25,33,109294,109413,19,14,33,0.0,落地致勝,對手落地致勝,,410.0,277.0,0,0,43.0
913,25,34,109893,110973,20,14,33,0.0,對手出界,出界,,417.0,638.0,0,0,43.0
914,25,35,111821,111984,20,15,33,1.0,對手未過網,未過網,,437.0,336.0,0,0,33.0
915,25,36,113441,114309,21,15,43,0.0,落地致勝,對手落地致勝,,687.0,247.0,0,0,43.0
916,26,1,14022,14262,1,0,45,0.0,對手掛網,掛網,,586.0,462.0,0,0,45.0
917,26,2,14637,15093,1,1,33,1.0,對手出界,出界,,1042.0,632.0,0,0,14.0
918,26,3,15605,16155,2,1,44,0.0,落地致勝,對手落地致勝,,768.0,567.0,0,0,44.0
919,26,4,17042,18545,2,2,14,1.0,對手掛網,掛網,,491.0,445.0,0,0,14.0
920,26,5,19741,19966,3,2,45,0.0,對手出界,出界,,350.0,351.0,0,0,44.0
921,26,6,20835,21174,4,2,33,0.0,對手掛網,掛網,,371.0,463.0,0,0,44.0
922,26,7,21723,22096,5,2,33,0.0,對手未過網,未過網,,1013.0,711.0,0,0,44.0
923,26,8,23111,23138,5,3,33,1.0,對手出界,出界,,624.0,499.0,0,0,33.0
924,26,9,23507,24130,6,3,44,0.0,落地致勝,對手落地致勝,,759.0,620.0,0,0,45.0
925,26,10,25010,25309,6,4,14,1.0,對手未過網,未過網,,834.0,352.0,0,0,14.0
926,26,11,26139,26375,6,5,45,1.0,對手掛網,掛網,,758.0,441.0,0,0,33.0
927,26,12,27081,27462,6,6,45,1.0,落地致勝,對手落地致勝,,697.0,421.0,0,0,33.0
928,26,13,28428,28868,7,6,45,0.0,對手未過網,未過網,,1010.0,470.0,0,0,45.0
929,26,14,29722,30205,8,6,33,0.0,對手掛網,掛網,,864.0,468.0,0,0,44.0
930,26,15,31412,31673,8,7,33,1.0,對手未過網,未過網,,671.0,446.0,0,0,14.0
931,26,16,32418,32664,8,8,44,1.0,對手出界,出界,,280.0,542.0,0,0,14.0
932,26,17,33293,36303,9,8,44,0.0,對手掛網,掛網,,509.0,468.0,0,0,45.0
933,26,18,37725,37998,9,9,14,1.0,對手掛網,掛網,,564.0,440.0,0,0,14.0
934,26,19,39290,39425,9,10,45,1.0,對手出界,出界,,148.0,497.0,0,0,33.0
935,26,20,40137,40391,10,10,45,0.0,對手未過網,未過網,,324.0,484.0,0,0,44.0
936,26,21,41220,41825,11,10,33,0.0,落地致勝,對手落地致勝,,668.0,606.0,0,0,45.0
937,26,22,44524,44895,11,11,33,1.0,對手出界,出界,,814.0,666.0,0,0,33.0
938,26,23,45480,45887,12,11,44,0.0,對手未過網,未過網,,976.0,470.0,0,0,44.0
939,26,24,46656,47139,12,12,14,1.0,對手出界,出界,,996.0,509.0,0,0,33.0
940,26,25,48106,48149,12,13,45,1.0,對手出界,出界,,487.0,667.0,0,0,14.0
941,26,26,48602,48645,13,13,45,0.0,對手未過網,未過網,,852.0,580.0,0,0,45.0
942,26,27,49086,49595,14,13,33,0.0,對手掛網,掛網,,485.0,460.0,0,0,45.0
943,26,28,50522,50584,14,14,33,1.0,對手出界,出界,,1064.0,632.0,0,0,33.0
944,26,29,51147,51311,14,15,44,1.0,對手掛網,掛網,,611.0,450.0,0,0,33.0
945,26,30,51947,52203,14,16,44,1.0,對手未過網,未過網,,763.0,343.0,0,0,14.0
946,26,31,52972,54443,14,17,44,1.0,對手未過網,未過網,,494.0,442.0,0,0,33.0
947,26,32,55657,57393,14,18,44,1.0,落地致勝,對手落地致勝,,450.0,431.0,0,0,14.0
948,26,33,58793,58866,14,19,44,1.0,對手掛網,掛網,,740.0,450.0,0,0,33.0
949,26,34,59492,59895,15,19,44,0.0,對手掛網,掛網,,870.0,463.0,0,0,45.0
950,26,35,60528,61054,16,19,14,0.0,對手掛網,掛網,,624.0,463.0,0,0,44.0
951,26,36,65511,67486,17,19,14,0.0,對手出界,出界,,940.0,419.0,0,0,44.0
952,26,37,69221,69425,17,20,14,1.0,對手未過網,未過網,,284.0,351.0,0,0,33.0
953,26,38,70323,70747,18,20,45,0.0,落地致勝,對手落地致勝,,901.0,650.0,0,0,44.0
954,26,39,71604,72622,19,20,33,0.0,落地致勝,對手落地致勝,,719.0,573.0,0,0,44.0
955,26,40,73589,74116,20,20,33,0.0,對手掛網,掛網,,709.0,461.0,0,0,45.0
956,26,41,74793,74820,21,20,33,0.0,對手落點判斷失誤,落點判斷失誤,,651.0,510.0,0,0,45.0
957,26,42,75150,75989,22,20,33,0.0,對手掛網,掛網,,588.0,467.0,0,0,45.0
958,27,1,80914,82248,1,0,14,0.0,對手出界,出界,,792.0,316.0,0,0,14.0
959,27,2,83170,83681,2,0,45,0.0,對手掛網,掛網,,772.0,461.0,0,0,33.0
960,27,3,84566,85305,3,0,45,0.0,,,,846.0,558.0,0,0,
961,27,4,86404,86740,4,0,45,0.0,對手出界,出界,,542.0,321.0,0,0,33.0
962,27,5,87431,87932,5,0,45,0.0,對手出界,出界,,355.0,340.0,0,0,14.0
963,27,6,89119,89277,6,0,45,0.0,對手未過網,未過網,,306.0,564.0,0,0,33.0
964,27,7,90062,91534,6,1,45,1.0,對手落點判斷失誤,落點判斷失誤,,906.0,337.0,0,0,44.0
965,27,8,92471,92526,7,1,33,0.0,對手掛網,掛網,,573.0,464.0,0,0,33.0
966,27,9,93057,93178,8,1,44,0.0,對手出界,出界,,919.0,327.0,0,0,33.0
967,27,10,93746,94095,8,2,44,1.0,落地致勝,對手落地致勝,,529.0,356.0,0,0,44.0
968,27,11,94866,95177,9,2,14,0.0,對手出界,出界,,778.0,317.0,0,0,33.0
969,27,12,95856,96037,9,3,45,1.0,對手掛網,掛網,,512.0,451.0,0,0,44.0
970,27,13,96583,96827,10,3,33,0.0,落地致勝,對手落地致勝,,846.0,494.0,0,0,33.0
971,27,14,97775,98166,10,4,44,1.0,對手掛網,掛網,,541.0,445.0,0,0,44.0
972,27,15,98925,99110,11,4,14,0.0,對手未過網,未過網,,136.0,496.0,0,0,14.0
973,27,16,101644,101800,12,4,45,0.0,對手出界,出界,,940.0,344.0,0,0,14.0
974,27,17,102363,104530,13,4,45,0.0,落地致勝,對手落地致勝,,996.0,591.0,0,0,14.0
975,27,18,106467,106595,14,4,45,0.0,對手掛網,掛網,,862.0,460.0,0,0,14.0
976,27,19,107122,107707,14,5,45,1.0,對手未過網,未過網,,996.0,435.0,0,0,45.0
977,27,20,108513,110859,15,5,33,0.0,落地致勝,對手落地致勝,,677.0,656.0,0,0,14.0
978,27,21,112952,113362,16,5,44,0.0,對手出界,出界,,612.0,317.0,0,0,33.0
979,27,22,113874,114026,17,5,44,0.0,對手出界,出界,,569.0,320.0,0,0,14.0
980,27,23,114364,114759,17,6,44,1.0,落地致勝,對手落地致勝,,884.0,347.0,0,0,45.0
981,27,24,115278,115492,18,6,14,0.0,落地致勝,對手落地致勝,,411.0,587.0,0,0,14.0
982,27,25,116524,116552,18,7,45,1.0,對手掛網,掛網,,707.0,445.0,0,0,45.0
983,27,26,116865,117125,18,8,33,1.0,對手掛網,掛網,,652.0,445.0,0,0,44.0
984,27,27,117857,117958,19,8,33,0.0,對手出界,出界,,1219.0,403.0,0,0,33.0
985,27,28,118466,118780,20,8,44,0.0,落地致勝,對手落地致勝,,1030.0,650.0,0,0,33.0
986,27,29,119301,119511,21,8,44,0.0,對手出界,出界,,688.0,317.0,0,0,33.0
987,28,1,124552,124989,1,0,45,0.0,對手掛網,掛網,,417.0,463.0,0,0,44.0
988,28,2,125603,126118,1,1,14,1.0,對手掛網,掛網,,537.0,450.0,0,0,14.0
989,28,3,126983,127116,1,2,44,1.0,落地致勝,對手落地致勝,,554.0,386.0,0,0,14.0
990,28,4,127629,129318,1,3,44,1.0,落地致勝,對手落地致勝,,379.0,366.0,0,0,33.0
991,28,5,130407,130450,1,4,44,1.0,落地致勝,對手落地致勝,,792.0,338.0,0,0,14.0
992,28,6,130900,131362,2,4,44,0.0,對手出界,出界,,219.0,433.0,0,0,45.0
993,28,7,132145,133302,3,4,33,0.0,落地致勝,對手落地致勝,,879.0,644.0,0,0,45.0
994,28,8,134248,135466,3,5,33,1.0,對手未過網,未過網,,620.0,322.0,0,0,33.0
995,28,9,136577,136682,4,5,45,0.0,落地致勝,對手落地致勝,,844.0,579.0,0,0,45.0
996,28,10,137382,137778,4,6,14,1.0,落地致勝,對手落地致勝,,599.0,355.0,0,0,33.0
997,28,11,138627,138926,4,7,44,1.0,落地致勝,對手落地致勝,,765.0,351.0,0,0,33.0
998,28,12,139928,140460,5,7,44,0.0,對手掛網,掛網,,851.0,464.0,0,0,45.0
999,28,13,141308,141816,5,8,33,1.0,對手掛網,掛網,,544.0,449.0,0,0,14.0
1000,28,14,142891,143153,5,9,45,1.0,對手掛網,掛網,,889.0,440.0,0,0,33.0
1001,28,15,144143,144318,6,9,45,0.0,對手掛網,掛網,,888.0,457.0,0,0,45.0
1002,28,16,145918,147724,7,9,14,0.0,落地致勝,對手落地致勝,,941.0,493.0,0,0,45.0
1003,28,17,149660,149808,8,9,14,0.0,落地致勝,對手落地致勝,,572.0,505.0,0,0,45.0
1004,28,18,150364,150959,9,9,14,0.0,對手掛網,掛網,,807.0,464.0,0,0,44.0
1005,28,19,152045,152403,10,9,14,0.0,對手掛網,掛網,,404.0,460.0,0,0,44.0
1006,28,20,153018,153318,11,9,14,0.0,對手出界,出界,,373.0,342.0,0,0,45.0
1007,28,21,156111,156291,12,9,14,0.0,對手出界,出界,,983.0,500.0,0,0,44.0
1008,28,22,156744,156870,12,10,14,1.0,落地致勝,對手落地致勝,,616.0,598.0,0,0,14.0
1009,28,23,157481,157685,13,10,44,0.0,對手掛網,掛網,,780.0,451.0,0,0,45.0
1010,28,24,158282,159468,14,10,33,0.0,對手出界,出界,,230.0,619.0,0,0,44.0
1011,28,25,160316,160761,15,10,33,0.0,對手掛網,掛網,,572.0,449.0,0,0,44.0
1012,28,26,163437,165169,16,10,33,0.0,對手未過網,未過網,,965.0,437.0,0,0,44.0
1013,28,27,166211,166455,16,11,33,1.0,對手掛網,掛網,,538.0,460.0,0,0,14.0
1014,28,28,167863,168333,17,11,45,0.0,對手掛網,掛網,,742.0,449.0,0,0,45.0
1015,28,29,169184,169617,17,12,14,1.0,對手未過網,未過網,,682.0,461.0,0,0,33.0
1016,28,30,170419,170487,17,13,44,1.0,對手出界,出界,,472.0,320.0,0,0,33.0
1017,28,31,172426,172817,18,13,44,0.0,對手出界,出界,,254.0,584.0,0,0,44.0
1018,28,32,173584,173708,18,14,33,1.0,落地致勝,對手落地致勝,,501.0,600.0,0,0,14.0
1019,28,33,174415,175618,18,15,45,1.0,對手掛網,掛網,,736.0,460.0,0,0,14.0
1020,28,34,179111,180312,18,16,45,1.0,對手出界,出界,,432.0,318.0,0,0,33.0
1021,28,35,181347,181491,19,16,45,0.0,落地致勝,對手落地致勝,,801.0,447.0,0,0,44.0
1022,28,36,182560,186305,20,16,14,0.0,落地致勝,對手落地致勝,,857.0,333.0,0,0,44.0
1023,28,37,189915,190690,20,17,14,1.0,對手掛網,掛網,,635.0,463.0,0,0,33.0
1024,28,38,195148,195646,21,17,44,0.0,對手掛網,掛網,,481.0,449.0,0,0,44.0
1025,29,1,16339,16583,1,0,14,0.0,對手出界,出界,,357.0,441.0,0,0,34.0
1026,29,2,17104,18033,2,0,14,0.0,對手出界,出界,,244.0,449.0,0,0,35.0
1027,29,3,18712,19177,3,0,14,0.0,對手掛網,掛網,,516.0,505.0,0,0,35.0
1028,29,4,20018,20018,4,0,14,0.0,,,,0.0,0.0,0,0,
1029,29,5,20763,21211,4,1,14,1.0,落地致勝,對手落地致勝,,727.0,492.0,0,0,33.0
1030,29,6,22089,22645,5,1,34,0.0,對手出界,出界,,953.0,407.0,0,0,34.0
1031,29,7,23420,23624,6,1,33,0.0,落地致勝,對手落地致勝,,574.0,609.0,0,0,34.0
1032,29,8,24161,24351,6,2,33,1.0,對手出界,出界,,277.0,618.0,0,0,14.0
1033,29,9,24991,25431,6,3,35,1.0,落地致勝,對手落地致勝,,473.0,409.0,0,0,33.0
1034,29,10,26402,26573,7,3,35,0.0,落地致勝,對手落地致勝,,732.0,600.0,0,0,34.0
1035,29,11,27085,27085,7,4,14,1.0,,,,0.0,0.0,0,0,
1036,29,12,28116,28431,8,4,34,0.0,對手未過網,未過網,,307.0,484.0,0,0,35.0
1037,29,13,29080,30159,8,5,33,1.0,對手出界,出界,,669.0,682.0,0,0,33.0
1038,29,14,31152,31313,9,5,35,0.0,對手掛網,掛網,,774.0,511.0,0,0,34.0
1039,29,15,32234,32295,10,5,14,0.0,落地致勝,對手落地致勝,,963.0,625.0,0,0,34.0
1040,29,16,33346,33877,11,5,14,0.0,對手出界,出界,,878.0,387.0,0,0,34.0
1041,29,17,36227,37021,11,6,14,1.0,對手出界,出界,,1138.0,609.0,0,0,33.0
1042,29,18,37828,37922,12,6,34,0.0,對手掛網,掛網,,391.0,506.0,0,0,35.0
1043,29,19,38349,38687,13,6,33,0.0,對手出界,出界,,390.0,385.0,0,0,35.0
1044,29,20,39233,39340,13,7,33,1.0,對手出界,出界,,1028.0,620.0,0,0,33.0
1045,29,21,39917,40121,13,8,35,1.0,對手掛網,掛網,,529.0,494.0,0,0,33.0
1046,29,22,40915,42028,13,9,35,1.0,對手未過網,未過網,,744.0,514.0,0,0,14.0
1047,29,23,43341,43468,14,9,35,0.0,落地致勝,對手落地致勝,,784.0,635.0,0,0,35.0
1048,29,24,44139,44213,14,10,14,1.0,落地致勝,對手落地致勝,,697.0,428.0,0,0,33.0
1049,29,25,44824,45062,15,10,34,0.0,落地致勝,對手落地致勝,,640.0,600.0,0,0,35.0
1050,29,26,45837,47321,16,10,33,0.0,落地致勝,對手落地致勝,,868.0,636.0,0,0,34.0
1051,29,27,48600,48816,17,10,33,0.0,對手出界,出界,,670.0,385.0,0,0,35.0
1052,29,28,49269,49815,18,10,33,0.0,對手出界,出界,,436.0,382.0,0,0,34.0
1053,29,29,50715,50897,19,10,33,0.0,落地致勝,對手落地致勝,,760.0,612.0,0,0,35.0
1054,29,30,51576,51576,20,10,33,0.0,,,,0.0,0.0,0,0,
1055,29,31,52011,53113,21,10,33,0.0,對手未過網,未過網,,683.0,384.0,0,0,35.0
1056,30,1,57393,58516,1,0,14,0.0,對手出界,出界,,322.0,539.0,0,0,34.0
1057,30,2,59438,60032,1,1,14,1.0,落地致勝,對手落地致勝,,527.0,511.0,0,0,14.0
1058,30,3,61033,61139,2,1,34,0.0,對手掛網,掛網,,521.0,489.0,0,0,34.0
1059,30,4,61599,62044,3,1,33,0.0,對手落點判斷失誤,落點判斷失誤,,736.0,391.0,0,0,35.0
1060,30,5,62519,62684,3,2,33,1.0,,,,0.0,0.0,0,0,
1061,30,6,63130,63793,4,2,35,0.0,對手出界,出界,,923.0,684.0,0,0,35.0
1062,30,7,64472,64738,5,2,14,0.0,對手出界,出界,,1069.0,527.0,0,0,35.0
1063,30,8,65572,65572,6,2,14,0.0,,,,0.0,0.0,0,0,
1064,30,9,67151,67929,7,2,14,0.0,對手掛網,掛網,,448.0,496.0,0,0,34.0
1065,30,10,68589,69208,8,2,14,0.0,對手掛網,掛網,,405.0,489.0,0,0,35.0
1066,30,11,69991,70334,9,2,14,0.0,對手掛網,掛網,,820.0,490.0,0,0,35.0
1067,30,12,70937,71395,10,2,14,0.0,對手出界,出界,,437.0,683.0,0,0,34.0
1068,30,13,72263,72845,11,2,14,0.0,落地致勝,對手落地致勝,,613.0,472.0,0,0,35.0
1069,30,14,75193,75478,11,3,14,1.0,,,,1273.0,350.0,0,0,
1070,30,15,76298,76298,11,4,34,1.0,,,,0.0,0.0,0,0,
1071,30,16,78837,79561,11,5,34,1.0,落地致勝,對手落地致勝,,914.0,518.0,0,0,14.0
1072,30,17,81370,81542,12,5,34,0.0,落地致勝,對手落地致勝,,600.0,411.0,0,0,34.0
1073,30,18,82266,82820,12,6,33,1.0,落地致勝,對手落地致勝,,929.0,541.0,0,0,33.0
1074,30,19,83623,83863,13,6,35,0.0,對手掛網,掛網,,492.0,498.0,0,0,34.0
1075,30,20,84468,84508,14,6,14,0.0,落地致勝,對手落地致勝,,870.0,404.0,0,0,34.0
1076,30,21,85046,85255,15,6,14,0.0,對手出界,出界,,277.0,649.0,0,0,34.0
1077,30,22,86144,87085,16,6,14,0.0,落地致勝,對手落地致勝,,868.0,457.0,0,0,35.0
1078,30,23,87679,89543,17,6,14,0.0,對手未過網,未過網,,710.0,492.0,0,0,35.0
1079,30,24,90418,90418,17,7,14,1.0,,,,0.0,0.0,0,0,
1080,30,25,92390,92970,18,7,34,0.0,對手未過網,未過網,,72.0,455.0,0,0,35.0
1081,30,26,93864,93985,18,8,33,1.0,對手出界,出界,,930.0,403.0,0,0,14.0
1082,30,27,94578,94690,18,9,35,1.0,對手掛網,掛網,,788.0,509.0,0,0,14.0
1083,30,28,95311,95377,19,9,35,0.0,對手掛網,掛網,,752.0,497.0,0,0,34.0
1084,30,29,95930,96192,19,10,14,1.0,對手出界,出界,,336.0,428.0,0,0,33.0
1085,30,30,96686,97309,20,10,34,0.0,對手掛網,掛網,,470.0,489.0,0,0,34.0
1086,30,31,97873,99324,21,10,33,0.0,對手掛網,掛網,,458.0,495.0,0,0,34.0
1087,31,1,16810,16880,1,0,45,0.0,對手掛網,掛網,,883.0,461.0,0,0,44.0
1088,31,2,17219,17733,2,0,24,0.0,落地致勝,對手落地致勝,,329.0,497.0,0,0,45.0
1089,31,3,18147,18534,2,1,24,1.0,落地致勝,對手落地致勝,,836.0,338.0,0,0,23.0
1090,31,4,19543,20348,3,1,44,0.0,對手掛網,掛網,,523.0,466.0,0,0,44.0
1091,31,5,21173,21497,3,2,23,1.0,對手出界,出界,,216.0,629.0,0,0,24.0
1092,31,6,22038,22290,4,2,45,0.0,落地致勝,對手落地致勝,,917.0,489.0,0,0,44.0
1093,31,7,23142,23174,4,3,24,1.0,對手出界,出界,,690.0,498.0,0,0,24.0
1094,31,8,23546,24552,4,4,44,1.0,對手掛網,掛網,,774.0,442.0,0,0,23.0
1095,31,9,25452,25552,5,4,44,0.0,對手掛網,掛網,,565.0,472.0,0,0,45.0
1096,31,10,26443,26581,6,4,23,0.0,對手掛網,掛網,,587.0,464.0,0,0,44.0
1097,31,11,27078,28089,7,4,23,0.0,對手落點判斷失誤,落點判斷失誤,,848.0,655.0,0,0,44.0
1098,31,12,29070,31351,8,4,23,0.0,對手落點判斷失誤,落點判斷失誤,,348.0,658.0,0,0,44.0
1099,31,13,32967,32979,8,5,23,1.0,對手出界,出界,,626.0,506.0,0,0,23.0
1100,31,14,33527,33842,8,6,45,1.0,對手掛網,掛網,,524.0,447.0,0,0,24.0
1101,31,15,34737,35871,9,6,45,0.0,落地致勝,對手落地致勝,,658.0,570.0,0,0,44.0
1102,31,16,37712,37902,10,6,24,0.0,對手掛網,掛網,,578.0,458.0,0,0,45.0
1103,31,17,38381,38601,10,7,24,1.0,落地致勝,對手落地致勝,,394.0,427.0,0,0,24.0
1104,31,18,39151,39450,10,8,44,1.0,對手未過網,未過網,,605.0,421.0,0,0,24.0
1105,31,19,40267,41439,11,8,44,0.0,落地致勝,對手落地致勝,,673.0,543.0,0,0,44.0
1106,31,20,44206,44622,12,8,23,0.0,對手出界,出界,,764.0,314.0,0,0,44.0
1107,31,21,45834,46021,13,8,23,0.0,對手掛網,掛網,,836.0,471.0,0,0,44.0
1108,31,22,46886,48229,14,8,23,0.0,對手掛網,掛網,,866.0,461.0,0,0,44.0
1109,31,23,49244,49286,14,9,23,1.0,落地致勝,對手落地致勝,,401.0,420.0,0,0,23.0
1110,31,24,49955,50311,15,9,45,0.0,對手未過網,未過網,,939.0,459.0,0,0,44.0
1111,31,25,50941,52337,16,9,24,0.0,對手未過網,未過網,,633.0,464.0,0,0,44.0
1112,31,26,53059,53863,16,10,24,1.0,對手掛網,掛網,,813.0,445.0,0,0,24.0
1113,31,27,55168,55340,16,11,44,1.0,對手出界,出界,,415.0,670.0,0,0,23.0
1114,31,28,55880,56709,17,11,44,0.0,落地致勝,對手落地致勝,,582.0,547.0,0,0,44.0
1115,31,29,58367,58976,17,12,23,1.0,對手未過網,未過網,,467.0,448.0,0,0,23.0
1116,31,30,60255,60327,18,12,45,0.0,落地致勝,對手落地致勝,,927.0,522.0,0,0,44.0
1117,31,31,60794,61010,19,12,24,0.0,對手掛網,掛網,,800.0,469.0,0,0,44.0
1118,31,32,61517,61729,19,13,24,1.0,落地致勝,對手落地致勝,,738.0,398.0,0,0,24.0
1119,31,33,62424,62590,20,13,44,0.0,落地致勝,對手落地致勝,,964.0,616.0,0,0,45.0
1120,31,34,63089,63256,21,13,23,0.0,對手未過網,未過網,,647.0,462.0,0,0,45.0
1121,32,1,67645,68101,0,1,24,1.0,對手掛網,掛網,,583.0,444.0,0,0,44.0
1122,32,2,70384,70672,0,2,23,1.0,對手掛網,掛網,,784.0,451.0,0,0,44.0
1123,32,3,71453,71511,1,2,23,0.0,對手掛網,掛網,,748.0,460.0,0,0,24.0
1124,32,4,72034,72048,1,3,44,1.0,對手出界,出界,,546.0,485.0,0,0,44.0
1125,32,5,72437,72900,2,3,24,0.0,對手出界,出界,,772.0,316.0,0,0,23.0
1126,32,6,73591,74221,2,4,45,1.0,對手出界,出界,,220.0,561.0,0,0,44.0
1127,32,7,74879,75979,3,4,23,0.0,對手掛網,掛網,,882.0,465.0,0,0,23.0
1128,32,8,78174,79072,3,5,44,1.0,落地致勝,對手落地致勝,,604.0,359.0,0,0,44.0
1129,32,9,79948,80003,3,6,24,1.0,對手掛網,掛網,,798.0,446.0,0,0,44.0
1130,32,10,80525,81715,4,6,24,0.0,對手出界,出界,,849.0,314.0,0,0,23.0
1131,32,11,82964,84063,4,7,45,1.0,對手出界,出界,,259.0,573.0,0,0,44.0
1132,32,12,84773,85961,5,7,23,0.0,對手掛網,掛網,,512.0,464.0,0,0,24.0
1133,32,13,87041,88103,5,8,44,1.0,對手掛網,掛網,,842.0,445.0,0,0,44.0
1134,32,14,89122,89245,6,8,24,0.0,對手掛網,掛網,,613.0,461.0,0,0,23.0
1135,32,15,90443,92217,7,8,45,0.0,對手掛網,掛網,,852.0,461.0,0,0,24.0
1136,32,16,93464,93535,7,9,45,1.0,對手掛網,掛網,,554.0,439.0,0,0,44.0
1137,32,17,93995,94214,7,10,23,1.0,落地致勝,對手落地致勝,,790.0,379.0,0,0,44.0
1138,32,18,94715,95338,7,11,23,1.0,對手出界,出界,,1042.0,570.0,0,0,44.0
1139,32,19,98234,98617,8,11,23,0.0,對手掛網,掛網,,681.0,459.0,0,0,23.0
1140,32,20,99583,100600,9,11,44,0.0,落地致勝,對手落地致勝,,740.0,503.0,0,0,24.0
1141,32,21,101676,102129,9,12,44,1.0,對手未過網,未過網,,973.0,415.0,0,0,45.0
1142,32,22,102887,103475,9,13,24,1.0,落地致勝,對手落地致勝,,878.0,411.0,0,0,44.0
1143,32,23,105107,106824,10,13,24,0.0,對手出界,出界,,458.0,316.0,0,0,24.0
1144,32,24,107849,108144,11,13,45,0.0,對手未過網,未過網,,922.0,488.0,0,0,23.0
1145,32,25,109751,112507,11,14,45,1.0,對手出界,出界,,538.0,677.0,0,0,44.0
1146,32,26,113715,114698,11,15,23,1.0,對手掛網,掛網,,690.0,446.0,0,0,45.0
1147,32,27,115528,116477,12,15,23,0.0,對手掛網,掛網,,823.0,460.0,0,0,24.0
1148,32,28,117743,117918,13,15,44,0.0,落地致勝,對手落地致勝,,748.0,574.0,0,0,23.0
1149,32,29,119671,120100,13,16,44,1.0,落地致勝,對手落地致勝,,454.0,366.0,0,0,45.0
1150,32,30,124504,128122,14,16,24,0.0,對手出界,出界,,948.0,365.0,0,0,23.0
1151,32,31,129613,129687,15,16,45,0.0,落地致勝,對手落地致勝,,603.0,602.0,0,0,23.0
1152,32,32,130635,130832,16,16,45,0.0,對手未過網,未過網,,748.0,565.0,0,0,24.0
1153,32,33,131843,133197,17,16,45,0.0,對手出界,出界,,578.0,314.0,0,0,24.0
1154,32,34,134267,134337,17,17,45,1.0,對手未過網,未過網,,1044.0,338.0,0,0,45.0
1155,32,35,134865,134893,18,17,23,0.0,對手出界,出界,,775.0,416.0,0,0,23.0
1156,32,36,135429,135706,18,18,44,1.0,對手出界,出界,,614.0,672.0,0,0,45.0
1157,32,37,136262,137388,19,18,24,0.0,對手未過網,未過網,,619.0,466.0,0,0,23.0
1158,32,38,139643,140061,19,19,45,1.0,對手掛網,掛網,,737.0,447.0,0,0,45.0
1159,32,39,141216,142421,20,19,23,0.0,對手未過網,未過網,,828.0,460.0,0,0,23.0
1160,32,40,143481,143666,21,19,44,0.0,對手掛網,掛網,,656.0,464.0,0,0,24.0
1161,33,1,148945,149598,0,1,44,1.0,對手掛網,掛網,,557.0,458.0,0,0,45.0
1162,33,2,150483,150611,0,2,24,1.0,落地致勝,對手落地致勝,,535.0,597.0,0,0,45.0
1163,33,3,151160,152137,1,2,24,0.0,對手掛網,掛網,,752.0,440.0,0,0,24.0
1164,33,4,152949,153289,1,3,45,1.0,對手出界,出界,,940.0,332.0,0,0,44.0
1165,33,5,153783,154113,1,4,23,1.0,對手出界,出界,,342.0,407.0,0,0,45.0
1166,33,6,154496,154496,1,5,23,1.0,,,,0.0,0.0,0,0,
1167,33,7,155274,155745,1,6,23,1.0,對手掛網,掛網,,902.0,464.0,0,0,44.0
1168,33,8,156246,159039,2,6,23,0.0,對手出界,出界,,276.0,509.0,0,0,24.0
1169,33,9,160153,160472,3,6,44,0.0,對手掛網,掛網,,707.0,442.0,0,0,24.0
1170,33,10,160994,161483,4,6,44,0.0,對手掛網,掛網,,656.0,450.0,0,0,23.0
1171,33,11,162466,162568,5,6,44,0.0,對手出界,出界,,1106.0,607.0,0,0,24.0
1172,33,12,163434,164540,6,6,44,0.0,對手掛網,掛網,,601.0,447.0,0,0,23.0
1173,33,13,165575,166418,7,6,44,0.0,對手出界,出界,,863.0,669.0,0,0,23.0
1174,33,14,167223,167385,7,7,44,1.0,對手未過網,未過網,,361.0,596.0,0,0,45.0
1175,33,15,169312,169453,8,7,24,0.0,對手出界,出界,,723.0,666.0,0,0,23.0
1176,33,16,170855,171243,9,7,45,0.0,對手出界,出界,,662.0,665.0,0,0,24.0
1177,33,17,171987,171987,9,8,45,1.0,,,,0.0,0.0,0,0,
1178,33,18,172881,173529,10,8,23,0.0,對手出界,出界,,764.0,670.0,0,0,24.0
1179,33,19,174359,174844,10,9,44,1.0,對手出界,出界,,956.0,352.0,0,0,44.0
1180,33,20,175570,175905,10,10,24,1.0,對手未過網,未過網,,473.0,442.0,0,0,45.0
1181,33,21,177336,177637,10,11,24,1.0,對手掛網,掛網,,499.0,460.0,0,0,44.0
1182,33,22,180297,180564,11,11,23,0.0,對手未過網,未過網,,457.0,458.0,0,0,23.0
1183,33,23,182720,182762,11,12,45,1.0,對手未過網,未過網,,938.0,355.0,0,0,44.0
1184,33,24,189179,190348,12,12,23,0.0,對手出界,出界,,374.0,336.0,0,0,24.0
1185,33,25,191096,192028,13,12,44,0.0,落地致勝,對手落地致勝,,932.0,491.0,0,0,24.0
1186,33,26,194032,194416,14,12,44,0.0,對手出界,出界,,607.0,315.0,0,0,24.0
1187,33,27,195266,196207,15,12,44,0.0,落地致勝,對手落地致勝,,921.0,491.0,0,0,23.0
1188,33,28,197472,197692,15,13,44,1.0,對手掛網,掛網,,827.0,450.0,0,0,44.0
1189,33,29,198455,198675,16,13,24,0.0,落地致勝,對手落地致勝,,715.0,621.0,0,0,23.0
1190,33,30,199608,203100,16,14,45,1.0,對手掛網,掛網,,657.0,446.0,0,0,44.0
1191,33,31,205998,206224,16,15,23,1.0,對手出界,出界,,554.0,680.0,0,0,44.0
1192,33,32,206662,207026,17,15,23,0.0,對手出界,出界,,916.0,339.0,0,0,24.0
1193,33,33,207675,207948,18,15,44,0.0,對手掛網,掛網,,686.0,458.0,0,0,23.0
1194,33,34,209093,211333,18,16,44,1.0,落地致勝,對手落地致勝,,490.0,351.0,0,0,44.0
1195,33,35,213602,213723,19,16,24,0.0,落地致勝,對手落地致勝,,884.0,496.0,0,0,24.0
1196,33,36,214450,214813,20,16,45,0.0,對手掛網,掛網,,787.0,464.0,0,0,23.0
1197,33,37,215710,215996,21,16,45,0.0,對手未過網,未過網,,621.0,462.0,0,0,24.0
1198,34,1,13913,14284,1,0,45,0.0,對手掛網,掛網,,543.0,453.0,0,0,46.0
1199,34,2,14789,17611,1,1,45,1.0,落地致勝,對手落地致勝,,535.0,603.0,0,0,45.0
1200,34,3,18833,18981,2,1,46,0.0,對手出界,出界,,245.0,638.0,0,0,46.0
1201,34,4,19420,19594,2,2,44,1.0,對手出界,出界,,790.0,321.0,0,0,45.0
1202,34,5,22253,22407,2,3,47,1.0,對手掛網,掛網,,948.0,409.0,0,0,44.0
1203,34,6,22845,23367,3,3,47,0.0,落地致勝,對手落地致勝,,890.0,420.0,0,0,47.0
1204,34,7,24162,25097,3,4,45,1.0,對手出界,出界,,938.0,341.0,0,0,45.0
1205,34,8,25914,26207,4,4,46,0.0,落地致勝,對手落地致勝,,431.0,336.0,0,0,46.0
1206,34,9,26843,28340,4,5,44,1.0,對手掛網,掛網,,513.0,463.0,0,0,44.0
1207,34,10,29434,29646,5,5,47,0.0,對手出界,出界,,439.0,664.0,0,0,47.0
1208,34,11,31419,31884,5,6,45,1.0,落地致勝,對手落地致勝,,578.0,639.0,0,0,44.0
1209,34,12,33011,33067,5,7,46,1.0,對手出界,出界,,332.0,409.0,0,0,44.0
1210,34,13,33713,34319,5,8,46,1.0,落地致勝,對手落地致勝,,682.0,491.0,0,0,45.0
1211,34,14,35888,35992,5,9,46,1.0,對手掛網,掛網,,709.0,461.0,0,0,45.0
1212,34,15,36746,37243,5,10,46,1.0,落地致勝,對手落地致勝,,347.0,597.0,0,0,45.0
1213,34,16,38245,38297,6,10,46,0.0,落地致勝,對手落地致勝,,837.0,351.0,0,0,47.0
1214,34,17,38788,40111,6,11,44,1.0,對手掛網,掛網,,446.0,459.0,0,0,44.0
1215,34,18,42587,43122,7,11,47,0.0,對手出界,出界,,1030.0,587.0,0,0,46.0
1216,34,19,44264,44437,8,11,45,0.0,對手掛網,掛網,,493.0,442.0,0,0,47.0
1217,34,20,45146,45214,8,12,45,1.0,對手掛網,掛網,,849.0,458.0,0,0,44.0
1218,34,21,45985,47904,8,13,46,1.0,落地致勝,對手落地致勝,,956.0,493.0,0,0,45.0
1219,34,22,49252,49301,9,13,46,0.0,對手掛網,掛網,,794.0,433.0,0,0,46.0
1220,34,23,49806,50166,9,14,44,1.0,對手掛網,掛網,,391.0,460.0,0,0,44.0
1221,34,24,50910,52127,10,14,47,0.0,對手掛網,掛網,,901.0,445.0,0,0,46.0
1222,34,25,53369,53490,11,14,45,0.0,對手掛網,掛網,,469.0,444.0,0,0,47.0
1223,34,26,54185,54282,11,15,45,1.0,落地致勝,對手落地致勝,,415.0,611.0,0,0,44.0
1224,34,27,55251,56845,12,15,46,0.0,落地致勝,對手落地致勝,,829.0,336.0,0,0,47.0
1225,34,28,57985,58460,12,16,44,1.0,對手出界,出界,,338.0,427.0,0,0,44.0
1226,34,29,60719,61046,13,16,47,0.0,落地致勝,對手落地致勝,,371.0,409.0,0,0,46.0
1227,34,30,62148,62430,14,16,45,0.0,對手出界,出界,,1063.0,649.0,0,0,46.0
1228,34,31,63171,63598,15,16,45,0.0,對手掛網,掛網,,457.0,445.0,0,0,46.0
1229,34,32,64899,65321,16,16,45,0.0,落地致勝,對手落地致勝,,851.0,418.0,0,0,46.0
1230,34,33,66903,66903,16,17,45,1.0,,,,0.0,0.0,0,0,
1231,34,34,67628,67698,16,18,46,1.0,對手掛網,掛網,,601.0,462.0,0,0,45.0
1232,34,35,68428,70377,17,18,46,0.0,落地致勝,對手落地致勝,,679.0,325.0,0,0,47.0
1233,34,36,72512,72832,18,18,44,0.0,落地致勝,對手落地致勝,,892.0,339.0,0,0,47.0
1234,34,37,73666,73800,19,18,44,0.0,對手掛網,掛網,,465.0,452.0,0,0,47.0
1235,34,38,74413,74526,20,18,44,0.0,落地致勝,對手落地致勝,,490.0,339.0,0,0,47.0
1236,34,39,75143,80616,20,19,44,1.0,落地致勝,對手落地致勝,,332.0,565.0,0,0,44.0
1237,34,40,84048,84340,21,19,47,0.0,對手出界,出界,,1151.0,565.0,0,0,46.0
1238,35,1,89144,89225,0,1,45,1.0,落地致勝,對手落地致勝,,447.0,491.0,0,0,46.0
1239,35,2,89711,89891,1,1,45,0.0,對手掛網,掛網,,693.0,441.0,0,0,44.0
1240,35,3,90749,91260,2,1,46,0.0,對手出界,出界,,276.0,567.0,0,0,44.0
1241,35,4,92036,92244,3,1,46,0.0,落地致勝,對手落地致勝,,709.0,389.0,0,0,45.0
1242,35,5,93117,93519,4,1,46,0.0,對手掛網,掛網,,482.0,445.0,0,0,44.0
1243,35,6,94479,94635,4,2,46,1.0,對手出界,出界,,788.0,316.0,0,0,46.0
1244,35,7,95319,95888,5,2,44,0.0,對手掛網,掛網,,714.0,443.0,0,0,44.0
1245,35,8,96772,97368,6,2,47,0.0,對手出界,出界,,1039.0,617.0,0,0,44.0
1246,35,9,101272,102812,7,2,47,0.0,落地致勝,對手落地致勝,,907.0,406.0,0,0,45.0
1247,35,10,104033,105010,8,2,47,0.0,落地致勝,對手落地致勝,,513.0,361.0,0,0,44.0
1248,35,11,105783,106879,9,2,47,0.0,對手掛網,掛網,,514.0,441.0,0,0,45.0
1249,35,12,107647,107680,10,2,47,0.0,落地致勝,對手落地致勝,,397.0,426.0,0,0,45.0
1250,35,13,108073,108646,11,2,47,0.0,落地致勝,對手落地致勝,,869.0,362.0,0,0,45.0
1251,35,14,111045,111299,12,2,47,0.0,落地致勝,對手落地致勝,,821.0,338.0,0,0,44.0
1252,35,15,111674,113837,12,3,47,1.0,對手掛網,掛網,,532.0,459.0,0,0,47.0
1253,35,16,114934,116111,12,4,45,1.0,對手掛網,掛網,,844.0,460.0,0,0,47.0
1254,35,17,116994,117108,12,5,45,1.0,對手掛網,掛網,,505.0,463.0,0,0,46.0
1255,35,18,117861,119573,13,5,45,0.0,落地致勝,對手落地致勝,,415.0,420.0,0,0,45.0
1256,35,19,120682,120886,13,6,46,1.0,對手出界,出界,,344.0,408.0,0,0,46.0
1257,35,20,121404,121549,13,7,44,1.0,對手出界,出界,,278.0,373.0,0,0,47.0
1258,35,21,122108,122644,13,8,44,1.0,對手掛網,掛網,,436.0,461.0,0,0,47.0
1259,35,22,130044,130876,13,9,44,1.0,對手掛網,掛網,,370.0,458.0,0,0,47.0
1260,35,23,131711,131838,13,10,44,1.0,落地致勝,對手落地致勝,,551.0,587.0,0,0,46.0
1261,35,24,132719,133077,13,11,44,1.0,落地致勝,對手落地致勝,,953.0,492.0,0,0,47.0
1262,35,25,137797,137973,13,12,47,1.0,對手掛網,掛網,,399.0,467.0,0,0,46.0
1263,35,26,138810,139673,14,12,44,0.0,落地致勝,對手落地致勝,,464.0,324.0,0,0,45.0
1264,35,27,140738,141148,15,12,46,0.0,落地致勝,對手落地致勝,,421.0,337.0,0,0,45.0
1265,35,28,142041,147065,15,13,46,1.0,落地致勝,對手落地致勝,,262.0,611.0,0,0,47.0
1266,35,29,150383,150439,15,14,44,1.0,對手掛網,掛網,,924.0,457.0,0,0,46.0
1267,35,30,151908,152173,15,15,47,1.0,對手掛網,掛網,,645.0,477.0,0,0,47.0
1268,35,31,153015,154134,16,15,45,0.0,落地致勝,對手落地致勝,,442.0,330.0,0,0,45.0
1269,35,32,155913,156077,16,16,46,1.0,落地致勝,對手落地致勝,,525.0,615.0,0,0,47.0
1270,35,33,156747,158474,16,17,44,1.0,對手掛網,掛網,,730.0,459.0,0,0,46.0
1271,35,34,159527,159729,16,18,44,1.0,落地致勝,對手落地致勝,,439.0,567.0,0,0,47.0
1272,35,35,160409,161539,17,18,44,0.0,對手掛網,掛網,,466.0,446.0,0,0,44.0
1273,35,36,171223,171560,17,19,47,1.0,對手掛網,掛網,,806.0,457.0,0,0,46.0
1274,35,37,172552,172646,17,20,45,1.0,對手出界,出界,,936.0,406.0,0,0,46.0
1275,35,38,174372,175366,18,20,45,0.0,落地致勝,對手落地致勝,,405.0,420.0,0,0,44.0
1276,36,1,10257,10464,1,0,13,0.0,對手掛網,掛網,,764.0,491.0,0,0,49.0
1277,36,2,10833,10904,1,1,13,1.0,落地致勝,對手落地致勝,,724.0,580.0,0,0,12.0
1278,36,3,11311,11378,2,1,49,0.0,對手出界,出界,,252.0,605.0,0,0,48.0
1279,36,4,11885,12876,2,2,12,1.0,對手出界,出界,,650.0,354.0,0,0,13.0
1280,36,5,13736,14305,2,3,48,1.0,對手出界,出界,,607.0,355.0,0,0,12.0
1281,36,6,15487,15567,3,3,48,0.0,對手未過網,未過網,,937.0,473.0,0,0,49.0
1282,36,7,16162,16436,4,3,13,0.0,對手未過網,未過網,,1111.0,472.0,0,0,48.0
1283,36,8,17086,17568,4,4,13,1.0,對手掛網,掛網,,856.0,495.0,0,0,13.0
1284,36,9,18332,18529,5,4,49,0.0,落地致勝,對手落地致勝,,559.0,409.0,0,0,48.0
1285,36,10,19246,19897,5,5,12,1.0,對手出界,出界,,919.0,428.0,0,0,13.0
1286,36,11,20714,21115,6,5,48,0.0,落地致勝,對手落地致勝,,685.0,455.0,0,0,49.0
1287,36,12,21850,22510,7,5,13,0.0,對手落點判斷失誤,落點判斷失誤,,394.0,358.0,0,0,48.0
1288,36,13,23972,24049,8,5,13,0.0,落地致勝,對手落地致勝,,482.0,366.0,0,0,49.0
1289,36,14,24583,24787,9,5,13,0.0,對手落點判斷失誤,落點判斷失誤,,881.0,380.0,0,0,48.0
1290,36,15,25319,25396,10,5,13,0.0,對手未過網,未過網,,391.0,430.0,0,0,48.0
1291,36,16,26163,26276,10,6,13,1.0,落地致勝,對手落地致勝,,578.0,535.0,0,0,12.0
1292,36,17,26869,26920,11,6,49,0.0,對手掛網,掛網,,707.0,486.0,0,0,49.0
1293,36,18,29168,29605,12,6,12,0.0,對手未過網,未過網,,743.0,476.0,0,0,49.0
1294,36,19,30265,30656,12,7,12,1.0,對手掛網,掛網,,786.0,493.0,0,0,12.0
1295,36,20,31535,31659,12,8,48,1.0,對手出界,出界,,714.0,354.0,0,0,13.0
1296,36,21,32170,32448,13,8,48,0.0,落地致勝,對手落地致勝,,517.0,445.0,0,0,48.0
1297,36,22,32999,33363,13,9,13,1.0,對手出界,出界,,788.0,352.0,0,0,12.0
1298,36,23,34069,34368,14,9,49,0.0,對手未過網,未過網,,352.0,495.0,0,0,48.0
1299,36,24,35258,35390,15,9,12,0.0,落地致勝,對手落地致勝,,830.0,414.0,0,0,48.0
1300,36,25,36339,36593,16,9,12,0.0,對手未過網,未過網,,842.0,365.0,0,0,48.0
1301,36,26,37180,38520,17,9,12,0.0,對手掛網,掛網,,387.0,486.0,0,0,49.0
1302,36,27,39314,39553,17,10,12,1.0,對手掛網,掛網,,726.0,494.0,0,0,12.0
1303,36,28,40335,40420,17,11,48,1.0,落地致勝,對手落地致勝,,855.0,578.0,0,0,13.0
1304,36,29,40937,40981,18,11,48,0.0,對手出界,出界,,246.0,635.0,0,0,48.0
1305,36,30,41423,41551,19,11,13,0.0,對手出界,出界,,865.0,693.0,0,0,48.0
1306,36,31,41987,42224,20,11,13,0.0,對手落點判斷失誤,落點判斷失誤,,546.0,360.0,0,0,48.0
1307,36,32,42656,42867,20,12,13,1.0,落地致勝,對手落地致勝,,798.0,560.0,0,0,12.0
1308,36,33,43441,43704,21,12,49,0.0,對手掛網,掛網,,733.0,489.0,0,0,49.0
1309,37,1,47871,49441,1,0,13,0.0,對手掛網,掛網,,529.0,494.0,0,0,49.0
1310,37,2,50356,51049,2,0,13,0.0,落地致勝,對手落地致勝,,560.0,534.0,0,0,48.0
1311,37,3,51928,52000,2,1,13,1.0,落地致勝,對手落地致勝,,833.0,446.0,0,0,12.0
1312,37,4,52675,52747,3,1,49,0.0,對手出界,出界,,778.0,353.0,0,0,48.0
1313,37,5,53331,53624,3,2,12,1.0,對手出界,出界,,960.0,546.0,0,0,13.0
1314,37,6,54241,54300,4,2,48,0.0,對手掛網,掛網,,646.0,496.0,0,0,49.0
1315,37,7,54837,55678,4,3,13,1.0,落地致勝,對手落地致勝,,490.0,429.0,0,0,12.0
1316,37,8,56547,56603,4,4,49,1.0,對手掛網,掛網,,715.0,486.0,0,0,12.0
1317,37,9,57368,57638,4,5,49,1.0,對手未過網,未過網,,433.0,398.0,0,0,12.0
1318,37,10,58298,59277,5,5,49,0.0,對手出界,出界,,327.0,381.0,0,0,49.0
1319,37,11,60542,60603,5,6,12,1.0,對手出界,出界,,960.0,541.0,0,0,13.0
1320,37,12,61250,61726,5,7,48,1.0,對手未過網,未過網,,1016.0,484.0,0,0,12.0
1321,37,13,62725,62803,5,8,48,1.0,對手出界,出界,,267.0,578.0,0,0,12.0
1322,37,14,63228,63312,6,8,48,0.0,對手落點判斷失誤,落點判斷失誤,,301.0,684.0,0,0,49.0
1323,37,15,64821,64898,7,8,13,0.0,對手未過網,未過網,,758.0,495.0,0,0,48.0
1324,37,16,65432,66865,8,8,13,0.0,落地致勝,對手落地致勝,,706.0,621.0,0,0,48.0
1325,37,17,67888,68798,9,8,13,0.0,對手落點判斷失誤,落點判斷失誤,,617.0,673.0,0,0,48.0
1326,37,18,69802,69898,9,9,13,1.0,對手未過網,未過網,,741.0,428.0,0,0,13.0
1327,37,19,70701,70773,10,9,49,0.0,對手掛網,掛網,,340.0,500.0,0,0,49.0
1328,37,20,71478,71679,11,9,12,0.0,對手落點判斷失誤,落點判斷失誤,,259.0,657.0,0,0,48.0
1329,37,21,74044,74746,12,9,12,0.0,對手掛網,掛網,,513.0,492.0,0,0,48.0
1330,37,22,76169,76329,13,9,12,0.0,對手掛網,掛網,,396.0,495.0,0,0,49.0
1331,37,23,77025,77369,13,10,12,1.0,對手掛網,掛網,,532.0,489.0,0,0,13.0
1332,37,24,78111,78315,14,10,48,0.0,對手掛網,掛網,,463.0,496.0,0,0,49.0
1333,37,25,78964,79495,15,10,13,0.0,對手未過網,未過網,,761.0,458.0,0,0,49.0
1334,37,26,80171,80456,16,10,13,0.0,對手掛網,掛網,,595.0,492.0,0,0,48.0
1335,37,27,81031,81090,16,11,13,1.0,對手出界,出界,,1095.0,583.0,0,0,12.0
1336,37,28,81718,81981,17,11,49,0.0,對手掛網,掛網,,817.0,500.0,0,0,49.0
1337,37,29,82720,82870,17,12,12,1.0,對手出界,出界,,995.0,599.0,0,0,12.0
1338,37,30,83857,83929,18,12,48,0.0,落地致勝,對手落地致勝,,581.0,660.0,0,0,49.0
1339,37,31,84356,84682,19,12,13,0.0,對手出界,出界,,300.0,401.0,0,0,48.0
1340,37,32,85094,85094,20,12,13,0.0,,,,0.0,0.0,0,0,
1341,37,33,85934,86390,21,12,13,0.0,落地致勝,對手落地致勝,,705.0,661.0,0,0,48.0
1342,38,1,10572,10749,1,0,50,0.0,落地致勝,對手落地致勝,,859.0,448.0,0,0,50.0
1343,38,2,11260,11344,2,0,12,0.0,對手出界,出界,,1005.0,534.0,0,0,50.0
1344,38,3,11737,11774,2,1,12,1.0,落地致勝,對手落地致勝,,508.0,680.0,0,0,13.0
1345,38,4,12120,12170,3,1,51,0.0,落地致勝,對手落地致勝,,449.0,359.0,0,0,50.0
1346,38,5,12636,12814,4,1,13,0.0,落地致勝,對手落地致勝,,396.0,368.0,0,0,51.0
1347,38,6,13320,13402,5,1,13,0.0,落地致勝,對手落地致勝,,403.0,358.0,0,0,51.0
1348,38,7,13816,13889,6,1,13,0.0,落地致勝,對手落地致勝,,908.0,436.0,0,0,50.0
1349,38,8,14297,14442,7,1,13,0.0,對手出界,出界,,1013.0,703.0,0,0,51.0
1350,38,9,14870,15032,7,2,13,1.0,對手未過網,未過網,,442.0,506.0,0,0,12.0
1351,38,10,15587,15840,8,2,50,0.0,落地致勝,對手落地致勝,,528.0,450.0,0,0,50.0
1352,38,11,16336,16445,9,2,12,0.0,落地致勝,對手落地致勝,,855.0,464.0,0,0,50.0
1353,38,12,16929,17400,9,3,12,1.0,落地致勝,對手落地致勝,,693.0,621.0,0,0,12.0
1354,38,13,18024,18311,10,3,51,0.0,對手掛網,掛網,,452.0,480.0,0,0,50.0
1355,38,14,18900,18938,10,4,13,1.0,落地致勝,對手落地致勝,,989.0,675.0,0,0,12.0
1356,38,15,19656,19865,11,4,50,0.0,對手出界,出界,,310.0,690.0,0,0,50.0
1357,38,16,22677,22911,12,4,12,0.0,落地致勝,對手落地致勝,,876.0,371.0,0,0,50.0
1358,38,17,23557,23818,13,4,12,0.0,落地致勝,對手落地致勝,,795.0,373.0,0,0,50.0
1359,38,18,24472,24557,13,5,12,1.0,對手未過網,未過網,,1191.0,613.0,0,0,12.0
1360,38,19,25028,25096,14,5,51,0.0,對手掛網,掛網,,858.0,475.0,0,0,50.0
1361,38,20,25519,25948,14,6,13,1.0,對手掛網,掛網,,859.0,495.0,0,0,12.0
1362,38,21,26496,26721,15,6,50,0.0,對手出界,出界,,866.0,690.0,0,0,51.0
1363,38,22,27509,27689,16,6,12,0.0,對手掛網,掛網,,496.0,480.0,0,0,51.0
1364,38,23,28302,28444,16,7,12,1.0,對手出界,出界,,842.0,359.0,0,0,12.0
1365,38,24,28945,29006,17,7,51,0.0,對手掛網,掛網,,857.0,473.0,0,0,50.0
1366,38,25,29514,29708,17,8,13,1.0,對手掛網,掛網,,698.0,495.0,0,0,13.0
1367,38,26,30246,30628,17,9,50,1.0,對手掛網,掛網,,408.0,496.0,0,0,13.0
1368,38,27,31365,31626,18,9,50,0.0,落地致勝,對手落地致勝,,374.0,369.0,0,0,50.0
1369,38,28,32227,32378,18,10,12,1.0,對手出界,出界,,798.0,359.0,0,0,12.0
1370,38,29,33634,33783,19,10,51,0.0,對手出界,出界,,1198.0,354.0,0,0,51.0
1371,38,30,34327,34794,19,11,13,1.0,,,,0.0,0.0,0,0,
1372,38,31,35860,35860,20,11,13,0.0,,,,0.0,0.0,0,0,
1373,38,32,36245,36295,20,12,51,1.0,,,,0.0,0.0,0,0,
1374,38,33,36991,37048,20,13,51,1.0,對手掛網,掛網,,908.0,508.0,0,0,12.0
1375,38,34,37542,37733,21,13,51,0.0,落地致勝,對手落地致勝,,540.0,402.0,0,0,51.0
1376,39,1,42072,42204,0,1,13,1.0,對手未過網,未過網,,16.0,385.0,0,0,13.0
1377,39,2,42724,43389,1,1,51,0.0,落地致勝,對手落地致勝,,455.0,497.0,0,0,50.0
1378,39,3,44322,44667,2,1,12,0.0,對手掛網,掛網,,488.0,498.0,0,0,50.0
1379,39,4,45339,45496,3,1,12,0.0,對手掛網,掛網,,694.0,500.0,0,0,51.0
1380,39,5,46212,46229,4,1,12,0.0,落地致勝,對手落地致勝,,600.0,539.0,0,0,51.0
1381,39,6,46698,46914,4,2,12,1.0,對手掛網,掛網,,432.0,473.0,0,0,12.0
1382,39,7,47651,47821,4,3,50,1.0,落地致勝,對手落地致勝,,901.0,442.0,0,0,12.0
1383,39,8,48681,48944,5,3,50,0.0,對手未過網,未過網,,358.0,602.0,0,0,51.0
1384,39,9,49693,49887,6,3,13,0.0,對手出界,出界,,503.0,352.0,0,0,50.0
1385,39,10,50375,50714,7,3,13,0.0,對手出界,出界,,795.0,350.0,0,0,51.0
1386,39,11,51480,51501,7,4,13,1.0,對手犯規,犯規,,488.0,605.0,0,0,13.0
1387,39,12,52137,52181,8,4,51,0.0,對手掛網,掛網,,624.0,496.0,0,0,50.0
1388,39,13,52757,52900,8,5,12,1.0,對手未過網,未過網,,594.0,486.0,0,0,12.0
1389,39,14,53489,53696,8,6,50,1.0,對手出界,出界,,236.0,681.0,0,0,13.0
1390,39,15,54525,54574,9,6,50,0.0,對手出界,出界,,217.0,408.0,0,0,50.0
1391,39,16,55067,55091,9,7,13,1.0,對手出界,出界,,552.0,527.0,0,0,13.0
1392,39,17,55538,55574,10,7,51,0.0,落地致勝,對手落地致勝,,872.0,608.0,0,0,50.0
1393,39,18,56220,56717,11,7,12,0.0,落地致勝,對手落地致勝,,540.0,658.0,0,0,51.0
1394,39,19,59321,60034,11,8,12,1.0,對手未過網,未過網,,758.0,487.0,0,0,12.0
1395,39,20,60901,61142,11,9,50,1.0,對手出界,出界,,970.0,561.0,0,0,12.0
1396,39,21,61804,62322,12,9,50,0.0,對手出界,出界,,623.0,351.0,0,0,50.0
1397,39,22,63118,63203,13,9,13,0.0,對手出界,出界,,890.0,373.0,0,0,51.0
1398,39,23,64443,64481,13,10,13,1.0,落地致勝,對手落地致勝,,381.0,410.0,0,0,12.0
1399,39,24,65005,65150,14,10,51,0.0,對手出界,出界,,575.0,352.0,0,0,51.0
1400,39,25,65715,66032,15,10,12,0.0,落地致勝,對手落地致勝,,409.0,658.0,0,0,50.0
1401,39,26,66789,67228,16,10,12,0.0,對手出界,出界,,911.0,416.0,0,0,50.0
1402,39,27,68071,68743,16,11,12,1.0,對手出界,出界,,1226.0,562.0,0,0,12.0
1403,39,28,69813,69952,16,12,50,1.0,對手出界,出界,,1019.0,645.0,0,0,12.0
1404,39,29,70938,71039,17,12,50,0.0,對手出界,出界,,220.0,422.0,0,0,51.0
1405,39,30,71569,71725,17,13,13,1.0,落地致勝,對手落地致勝,,813.0,363.0,0,0,12.0
1406,39,31,72316,72460,18,13,51,0.0,,,,0.0,0.0,0,0,
1407,39,32,73070,73674,18,14,12,1.0,落地致勝,對手落地致勝,,885.0,384.0,0,0,13.0
1408,39,33,74665,74721,19,14,50,0.0,對手掛網,掛網,,893.0,495.0,0,0,51.0
1409,39,34,75387,75458,19,15,13,1.0,對手出界,出界,,1094.0,648.0,0,0,12.0
1410,39,35,76041,76252,19,16,51,1.0,落地致勝,對手落地致勝,,837.0,362.0,0,0,12.0
1411,39,36,77163,77590,19,17,51,1.0,落地致勝,對手落地致勝,,526.0,433.0,0,0,12.0
1412,39,37,79351,79645,20,17,51,0.0,對手掛網,掛網,,378.0,500.0,0,0,51.0
1413,39,38,80494,81138,21,17,12,0.0,落地致勝,對手落地致勝,,929.0,548.0,0,0,51.0
1414,40,1,12073,12568,1,0,14,0.0,落地致勝,對手落地致勝,,892.0,588.0,0,0,14.0
1415,40,2,13202,13386,1,1,50,1.0,落地致勝,對手落地致勝,,528.0,434.0,0,0,50.0
1416,40,3,13835,14569,2,1,33,0.0,對手掛網,掛網,,447.0,479.0,0,0,33.0
1417,40,4,15337,15400,2,2,51,1.0,對手掛網,掛網,,858.0,525.0,0,0,50.0
1418,40,5,15724,15938,2,3,14,1.0,對手掛網,掛網,,744.0,519.0,0,0,51.0
1419,40,6,16417,16482,2,4,14,1.0,落地致勝,對手落地致勝,,736.0,369.0,0,0,51.0
1420,40,7,16912,16985,3,4,14,0.0,落地致勝,對手落地致勝,,622.0,673.0,0,0,14.0
1421,40,8,17539,17791,4,4,50,0.0,落地致勝,對手落地致勝,,964.0,629.0,0,0,14.0
1422,40,9,18416,18944,5,4,50,0.0,對手出界,出界,,933.0,421.0,0,0,14.0
1423,40,10,19583,19791,5,5,50,1.0,對手掛網,掛網,,559.0,532.0,0,0,50.0
1424,40,11,20431,20830,6,5,33,0.0,對手掛網,掛網,,535.0,391.0,0,0,33.0
1425,40,12,21384,22799,6,6,51,1.0,對手出界,出界,,208.0,664.0,0,0,50.0
1426,40,13,23817,24092,7,6,14,0.0,對手出界,出界,,479.0,350.0,0,0,33.0
1427,40,14,24690,24811,8,6,50,0.0,對手出界,出界,,773.0,350.0,0,0,33.0
1428,40,15,25334,25928,9,6,50,0.0,對手未過網,未過網,,794.0,481.0,0,0,33.0
1429,40,16,27283,27323,9,7,50,1.0,對手未過網,未過網,,425.0,497.0,0,0,51.0
1430,40,17,27746,28840,10,7,33,0.0,對手出界,出界,,940.0,400.0,0,0,33.0
1431,40,18,29874,30092,11,7,51,0.0,對手出界,出界,,439.0,351.0,0,0,14.0
1432,40,19,32397,33332,12,7,51,0.0,落地致勝,對手落地致勝,,882.0,556.0,0,0,33.0
1433,40,20,34239,34298,13,7,51,0.0,落地致勝,對手落地致勝,,333.0,537.0,0,0,33.0
1434,40,21,34797,35125,13,8,51,1.0,對手掛網,掛網,,858.0,501.0,0,0,50.0
1435,40,22,35731,35926,14,8,14,0.0,對手掛網,掛網,,519.0,425.0,0,0,33.0
1436,40,23,36701,36765,14,9,50,1.0,對手落點判斷失誤,落點判斷失誤,,840.0,393.0,0,0,51.0
1437,40,24,37193,37376,14,10,14,1.0,落地致勝,對手落地致勝,,510.0,369.0,0,0,50.0
1438,40,25,37946,37963,15,10,33,0.0,落地致勝,對手落地致勝,,566.0,635.0,0,0,14.0
1439,40,26,38566,38689,15,11,51,1.0,對手未過網,未過網,,323.0,378.0,0,0,50.0
1440,40,27,39211,39360,16,11,14,0.0,對手掛網,掛網,,437.0,392.0,0,0,33.0
1441,40,28,40165,40497,16,12,50,1.0,對手出界,出界,,270.0,541.0,0,0,51.0
1442,40,29,41189,41679,17,12,14,0.0,對手出界,出界,,489.0,350.0,0,0,14.0
1443,40,30,42914,43005,18,12,51,0.0,落地致勝,對手落地致勝,,576.0,502.0,0,0,14.0
1444,40,31,43481,43590,19,12,51,0.0,對手掛網,掛網,,801.0,488.0,0,0,33.0
1445,40,32,44205,44626,19,13,51,1.0,對手出界,出界,,1121.0,556.0,0,0,50.0
1446,40,33,45080,45148,19,14,33,1.0,對手出界,出界,,251.0,580.0,0,0,50.0
1447,40,34,45639,45801,19,15,14,1.0,落地致勝,對手落地致勝,,778.0,380.0,0,0,51.0
1448,40,35,46285,47236,19,16,14,1.0,對手掛網,掛網,,861.0,505.0,0,0,50.0
1449,40,36,48377,48731,20,16,14,0.0,對手掛網,掛網,,431.0,386.0,0,0,33.0
1450,40,37,49568,49625,20,17,50,1.0,對手出界,出界,,998.0,644.0,0,0,51.0
1451,40,38,50079,50141,21,17,33,0.0,落地致勝,對手落地致勝,,843.0,618.0,0,0,33.0
1452,41,1,54199,54488,1,0,50,0.0,落地致勝,對手落地致勝,,518.0,434.0,0,0,33.0
1453,41,2,55035,55122,2,0,50,0.0,對手出界,出界,,334.0,701.0,0,0,14.0
1454,41,3,55586,55916,2,1,50,1.0,對手掛網,掛網,,771.0,408.0,0,0,50.0
1455,41,4,56438,56520,2,2,14,1.0,對手出界,出界,,665.0,351.0,0,0,51.0
1456,41,5,56835,56894,3,2,14,0.0,對手掛網,掛網,,349.0,522.0,0,0,33.0
1457,41,6,57369,57499,4,2,51,0.0,落地致勝,對手落地致勝,,522.0,407.0,0,0,14.0
1458,41,7,57974,58456,5,2,51,0.0,落地致勝,對手落地致勝,,823.0,378.0,0,0,14.0
1459,41,8,59246,59355,5,3,51,1.0,對手掛網,掛網,,655.0,385.0,0,0,51.0
1460,41,9,59708,59836,6,3,33,0.0,對手出界,出界,,606.0,526.0,0,0,33.0
1461,41,10,60278,60466,7,3,50,0.0,落地致勝,對手落地致勝,,410.0,377.0,0,0,33.0
1462,41,11,61648,62119,8,3,50,0.0,落地致勝,對手落地致勝,,720.0,383.0,0,0,14.0
1463,41,12,63046,63161,8,4,50,1.0,對手出界,出界,,322.0,381.0,0,0,51.0
1464,41,13,63607,63677,9,4,33,0.0,落地致勝,對手落地致勝,,503.0,362.0,0,0,14.0
1465,41,14,64328,64409,9,5,51,1.0,對手出界,出界,,511.0,351.0,0,0,51.0
1466,41,15,64834,65121,10,5,33,0.0,落地致勝,對手落地致勝,,886.0,422.0,0,0,14.0
1467,41,16,66205,66274,10,6,50,1.0,對手出界,出界,,476.0,351.0,0,0,51.0
1468,41,17,67474,67974,11,6,14,0.0,對手未過網,未過網,,454.0,537.0,0,0,14.0
1469,41,18,70594,71714,12,6,51,0.0,,,,400.0,364.0,0,0,
1470,41,19,73105,74251,13,6,51,0.0,對手掛網,掛網,,585.0,569.0,0,0,33.0
1471,41,20,75458,75518,14,6,51,0.0,對手出界,出界,,234.0,615.0,0,0,33.0
1472,41,21,79229,79465,15,6,51,0.0,對手未過網,未過網,,431.0,504.0,0,0,33.0
1473,41,22,80305,80596,16,6,51,0.0,落地致勝,對手落地致勝,,387.0,368.0,0,0,33.0
1474,41,23,81461,81690,17,6,51,0.0,對手掛網,掛網,,655.0,518.0,0,0,33.0
1475,41,24,82426,83006,18,6,51,0.0,對手掛網,掛網,,750.0,572.0,0,0,33.0
1476,41,25,83869,83892,18,7,51,1.0,對手出界,出界,,525.0,449.0,0,0,51.0
1477,41,26,84231,84907,19,7,33,0.0,對手掛網,掛網,,412.0,557.0,0,0,14.0
1478,41,27,85749,86941,20,7,50,0.0,對手未過網,未過網,,880.0,602.0,0,0,14.0
1479,41,28,87746,87938,21,7,50,0.0,對手出界,出界,,295.0,697.0,0,0,14.0
1480,42,1,10006,10054,0,1,18,1.0,對手掛網,掛網,,601.0,465.0,0,0,19.0
1481,42,2,10366,10464,0,2,8,1.0,對手掛網,掛網,,588.0,464.0,0,0,18.0
1482,42,3,10780,10920,0,3,8,1.0,落地致勝,對手落地致勝,,583.0,602.0,0,0,19.0
1483,42,4,11262,11312,1,3,8,0.0,對手掛網,掛網,,619.0,451.0,0,0,8.0
1484,42,5,11661,11768,1,4,19,1.0,對手掛網,掛網,,731.0,466.0,0,0,19.0
1485,42,6,12196,12299,2,4,7,0.0,落地致勝,對手落地致勝,,829.0,341.0,0,0,8.0
1486,42,7,12730,12922,2,5,18,1.0,對手未過網,未過網,,59.0,454.0,0,0,19.0
1487,42,8,13534,13752,3,5,8,0.0,對手出界,出界,,262.0,531.0,0,0,8.0
1488,42,9,14352,14497,4,5,19,0.0,對手未過網,未過網,,754.0,330.0,0,0,8.0
1489,42,10,14935,15004,5,5,19,0.0,對手未過網,未過網,,148.0,380.0,0,0,8.0
1490,42,11,15892,16190,6,5,19,0.0,落地致勝,對手落地致勝,,740.0,331.0,0,0,7.0
1491,42,12,16629,16804,7,5,19,0.0,落地致勝,對手落地致勝,,779.0,434.0,0,0,7.0
1492,42,13,17306,17496,7,6,19,1.0,對手掛網,掛網,,513.0,461.0,0,0,19.0
1493,42,14,17936,17961,8,6,7,0.0,對手掛網,掛網,,688.0,451.0,0,0,7.0
1494,42,15,18476,18586,8,7,18,1.0,對手出界,出界,,500.0,323.0,0,0,19.0
1495,42,16,18986,19157,8,8,8,1.0,對手掛網,掛網,,491.0,463.0,0,0,19.0
1496,42,17,19728,19902,9,8,8,0.0,落地致勝,對手落地致勝,,675.0,366.0,0,0,7.0
1497,42,18,20619,20898,10,8,19,0.0,落地致勝,對手落地致勝,,630.0,330.0,0,0,7.0
1498,42,19,21518,21549,11,8,19,0.0,落地致勝,對手落地致勝,,585.0,344.0,0,0,8.0
1499,42,20,23354,23430,11,9,19,1.0,落地致勝,對手落地致勝,,966.0,506.0,0,0,18.0
1500,42,21,23786,23913,12,9,7,0.0,對手出界,出界,,157.0,588.0,0,0,7.0
1501,42,22,24425,24515,13,9,18,0.0,對手出界,出界,,440.0,694.0,0,0,8.0
1502,42,23,24958,25140,14,9,18,0.0,對手出界,出界,,1038.0,504.0,0,0,8.0
1503,42,24,25794,25949,14,10,18,1.0,對手掛網,掛網,,574.0,464.0,0,0,18.0
1504,42,25,26479,26649,14,11,8,1.0,落地致勝,對手落地致勝,,1035.0,638.0,0,0,18.0
1505,42,26,27180,27347,15,11,8,0.0,落地致勝,對手落地致勝,,603.0,374.0,0,0,8.0
1506,42,27,28228,28414,15,12,19,1.0,對手出界,出界,,427.0,319.0,0,0,19.0
1507,42,28,28919,29021,16,12,7,0.0,落地致勝,對手落地致勝,,767.0,444.0,0,0,8.0
1508,42,29,29534,29608,17,12,18,0.0,對手掛網,掛網,,904.0,453.0,0,0,8.0
1509,42,30,30016,30137,17,13,18,1.0,落地致勝,對手落地致勝,,520.0,561.0,0,0,18.0
1510,42,31,30824,30911,17,14,8,1.0,落地致勝,對手落地致勝,,356.0,610.0,0,0,19.0
1511,42,32,31664,32026,18,14,8,0.0,對手未過網,未過網,,546.0,371.0,0,0,8.0
1512,42,33,32861,32904,18,15,19,1.0,落地致勝,對手落地致勝,,540.0,465.0,0,0,19.0
1513,42,34,33335,33426,18,16,7,1.0,對手掛網,掛網,,667.0,465.0,0,0,19.0
1514,42,35,34152,34277,19,16,7,0.0,落地致勝,對手落地致勝,,531.0,365.0,0,0,7.0
1515,42,36,36948,37028,20,16,18,0.0,落地致勝,對手落地致勝,,372.0,354.0,0,0,7.0
1516,42,37,37547,37648,20,17,18,1.0,對手出界,出界,,755.0,321.0,0,0,19.0
1517,42,38,38109,38298,20,18,8,1.0,對手掛網,掛網,,591.0,463.0,0,0,19.0
1518,42,39,38866,38930,21,18,8,0.0,落地致勝,對手落地致勝,,781.0,358.0,0,0,8.0
1519,43,1,42869,43058,1,0,18,0.0,落地致勝,對手落地致勝,,547.0,617.0,0,0,7.0
1520,43,2,43480,43567,2,0,18,0.0,對手未過網,未過網,,987.0,468.0,0,0,7.0
1521,43,3,44067,44196,2,1,18,1.0,對手掛網,掛網,,566.0,452.0,0,0,18.0
1522,43,4,44932,45134,3,1,7,0.0,對手掛網,掛網,,594.0,463.0,0,0,8.0
1523,43,5,45660,45905,3,2,19,1.0,對手出界,出界,,1058.0,642.0,0,0,18.0
1524,43,6,46557,46598,3,3,8,1.0,對手出界,出界,,541.0,696.0,0,0,18.0
1525,43,7,46916,47343,3,4,8,1.0,落地致勝,對手落地致勝,,452.0,344.0,0,0,18.0
1526,43,8,48132,48507,4,4,8,0.0,對手出界,出界,,488.0,317.0,0,0,8.0
1527,43,9,49244,49275,4,5,18,1.0,對手出界,出界,,696.0,498.0,0,0,18.0
1528,43,10,49661,49758,4,6,7,1.0,對手未過網,未過網,,386.0,372.0,0,0,18.0
1529,43,11,50739,50803,5,6,7,0.0,對手掛網,掛網,,529.0,471.0,0,0,7.0
1530,43,12,51345,51675,5,7,19,1.0,落地致勝,對手落地致勝,,346.0,397.0,0,0,19.0
1531,43,13,53456,53548,6,7,8,0.0,對手出界,出界,,940.0,330.0,0,0,7.0
1532,43,14,54049,54115,7,7,18,0.0,對手掛網,掛網,,632.0,461.0,0,0,7.0
1533,43,15,54532,54701,8,7,18,0.0,對手出界,出界,,822.0,316.0,0,0,8.0
1534,43,16,55251,55314,9,7,18,0.0,對手掛網,掛網,,809.0,464.0,0,0,8.0
1535,43,17,55859,55960,10,7,18,0.0,對手掛網,掛網,,757.0,465.0,0,0,7.0
1536,43,18,56457,56541,10,8,18,1.0,對手出界,出界,,155.0,524.0,0,0,18.0
1537,43,19,57778,57846,10,9,7,1.0,對手掛網,掛網,,434.0,450.0,0,0,19.0
1538,43,20,58201,58323,11,9,7,0.0,對手出界,出界,,830.0,323.0,0,0,8.0
1539,43,21,60181,60246,12,9,19,0.0,對手出界,出界,,826.0,316.0,0,0,8.0
1540,43,22,61273,61316,12,10,19,1.0,落地致勝,對手落地致勝,,860.0,430.0,0,0,18.0
1541,43,23,61714,61714,13,10,8,0.0,,,,0.0,0.0,0,0,
1542,43,24,62187,62243,13,11,18,1.0,對手未過網,未過網,,536.0,385.0,0,0,18.0
1543,43,25,62594,62831,14,11,7,0.0,對手掛網,掛網,,780.0,466.0,0,0,7.0
1544,43,26,63510,63720,14,12,19,1.0,對手掛網,掛網,,753.0,454.0,0,0,18.0
1545,43,27,64143,64218,14,13,8,1.0,對手未過網,未過網,,153.0,343.0,0,0,18.0
1546,43,28,64787,64872,14,14,8,1.0,對手掛網,掛網,,703.0,451.0,0,0,19.0
1547,43,29,65192,65192,15,14,8,0.0,,,,0.0,0.0,0,0,
1548,43,30,65972,66584,15,15,18,1.0,對手出界,出界,,49.0,497.0,0,0,18.0
1549,43,31,67907,68828,15,16,7,1.0,對手掛網,掛網,,828.0,446.0,0,0,19.0
1550,43,32,70623,70657,15,17,7,1.0,對手掛網,掛網,,570.0,451.0,0,0,19.0
1551,43,33,71252,71376,15,18,7,1.0,落地致勝,對手落地致勝,,476.0,410.0,0,0,18.0
1552,43,34,71931,72018,16,18,7,0.0,對手出界,出界,,557.0,321.0,0,0,7.0
1553,43,35,72667,72812,17,18,19,0.0,對手掛網,掛網,,698.0,464.0,0,0,7.0
1554,43,36,74567,75407,18,18,19,0.0,落地致勝,對手落地致勝,,1011.0,652.0,0,0,7.0
1555,43,37,77612,77665,18,19,19,1.0,對手掛網,掛網,,677.0,452.0,0,0,19.0
1556,43,38,78666,78723,19,19,8,0.0,落地致勝,對手落地致勝,,327.0,656.0,0,0,7.0
1557,43,39,79470,79583,20,19,18,0.0,對手出界,出界,,794.0,322.0,0,0,7.0
1558,43,40,80270,80513,21,19,18,0.0,落地致勝,對手落地致勝,,380.0,492.0,0,0,8.0
1559,44,1,13898,13960,1,0,18,0.0,對手掛網,掛網,,445.0,454.0,0,0,52.0
1560,44,2,14266,14347,1,1,18,1.0,對手掛網,掛網,,574.0,466.0,0,0,19.0
1561,44,3,14660,14709,1,2,52,1.0,落地致勝,對手落地致勝,,749.0,623.0,0,0,18.0
1562,44,4,15061,15125,2,2,52,0.0,對手掛網,掛網,,580.0,452.0,0,0,53.0
1563,44,5,15486,15792,3,2,19,0.0,落地致勝,對手落地致勝,,677.0,351.0,0,0,53.0
1564,44,6,16231,16374,4,2,19,0.0,對手出界,出界,,1196.0,602.0,0,0,53.0
1565,44,7,16854,16913,4,3,19,1.0,對手犯規,犯規,,599.0,422.0,0,0,19.0
1566,44,8,17349,17391,5,3,53,0.0,落地致勝,對手落地致勝,,633.0,452.0,0,0,53.0
1567,44,9,17780,18132,5,4,18,1.0,落地致勝,對手落地致勝,,894.0,525.0,0,0,19.0
1568,44,10,18934,19074,6,4,52,0.0,對手掛網,掛網,,881.0,454.0,0,0,52.0
1569,44,11,19477,19639,7,4,19,0.0,落地致勝,對手落地致勝,,566.0,338.0,0,0,52.0
1570,44,12,20120,20170,8,4,19,0.0,對手掛網,掛網,,710.0,452.0,0,0,53.0
1571,44,13,20451,20547,9,4,19,0.0,對手出界,出界,,1025.0,524.0,0,0,52.0
1572,44,14,20924,20981,10,4,19,0.0,對手出界,出界,,1108.0,594.0,0,0,53.0
1573,44,15,21345,21376,11,4,19,0.0,落地致勝,對手落地致勝,,617.0,346.0,0,0,52.0
1574,44,16,23480,23625,12,4,19,0.0,落地致勝,對手落地致勝,,606.0,347.0,0,0,53.0
1575,44,17,24041,24108,12,5,19,1.0,對手出界,出界,,613.0,322.0,0,0,18.0
1576,44,18,24449,24594,12,6,53,1.0,對手掛網,掛網,,690.0,467.0,0,0,19.0
1577,44,19,25019,25569,13,6,53,0.0,落地致勝,對手落地致勝,,511.0,364.0,0,0,53.0
1578,44,20,26258,26319,14,6,18,0.0,對手掛網,掛網,,836.0,454.0,0,0,52.0
1579,44,21,26678,26751,14,7,18,1.0,落地致勝,對手落地致勝,,494.0,655.0,0,0,19.0
1580,44,22,27126,27172,15,7,52,0.0,對手掛網,掛網,,732.0,456.0,0,0,52.0
1581,44,23,27583,27705,16,7,19,0.0,落地致勝,對手落地致勝,,870.0,374.0,0,0,52.0
1582,44,24,28211,28323,16,8,19,1.0,落地致勝,對手落地致勝,,556.0,572.0,0,0,19.0
1583,44,25,28821,28994,17,8,53,0.0,對手未過網,未過網,,907.0,452.0,0,0,52.0
1584,44,26,29381,29441,18,8,18,0.0,對手掛網,掛網,,784.0,456.0,0,0,52.0
1585,44,27,29746,29849,18,9,18,1.0,對手出界,出界,,754.0,324.0,0,0,19.0
1586,44,28,30209,30269,18,10,52,1.0,對手未過網,未過網,,556.0,516.0,0,0,18.0
1587,44,29,30549,30642,19,10,52,0.0,對手未過網,未過網,,383.0,328.0,0,0,52.0
1588,44,30,31056,31561,20,10,19,0.0,對手未過網,未過網,,138.0,387.0,0,0,53.0
1589,44,31,32015,32266,20,11,19,1.0,落地致勝,對手落地致勝,,836.0,633.0,0,0,18.0
1590,44,32,32634,32793,20,12,53,1.0,對手出界,出界,,844.0,326.0,0,0,18.0
1591,44,33,33135,33260,21,12,53,0.0,對手出界,出界,,1091.0,604.0,0,0,53.0
1592,45,1,37409,37458,1,0,18,0.0,對手掛網,掛網,,913.0,465.0,0,0,53.0
1593,45,2,37833,37869,2,0,18,0.0,對手掛網,掛網,,737.0,463.0,0,0,52.0
1594,45,3,38182,38589,3,0,18,0.0,落地致勝,對手落地致勝,,648.0,647.0,0,0,53.0
1595,45,4,39027,39402,4,0,18,0.0,對手掛網,掛網,,548.0,465.0,0,0,53.0
1596,45,5,39881,40192,5,0,18,0.0,對手出界,出界,,935.0,373.0,0,0,52.0
1597,45,6,40787,40871,6,0,18,0.0,對手掛網,掛網,,417.0,464.0,0,0,52.0
1598,45,7,41213,41282,7,0,18,0.0,對手出界,出界,,783.0,315.0,0,0,53.0
1599,45,8,41629,42235,7,1,18,1.0,對手掛網,掛網,,681.0,452.0,0,0,18.0
1600,45,9,42677,42870,8,1,52,0.0,對手落點判斷失誤,落點判斷失誤,,393.0,667.0,0,0,53.0
1601,45,10,43328,43378,8,2,19,1.0,對手掛網,掛網,,805.0,458.0,0,0,19.0
1602,45,11,43691,43836,9,2,53,0.0,落地致勝,對手落地致勝,,300.0,596.0,0,0,52.0
1603,45,12,44272,44364,9,3,18,1.0,對手掛網,掛網,,864.0,453.0,0,0,18.0
1604,45,13,45037,45101,10,3,52,0.0,對手出界,出界,,329.0,376.0,0,0,52.0
1605,45,14,45445,45559,10,4,19,1.0,對手未過網,未過網,,793.0,425.0,0,0,18.0
1606,45,15,46312,46358,10,5,53,1.0,對手出界,出界,,393.0,692.0,0,0,19.0
1607,45,16,46709,46876,11,5,53,0.0,對手掛網,掛網,,767.0,464.0,0,0,52.0
1608,45,17,49210,49308,12,5,18,0.0,對手出界,出界,,424.0,321.0,0,0,52.0
1609,45,18,49775,49842,13,5,18,0.0,對手未過網,未過網,,862.0,515.0,0,0,52.0
1610,45,19,50278,50339,13,6,18,1.0,對手掛網,掛網,,958.0,451.0,0,0,18.0
1611,45,20,51265,51396,14,6,52,0.0,對手掛網,掛網,,646.0,465.0,0,0,52.0
1612,45,21,51940,52251,15,6,19,0.0,對手掛網,掛網,,677.0,461.0,0,0,52.0
1613,45,22,52706,52757,15,7,19,1.0,落地致勝,對手落地致勝,,362.0,453.0,0,0,19.0
1614,45,23,53133,53350,16,7,53,0.0,對手未過網,未過網,,1212.0,545.0,0,0,52.0
1615,45,24,53865,54029,16,8,18,1.0,對手掛網,掛網,,737.0,460.0,0,0,19.0
1616,45,25,54435,54524,17,8,52,0.0,對手掛網,掛網,,498.0,466.0,0,0,53.0
1617,45,26,54916,54964,17,9,19,1.0,對手犯規,犯規,,330.0,598.0,0,0,19.0
1618,45,27,55282,55546,18,9,53,0.0,對手掛網,掛網,,592.0,468.0,0,0,53.0
1619,45,28,56092,56289,18,10,18,1.0,對手掛網,掛網,,693.0,452.0,0,0,18.0
1620,45,29,56822,56908,18,11,52,1.0,對手掛網,掛網,,499.0,458.0,0,0,19.0
1621,45,30,57986,58106,18,12,52,1.0,對手出界,出界,,915.0,678.0,0,0,19.0
1622,45,31,58459,58516,19,12,52,0.0,對手掛網,掛網,,595.0,464.0,0,0,52.0
1623,45,32,58957,59016,20,12,19,0.0,對手掛網,掛網,,724.0,465.0,0,0,53.0
1624,45,33,59577,59686,20,13,19,1.0,落地致勝,對手落地致勝,,879.0,337.0,0,0,18.0
1625,45,34,60101,60237,20,14,53,1.0,對手掛網,掛網,,413.0,451.0,0,0,18.0
1626,45,35,60821,60941,21,14,53,0.0,對手出界,出界,,860.0,324.0,0,0,52.0
1627,46,1,9470,9848,0,1,18,1.0,對手掛網,掛網,,848.0,444.0,0,0,19.0
1628,46,2,10381,10437,0,2,3,1.0,落地致勝,對手落地致勝,,536.0,340.0,0,0,18.0
1629,46,3,10902,11027,1,2,3,0.0,對手出界,出界,,337.0,374.0,0,0,3.0
1630,46,4,11433,11594,2,2,19,0.0,對手掛網,掛網,,795.0,468.0,0,0,4.0
1631,46,5,11972,12077,3,2,19,0.0,對手未過網,未過網,,858.0,602.0,0,0,3.0
1632,46,6,12601,12971,3,3,19,1.0,對手出界,出界,,1008.0,530.0,0,0,18.0
1633,46,7,13635,13768,4,3,4,0.0,,,,1029.0,658.0,0,0,
1634,46,8,14191,14309,4,4,18,1.0,對手未過網,未過網,,301.0,333.0,0,0,18.0
1635,46,9,15010,15389,5,4,3,0.0,落地致勝,對手落地致勝,,348.0,506.0,0,0,4.0
1636,46,10,15998,16424,5,5,19,1.0,落地致勝,對手落地致勝,,854.0,331.0,0,0,19.0
1637,46,11,17545,17632,6,5,4,0.0,對手出界,出界,,926.0,320.0,0,0,3.0
1638,46,12,18136,18261,6,6,18,1.0,對手掛網,掛網,,430.0,445.0,0,0,18.0
1639,46,13,18954,19292,7,6,3,0.0,對手未過網,未過網,,554.0,466.0,0,0,4.0
1640,46,14,20117,20186,7,7,19,1.0,對手出界,出界,,562.0,704.0,0,0,19.0
1641,46,15,20739,20797,8,7,4,0.0,對手掛網,掛網,,670.0,461.0,0,0,4.0
1642,46,16,21301,21332,8,8,18,1.0,對手出界,出界,,770.0,500.0,0,0,18.0
1643,46,17,21894,22121,8,9,3,1.0,對手掛網,掛網,,456.0,448.0,0,0,18.0
1644,46,18,22850,23116,8,10,3,1.0,落地致勝,對手落地致勝,,390.0,328.0,0,0,18.0
1645,46,19,23951,23988,8,11,3,1.0,對手掛網,掛網,,560.0,453.0,0,0,18.0
1646,46,20,26180,26340,9,11,3,0.0,對手出界,出界,,479.0,317.0,0,0,4.0
1647,46,21,26771,27009,10,11,19,0.0,對手出界,出界,,979.0,371.0,0,0,3.0
1648,46,22,27792,28052,11,11,19,0.0,落地致勝,對手落地致勝,,764.0,569.0,0,0,3.0
1649,46,23,28705,28898,12,11,19,0.0,落地致勝,對手落地致勝,,449.0,532.0,0,0,4.0
1650,46,24,29640,29775,13,11,19,0.0,對手掛網,掛網,,784.0,459.0,0,0,4.0
1651,46,25,30324,30486,14,11,19,0.0,對手掛網,掛網,,419.0,461.0,0,0,4.0
1652,46,26,31315,31373,14,12,19,1.0,對手出界,出界,,1023.0,524.0,0,0,19.0
1653,46,27,31868,31868,15,12,4,0.0,,,,0.0,0.0,0,0,
1654,46,28,32589,33034,15,13,18,1.0,落地致勝,對手落地致勝,,821.0,382.0,0,0,18.0
1655,46,29,34073,34138,15,14,3,1.0,對手出界,出界,,388.0,681.0,0,0,18.0
1656,46,30,34752,35044,16,14,3,0.0,對手出界,出界,,802.0,319.0,0,0,4.0
1657,46,31,35679,35836,17,14,19,0.0,落地致勝,對手落地致勝,,650.0,545.0,0,0,3.0
1658,46,32,36559,37023,18,14,19,0.0,對手犯規,犯規,,418.0,343.0,0,0,4.0
1659,46,33,37810,37840,18,15,19,1.0,對手出界,出界,,708.0,500.0,0,0,19.0
1660,46,34,39345,39602,19,15,4,0.0,落地致勝,對手落地致勝,,726.0,498.0,0,0,3.0
1661,46,35,40213,40320,20,15,18,0.0,對手掛網,掛網,,936.0,463.0,0,0,3.0
1662,46,36,40952,41143,20,16,18,1.0,對手出界,出界,,536.0,679.0,0,0,18.0
1663,46,37,41857,42197,21,16,3,0.0,對手落點判斷失誤,落點判斷失誤,,223.0,659.0,0,0,3.0
1664,47,1,46676,46750,0,1,18,1.0,落地致勝,對手落地致勝,,823.0,356.0,0,0,3.0
1665,47,2,47147,47235,1,1,18,0.0,對手出界,出界,,954.0,362.0,0,0,19.0
1666,47,3,47714,47845,1,2,3,1.0,對手掛網,掛網,,507.0,446.0,0,0,4.0
1667,47,4,48268,48358,2,2,19,0.0,落地致勝,對手落地致勝,,863.0,552.0,0,0,18.0
1668,47,5,48870,48970,2,3,4,1.0,對手掛網,掛網,,934.0,447.0,0,0,3.0
1669,47,6,49465,49611,2,4,18,1.0,對手未過網,未過網,,1027.0,416.0,0,0,3.0
1670,47,7,50222,50333,3,4,18,0.0,對手掛網,掛網,,422.0,464.0,0,0,18.0
1671,47,8,51028,51130,3,5,3,1.0,落地致勝,對手落地致勝,,405.0,364.0,0,0,4.0
1672,47,9,51592,51592,4,5,19,0.0,,,,0.0,0.0,0,0,
1673,47,10,52153,52241,4,6,4,1.0,落地致勝,對手落地致勝,,433.0,353.0,0,0,4.0
1674,47,11,52768,53058,4,7,18,1.0,對手掛網,掛網,,674.0,445.0,0,0,4.0
1675,47,12,53742,53826,5,7,18,0.0,對手掛網,掛網,,724.0,466.0,0,0,19.0
1676,47,13,54400,54615,6,7,3,0.0,對手掛網,掛網,,532.0,464.0,0,0,19.0
1677,47,14,55491,55544,6,8,3,1.0,對手掛網,掛網,,906.0,447.0,0,0,3.0
1678,47,15,56125,56262,6,9,19,1.0,落地致勝,對手落地致勝,,890.0,353.0,0,0,4.0
1679,47,16,57031,57125,7,9,19,0.0,對手出界,出界,,488.0,318.0,0,0,18.0
1680,47,17,57646,57703,7,10,4,1.0,對手掛網,掛網,,567.0,449.0,0,0,4.0
1681,47,18,58199,58248,7,11,18,1.0,對手出界,出界,,1053.0,632.0,0,0,3.0
1682,47,19,60999,61128,7,12,18,1.0,對手掛網,掛網,,874.0,444.0,0,0,4.0
1683,47,20,61541,61580,7,13,18,1.0,對手掛網,掛網,,535.0,443.0,0,0,3.0
1684,47,21,61933,62124,7,14,18,1.0,落地致勝,對手落地致勝,,346.0,404.0,0,0,4.0
1685,47,22,62606,62780,7,15,18,1.0,落地致勝,對手落地致勝,,499.0,340.0,0,0,4.0
1686,47,23,63538,63603,8,15,18,0.0,落地致勝,對手落地致勝,,376.0,505.0,0,0,18.0
1687,47,24,64284,64354,9,15,3,0.0,落地致勝,對手落地致勝,,960.0,544.0,0,0,19.0
1688,47,25,64837,65055,10,15,3,0.0,落地致勝,對手落地致勝,,601.0,597.0,0,0,19.0
1689,47,26,65709,65775,11,15,3,0.0,對手出界,出界,,973.0,392.0,0,0,19.0
1690,47,27,66448,66746,12,15,3,0.0,落地致勝,對手落地致勝,,756.0,512.0,0,0,19.0
1691,47,28,67730,67971,13,15,3,0.0,落地致勝,對手落地致勝,,564.0,584.0,0,0,18.0
1692,47,29,69095,69278,13,16,3,1.0,對手掛網,掛網,,409.0,446.0,0,0,3.0
1693,47,30,69993,70044,14,16,19,0.0,落地致勝,對手落地致勝,,368.0,491.0,0,0,18.0
1694,47,31,70703,70796,15,16,4,0.0,對手掛網,掛網,,446.0,464.0,0,0,18.0
1695,47,32,71619,71713,15,17,4,1.0,對手未過網,未過網,,1011.0,353.0,0,0,4.0
1696,47,33,72596,72693,15,18,18,1.0,對手掛網,掛網,,720.0,449.0,0,0,3.0
1697,47,34,73321,73404,15,19,18,1.0,對手掛網,掛網,,554.0,452.0,0,0,3.0
1698,47,35,73954,74225,16,19,18,0.0,對手掛網,掛網,,658.0,464.0,0,0,19.0
1699,47,36,75177,75232,17,19,3,0.0,對手出界,出界,,660.0,317.0,0,0,19.0
1700,47,37,75959,76060,17,20,3,1.0,對手出界,出界,,1029.0,512.0,0,0,4.0
1701,47,38,76795,76962,18,20,19,0.0,落地致勝,對手落地致勝,,280.0,567.0,0,0,18.0
1702,47,39,78591,79068,19,20,4,0.0,對手出界,出界,,591.0,317.0,0,0,19.0
1703,47,40,79895,80052,20,20,4,0.0,落地致勝,對手落地致勝,,328.0,589.0,0,0,19.0
1704,47,41,81159,81258,21,20,4,0.0,對手出界,出界,,956.0,336.0,0,0,18.0
1705,47,42,82008,82395,22,20,4,0.0,對手掛網,掛網,,853.0,466.0,0,0,19.0
1706,48,1,86991,87043,0,1,3,1.0,落地致勝,對手落地致勝,,672.0,390.0,0,0,18.0
1707,48,2,87518,87760,0,2,3,1.0,對手出界,出界,,968.0,689.0,0,0,18.0
1708,48,3,88324,88465,1,2,3,0.0,對手掛網,掛網,,543.0,464.0,0,0,4.0
1709,48,4,89011,89149,2,2,18,0.0,對手出界,出界,,530.0,315.0,0,0,4.0
1710,48,5,89665,89711,3,2,18,0.0,對手出界,出界,,448.0,315.0,0,0,3.0
1711,48,6,90048,90315,4,2,18,0.0,對手未過網,未過網,,666.0,460.0,0,0,3.0
1712,48,7,90730,90879,4,3,18,1.0,對手出界,出界,,442.0,692.0,0,0,19.0
1713,48,8,91716,91800,4,4,4,1.0,對手未過網,未過網,,468.0,380.0,0,0,19.0
1714,48,9,92390,92480,5,4,4,0.0,對手出界,出界,,722.0,318.0,0,0,3.0
1715,48,10,92941,93051,6,4,19,0.0,落地致勝,對手落地致勝,,884.0,628.0,0,0,4.0
1716,48,11,94331,94452,6,5,19,1.0,對手出界,出界,,762.0,680.0,0,0,19.0
1717,48,12,95757,95810,7,5,3,0.0,對手掛網,掛網,,706.0,465.0,0,0,3.0
1718,48,13,96260,96754,7,6,18,1.0,對手出界,出界,,76.0,552.0,0,0,18.0
1719,48,14,98039,98195,8,6,4,0.0,對手出界,出界,,983.0,337.0,0,0,3.0
1720,48,15,98938,98966,8,7,19,1.0,對手出界,出界,,674.0,501.0,0,0,19.0
1721,48,16,99572,99926,9,7,3,0.0,落地致勝,對手落地致勝,,482.0,563.0,0,0,4.0
1722,48,17,100678,100797,9,8,18,1.0,對手掛網,掛網,,380.0,450.0,0,0,19.0
1723,48,18,101653,101701,10,8,4,0.0,對手掛網,掛網,,489.0,461.0,0,0,4.0
1724,48,19,102364,102488,11,8,19,0.0,對手未過網,未過網,,755.0,614.0,0,0,4.0
1725,48,20,104654,104806,11,9,19,1.0,對手未過網,未過網,,629.0,464.0,0,0,19.0
1726,48,21,105370,105538,12,9,3,0.0,對手未過網,未過網,,506.0,388.0,0,0,4.0
1727,48,22,106123,106271,12,10,18,1.0,對手出界,出界,,670.0,318.0,0,0,19.0
1728,48,23,106902,107079,12,11,4,1.0,對手出界,出界,,932.0,328.0,0,0,19.0
1729,48,24,107725,107806,13,11,4,0.0,對手未過網,未過網,,863.0,417.0,0,0,3.0
1730,48,25,108652,108749,13,12,19,1.0,對手掛網,掛網,,404.0,460.0,0,0,18.0
1731,48,26,109502,109649,13,13,3,1.0,對手掛網,掛網,,746.0,464.0,0,0,18.0
1732,48,27,110340,110505,14,13,3,0.0,落地致勝,對手落地致勝,,572.0,338.0,0,0,4.0
1733,48,28,111383,111491,14,14,18,1.0,對手掛網,掛網,,850.0,469.0,0,0,18.0
1734,48,29,112892,113235,15,14,4,0.0,落地致勝,對手落地致勝,,784.0,343.0,0,0,4.0
1735,48,30,114184,114288,16,14,19,0.0,落地致勝,對手落地致勝,,525.0,440.0,0,0,3.0
1736,48,31,115718,115813,16,15,19,1.0,對手未過網,未過網,,520.0,431.0,0,0,19.0
1737,48,32,117280,117332,16,16,3,1.0,落地致勝,對手落地致勝,,560.0,625.0,0,0,18.0
1738,48,33,118107,118204,17,16,3,0.0,對手掛網,掛網,,530.0,444.0,0,0,3.0
1739,48,34,119086,119296,17,17,18,1.0,對手未過網,未過網,,248.0,534.0,0,0,18.0
1740,48,35,120052,120093,17,18,4,1.0,對手未過網,未過網,,569.0,466.0,0,0,18.0
1741,48,36,120751,121151,18,18,4,0.0,落地致勝,對手落地致勝,,487.0,374.0,0,0,3.0
1742,48,37,122257,122299,18,19,19,1.0,對手掛網,掛網,,518.0,472.0,0,0,19.0
1743,48,38,123139,123211,19,19,3,0.0,落地致勝,對手落地致勝,,356.0,409.0,0,0,3.0
1744,48,39,124732,124849,19,20,18,1.0,對手未過網,未過網,,819.0,466.0,0,0,19.0
1745,48,40,125673,125782,20,20,4,0.0,落地致勝,對手落地致勝,,908.0,368.0,0,0,4.0
1746,48,41,126905,126996,21,20,19,0.0,落地致勝,對手落地致勝,,466.0,450.0,0,0,3.0
1747,48,42,128660,128818,22,20,19,0.0,對手掛網,掛網,,376.0,444.0,0,0,3.0
1748,49,1,14194,14231,0,1,52,1.0,對手出界,出界,,252.0,539.0,0,0,54.0
1749,49,2,14603,14708,0,2,52,1.0,對手掛網,掛網,,775.0,396.0,0,0,55.0
1750,49,3,15324,15948,0,3,52,1.0,對手出界,出界,,1004.0,405.0,0,0,54.0
1751,49,4,16796,16878,1,3,52,0.0,對手掛網,掛網,,816.0,416.0,0,0,53.0
1752,49,5,17402,17446,1,4,55,1.0,對手未過網,未過網,,480.0,402.0,0,0,55.0
1753,49,6,18015,18058,2,4,53,0.0,對手掛網,掛網,,588.0,417.0,0,0,53.0
1754,49,7,18481,18586,2,5,54,1.0,對手未過網,未過網,,710.0,324.0,0,0,55.0
1755,49,8,19163,19213,3,5,52,0.0,落地致勝,對手落地致勝,,597.0,532.0,0,0,52.0
1756,49,9,19701,19701,3,6,55,1.0,,,,0.0,0.0,0,0,
1757,49,10,20441,20497,3,7,53,1.0,對手掛網,掛網,,513.0,394.0,0,0,55.0
1758,49,11,20866,21092,4,7,53,0.0,對手出界,出界,,653.0,253.0,0,0,53.0
1759,49,12,21569,21686,5,7,54,0.0,對手出界,出界,,575.0,248.0,0,0,53.0
1760,49,13,22095,22213,6,7,54,0.0,落地致勝,對手落地致勝,,537.0,582.0,0,0,53.0
1761,49,14,22642,22830,7,7,54,0.0,對手出界,出界,,886.0,365.0,0,0,52.0
1762,49,15,23297,23784,8,7,54,0.0,落地致勝,對手落地致勝,,653.0,569.0,0,0,53.0
1763,49,16,24479,25033,9,7,54,0.0,對手出界,出界,,876.0,264.0,0,0,52.0
1764,49,17,26558,26639,9,8,54,1.0,落地致勝,對手落地致勝,,490.0,296.0,0,0,55.0
1765,49,18,27807,27835,9,9,52,1.0,對手掛網,掛網,,652.0,397.0,0,0,55.0
1766,49,19,28280,28304,10,9,52,0.0,對手掛網,掛網,,666.0,417.0,0,0,52.0
1767,49,20,28940,28999,11,9,55,0.0,對手出界,出界,,402.0,280.0,0,0,52.0
1768,49,21,31438,31802,12,9,55,0.0,落地致勝,對手落地致勝,,740.0,554.0,0,0,52.0
1769,49,22,32498,32639,12,10,55,1.0,對手出界,出界,,962.0,621.0,0,0,55.0
1770,49,23,33037,33269,13,10,53,0.0,落地致勝,對手落地致勝,,723.0,580.0,0,0,52.0
1771,49,24,33870,34116,14,10,54,0.0,對手掛網,掛網,,655.0,414.0,0,0,53.0
1772,49,25,34784,34840,14,11,54,1.0,落地致勝,對手落地致勝,,808.0,276.0,0,0,54.0
1773,49,26,35622,35701,15,11,52,0.0,對手掛網,掛網,,743.0,412.0,0,0,52.0
1774,49,27,36248,36276,15,12,55,1.0,對手出界,出界,,579.0,461.0,0,0,55.0
1775,49,28,36635,36706,16,12,53,0.0,對手掛網,掛網,,635.0,418.0,0,0,53.0
1776,49,29,37235,37364,16,13,54,1.0,對手出界,出界,,1022.0,566.0,0,0,54.0
1777,49,30,38003,38030,16,14,52,1.0,對手掛網,掛網,,671.0,398.0,0,0,55.0
1778,49,31,38684,38746,17,14,52,0.0,對手出界,出界,,510.0,253.0,0,0,53.0
1779,49,32,39311,39328,17,15,55,1.0,對手出界,出界,,631.0,422.0,0,0,55.0
1780,49,33,39831,39930,18,15,53,0.0,落地致勝,對手落地致勝,,792.0,559.0,0,0,52.0
1781,49,34,40478,41150,18,16,54,1.0,對手未過網,未過網,,854.0,443.0,0,0,55.0
1782,49,35,42027,42252,19,16,52,0.0,對手出界,出界,,520.0,249.0,0,0,53.0
1783,49,36,42858,42937,19,17,55,1.0,對手犯規,犯規,,786.0,282.0,0,0,55.0
1784,49,37,43462,43747,20,17,53,0.0,對手掛網,掛網,,555.0,418.0,0,0,53.0
1785,49,38,44491,44741,21,17,54,0.0,對手出界,出界,,722.0,255.0,0,0,53.0
1786,50,1,49686,49727,0,1,55,1.0,落地致勝,對手落地致勝,,639.0,563.0,0,0,55.0
1787,50,2,50411,50759,1,1,52,0.0,落地致勝,對手落地致勝,,782.0,280.0,0,0,53.0
1788,50,3,52401,52550,2,1,54,0.0,對手掛網,掛網,,728.0,403.0,0,0,52.0
1789,50,4,53676,53875,2,2,54,1.0,落地致勝,對手落地致勝,,779.0,540.0,0,0,54.0
1790,50,5,54332,54428,3,2,53,0.0,對手未過網,未過網,,459.0,438.0,0,0,53.0
1791,50,6,54885,55114,3,3,55,1.0,對手掛網,掛網,,610.0,419.0,0,0,55.0
1792,50,7,55823,55900,4,3,52,0.0,對手掛網,掛網,,751.0,395.0,0,0,52.0
1793,50,8,56420,56478,4,4,54,1.0,對手掛網,掛網,,663.0,417.0,0,0,55.0
1794,50,9,56925,57011,4,5,53,1.0,對手掛網,掛網,,505.0,417.0,0,0,55.0
1795,50,10,57451,57496,5,5,53,0.0,對手掛網,掛網,,608.0,397.0,0,0,53.0
1796,50,11,57949,57949,6,5,55,0.0,,,,0.0,0.0,0,0,
1797,50,12,58810,59195,6,6,55,1.0,對手掛網,掛網,,739.0,418.0,0,0,55.0
1798,50,13,60304,60346,7,6,52,0.0,對手出界,出界,,891.0,629.0,0,0,52.0
1799,50,14,60866,60944,8,6,54,0.0,對手出界,出界,,946.0,514.0,0,0,52.0
1800,50,15,61507,61663,8,7,54,1.0,對手落點判斷失誤,落點判斷失誤,,898.0,654.0,0,0,54.0
1801,50,16,62279,62302,9,7,53,0.0,對手掛網,掛網,,599.0,407.0,0,0,53.0
1802,50,17,62810,63026,10,7,55,0.0,對手未過網,未過網,,438.0,404.0,0,0,52.0
1803,50,18,63515,63779,11,7,55,0.0,落地致勝,對手落地致勝,,684.0,292.0,0,0,52.0
1804,50,19,66632,67212,11,8,55,1.0,對手掛網,掛網,,467.0,418.0,0,0,54.0
1805,50,20,68084,68152,12,8,52,0.0,落地致勝,對手落地致勝,,801.0,303.0,0,0,52.0
1806,50,21,68687,68804,12,9,54,1.0,落地致勝,對手落地致勝,,912.0,580.0,0,0,54.0
1807,50,22,69608,69834,13,9,53,0.0,對手未過網,未過網,,891.0,345.0,0,0,53.0
1808,50,23,70536,70591,13,10,55,1.0,落地致勝,對手落地致勝,,456.0,592.0,0,0,55.0
1809,50,24,71321,71646,14,10,52,0.0,落地致勝,對手落地致勝,,696.0,322.0,0,0,53.0
1810,50,25,72702,72702,14,11,54,1.0,,,,0.0,0.0,0,0,
1811,50,26,73740,73823,15,11,53,0.0,落地致勝,對手落地致勝,,659.0,309.0,0,0,52.0
1812,50,27,74532,74917,16,11,55,0.0,對手掛網,掛網,,584.0,397.0,0,0,53.0
1813,50,28,75871,75912,17,11,55,0.0,對手出界,出界,,297.0,663.0,0,0,52.0
1814,50,29,76557,76804,18,11,55,0.0,對手出界,出界,,1021.0,623.0,0,0,53.0
1815,50,30,77342,77401,18,12,55,1.0,落地致勝,對手落地致勝,,577.0,564.0,0,0,55.0
1816,50,31,79655,79692,18,13,52,1.0,對手未過網,未過網,,782.0,586.0,0,0,55.0
1817,50,32,80256,80350,19,13,52,0.0,對手掛網,掛網,,476.0,391.0,0,0,52.0
1818,50,33,81030,81522,19,14,54,1.0,對手出界,出界,,244.0,436.0,0,0,54.0
1819,50,34,82423,82451,20,14,53,0.0,落地致勝,對手落地致勝,,569.0,285.0,0,0,52.0
1820,50,35,83380,83549,20,15,55,1.0,落地致勝,對手落地致勝,,625.0,420.0,0,0,55.0
1821,50,36,84146,84173,20,16,52,1.0,對手落點判斷失誤,落點判斷失誤,,599.0,469.0,0,0,54.0
1822,50,37,85533,85533,20,17,52,1.0,,,,0.0,0.0,0,0,
1823,50,38,86150,86227,20,18,52,1.0,對手掛網,掛網,,684.0,420.0,0,0,54.0
1824,50,39,86950,87086,21,18,52,0.0,對手掛網,掛網,,502.0,403.0,0,0,52.0
1825,51,1,11512,11638,0,1,55,1.0,對手掛網,掛網,,663.0,342.0,0,0,58.0
1826,51,2,12059,12336,1,1,55,0.0,對手出界,出界,,916.0,678.0,0,0,55.0
1827,51,3,12941,13076,1,2,58,1.0,落地致勝,對手落地致勝,,685.0,601.0,0,0,59.0
1828,51,4,13603,13687,2,2,54,0.0,對手未過網,未過網,,507.0,498.0,0,0,54.0
1829,51,5,14099,14220,3,2,59,0.0,對手出界,出界,,954.0,594.0,0,0,54.0
1830,51,6,14616,14864,4,2,59,0.0,對手掛網,掛網,,530.0,527.0,0,0,55.0
1831,51,7,15393,15703,5,2,59,0.0,,,,594.0,314.0,0,0,
1832,51,8,16416,16631,6,2,59,0.0,對手掛網,掛網,,531.0,524.0,0,0,55.0
1833,51,9,17221,17333,6,3,59,1.0,對手掛網,掛網,,497.0,347.0,0,0,58.0
1834,51,10,17846,17959,7,3,55,0.0,對手掛網,掛網,,572.0,464.0,0,0,55.0
1835,51,11,18492,18585,8,3,58,0.0,對手出界,出界,,649.0,673.0,0,0,55.0
1836,51,12,19122,19459,9,3,58,0.0,對手未過網,未過網,,869.0,535.0,0,0,55.0
1837,51,13,20133,20371,9,4,58,1.0,對手掛網,掛網,,534.0,318.0,0,0,58.0
1838,51,14,21063,21169,10,4,54,0.0,落地致勝,對手落地致勝,,520.0,313.0,0,0,55.0
1839,51,15,21706,21762,10,5,59,1.0,對手未過網,未過網,,549.0,364.0,0,0,59.0
1840,51,16,22152,22372,10,6,55,1.0,落地致勝,對手落地致勝,,660.0,555.0,0,0,58.0
1841,51,17,23052,23232,11,6,55,0.0,對手落點判斷失誤,落點判斷失誤,,816.0,281.0,0,0,55.0
1842,51,18,25686,25796,12,6,58,0.0,對手掛網,掛網,,687.0,446.0,0,0,54.0
1843,51,19,26291,26324,13,6,58,0.0,對手掛網,掛網,,531.0,560.0,0,0,55.0
1844,51,20,26899,27467,14,6,58,0.0,落地致勝,對手落地致勝,,582.0,310.0,0,0,54.0
1845,51,21,28348,28505,14,7,58,1.0,落地致勝,對手落地致勝,,545.0,591.0,0,0,58.0
1846,51,22,29103,29403,14,8,54,1.0,落地致勝,對手落地致勝,,492.0,571.0,0,0,59.0
1847,51,23,30243,30371,15,8,54,0.0,對手出界,出界,,327.0,538.0,0,0,55.0
1848,51,24,30809,30949,15,9,59,1.0,對手掛網,掛網,,589.0,336.0,0,0,58.0
1849,51,25,31426,31932,16,9,55,0.0,對手未過網,未過網,,469.0,526.0,0,0,55.0
1850,51,26,32854,32901,17,9,58,0.0,對手掛網,掛網,,713.0,508.0,0,0,55.0
1851,51,27,33666,33793,17,10,58,1.0,對手出界,出界,,880.0,370.0,0,0,59.0
1852,51,28,34365,34635,17,11,54,1.0,落地致勝,對手落地致勝,,774.0,573.0,0,0,59.0
1853,51,29,35411,35546,17,12,54,1.0,對手掛網,掛網,,569.0,317.0,0,0,59.0
1854,51,30,36304,36429,17,13,54,1.0,落地致勝,對手落地致勝,,749.0,651.0,0,0,59.0
1855,51,31,37138,37292,18,13,54,0.0,對手出界,出界,,283.0,604.0,0,0,55.0
1856,51,32,37836,38155,18,14,59,1.0,對手掛網,掛網,,426.0,377.0,0,0,59.0
1857,51,33,38808,39116,19,14,55,0.0,對手出界,出界,,220.0,566.0,0,0,55.0
1858,51,34,40099,40195,19,15,58,1.0,落地致勝,對手落地致勝,,436.0,639.0,0,0,58.0
1859,51,35,40783,40915,19,16,54,1.0,,,,331.0,656.0,0,0,
1860,51,36,41613,41647,20,16,54,0.0,對手未過網,未過網,,649.0,482.0,0,0,54.0
1861,51,37,42269,42495,20,17,59,1.0,落地致勝,對手落地致勝,,325.0,648.0,0,0,59.0
1862,51,38,43127,43278,20,18,55,1.0,對手未過網,未過網,,745.0,344.0,0,0,59.0
1863,51,39,44067,44234,21,18,55,0.0,對手出界,出界,,838.0,703.0,0,0,55.0
1864,52,1,48871,49012,0,1,59,1.0,對手掛網,掛網,,627.0,320.0,0,0,55.0
1865,52,2,49603,49726,1,1,58,0.0,對手掛網,掛網,,601.0,475.0,0,0,58.0
1866,52,3,50185,50298,2,1,55,0.0,落地致勝,對手落地致勝,,806.0,279.0,0,0,58.0
1867,52,4,50650,50754,3,1,55,0.0,落地致勝,對手落地致勝,,674.0,307.0,0,0,58.0
1868,52,5,51399,51434,4,1,55,0.0,對手掛網,掛網,,722.0,537.0,0,0,58.0
1869,52,6,51789,52059,4,2,55,1.0,對手未過網,未過網,,808.0,346.0,0,0,54.0
1870,52,7,52697,52796,5,2,59,0.0,落地致勝,對手落地致勝,,793.0,293.0,0,0,58.0
1871,52,8,53615,53676,5,3,54,1.0,對手出界,出界,,459.0,261.0,0,0,55.0
1872,52,9,54327,54413,6,3,58,0.0,對手掛網,掛網,,775.0,493.0,0,0,58.0
1873,52,10,54863,55131,7,3,55,0.0,對手未過網,未過網,,650.0,427.0,0,0,58.0
1874,52,11,55627,55826,7,4,55,1.0,對手掛網,掛網,,771.0,318.0,0,0,54.0
1875,52,12,56390,56539,8,4,59,0.0,對手出界,出界,,976.0,682.0,0,0,59.0
1876,52,13,57049,57135,9,4,54,0.0,對手掛網,掛網,,637.0,424.0,0,0,59.0
1877,52,14,57637,57943,10,4,54,0.0,對手未過網,未過網,,437.0,450.0,0,0,58.0
1878,52,15,58615,58701,11,4,54,0.0,對手掛網,掛網,,544.0,470.0,0,0,59.0
1879,52,16,61308,61513,11,5,54,1.0,對手掛網,掛網,,785.0,331.0,0,0,55.0
1880,52,17,62174,62280,11,6,58,1.0,對手出界,出界,,413.0,296.0,0,0,54.0
1881,52,18,62903,63023,12,6,58,0.0,對手掛網,掛網,,467.0,600.0,0,0,58.0
1882,52,19,63564,63759,13,6,55,0.0,對手未過網,未過網,,760.0,454.0,0,0,59.0
1883,52,20,64290,64324,13,7,55,1.0,,,,0.0,0.0,0,0,
1884,52,21,64771,64886,13,8,59,1.0,對手未過網,未過網,,754.0,320.0,0,0,54.0
1885,52,22,65476,65751,14,8,59,0.0,對手掛網,掛網,,463.0,552.0,0,0,59.0
1886,52,23,66612,66653,14,9,54,1.0,落地致勝,對手落地致勝,,397.0,540.0,0,0,55.0
1887,52,24,68168,68273,15,9,58,0.0,對手,,,424.0,667.0,0,0,58.0
1888,52,25,69714,69802,15,10,55,1.0,對手掛網,掛網,,567.0,389.0,0,0,55.0
1889,52,26,70403,70667,15,11,59,1.0,對手未過網,未過網,,858.0,439.0,0,0,54.0
1890,52,27,71235,71449,15,12,59,1.0,對手未過網,未過網,,589.0,326.0,0,0,54.0
1891,52,28,72219,72406,16,12,59,0.0,落地致勝,對手落地致勝,,508.0,357.0,0,0,58.0
1892,52,29,73065,73168,16,13,54,1.0,對手出界,出界,,388.0,328.0,0,0,55.0
1893,52,30,73800,73904,17,13,58,0.0,對手犯規,犯規,,601.0,611.0,0,0,58.0
1894,52,31,74442,74532,18,13,55,0.0,對手掛網,掛網,,686.0,419.0,0,0,58.0
1895,52,32,74982,75177,18,14,55,1.0,落地致勝,對手落地致勝,,659.0,578.0,0,0,55.0
1896,52,33,76007,76303,18,15,59,1.0,落地致勝,對手落地致勝,,823.0,592.0,0,0,55.0
1897,52,34,77148,77473,18,16,59,1.0,落地致勝,對手落地致勝,,494.0,578.0,0,0,54.0
1898,52,35,78777,78896,19,16,59,0.0,落地致勝,對手落地致勝,,665.0,285.0,0,0,59.0
1899,52,36,79661,79919,20,16,54,0.0,落地致勝,對手落地致勝,,576.0,323.0,0,0,59.0
1900,52,37,80773,80904,20,17,54,1.0,落地致勝,對手落地致勝,,692.0,457.0,0,0,54.0
1901,52,38,81716,81948,20,18,58,1.0,對手掛網,掛網,,689.0,309.0,0,0,55.0
1902,52,39,83058,83564,20,19,58,1.0,對手未過網,未過網,,765.0,333.0,0,0,55.0
1903,52,40,84941,85297,21,19,58,0.0,落地致勝,對手落地致勝,,635.0,289.0,0,0,59.0
1904,53,1,89662,89759,1,0,55,0.0,對手,,,452.0,586.0,0,0,
1905,53,2,90209,90316,1,1,55,1.0,對手未過網,未過網,,622.0,293.0,0,0,54.0
1906,53,3,90942,91073,2,1,58,0.0,對手出界,出界,,389.0,332.0,0,0,59.0
1907,53,4,91602,91759,3,1,54,0.0,落地致勝,對手落地致勝,,805.0,565.0,0,0,58.0
1908,53,5,92447,92514,3,2,54,1.0,對手出界,出界,,392.0,640.0,0,0,54.0
1909,53,6,93874,93971,3,3,59,1.0,對手掛網,掛網,,527.0,488.0,0,0,54.0
1910,53,7,94512,94680,4,3,59,0.0,對手掛網,掛網,,441.0,381.0,0,0,58.0
1911,53,8,95148,95253,4,4,55,1.0,對手掛網,掛網,,723.0,420.0,0,0,55.0
1912,53,9,95906,96018,5,4,58,0.0,落地致勝,對手落地致勝,,638.0,586.0,0,0,59.0
1913,53,10,96659,96883,5,5,54,1.0,落地致勝,對手落地致勝,,491.0,299.0,0,0,55.0
1914,53,11,97583,97694,6,5,59,0.0,對手出界,出界,,860.0,298.0,0,0,59.0
1915,53,12,98375,98838,7,5,55,0.0,對手出界,出界,,853.0,295.0,0,0,59.0
1916,53,13,99444,99842,8,5,55,0.0,對手掛網,掛網,,429.0,393.0,0,0,59.0
1917,53,14,101667,101743,9,5,55,0.0,對手出界,出界,,882.0,376.0,0,0,58.0
1918,53,15,102173,102602,10,5,55,0.0,對手掛網,掛網,,661.0,323.0,0,0,59.0
1919,53,16,103680,103732,11,5,55,0.0,,,,0.0,0.0,0,0,
1920,53,17,106474,106897,12,5,55,0.0,對手未過網,未過網,,812.0,446.0,0,0,58.0
1921,53,18,107893,107953,12,6,55,1.0,對手未過網,未過網,,717.0,356.0,0,0,55.0
1922,53,19,108779,108830,12,7,58,1.0,對手落點判斷失誤,落點判斷失誤,,686.0,478.0,0,0,55.0
1923,53,20,109549,109627,12,8,58,1.0,對手犯規,犯規,,575.0,317.0,0,0,54.0
1924,53,21,110546,110815,12,9,58,1.0,落地致勝,對手落地致勝,,831.0,599.0,0,0,55.0
1925,53,22,111708,111765,13,9,58,0.0,對手掛網,掛網,,762.0,433.0,0,0,58.0
1926,53,23,112287,112765,13,10,54,1.0,落地致勝,對手落地致勝,,506.0,659.0,0,0,54.0
1927,53,24,113806,113961,13,11,59,1.0,落地致勝,對手落地致勝,,894.0,651.0,0,0,55.0
1928,53,25,114635,114804,13,12,59,1.0,落地致勝,對手落地致勝,,579.0,613.0,0,0,54.0
1929,53,26,115508,115718,14,12,59,0.0,落地致勝,對手落地致勝,,458.0,279.0,0,0,58.0
1930,53,27,117623,117809,14,13,55,1.0,落地致勝,對手落地致勝,,830.0,621.0,0,0,55.0
1931,53,28,118752,118847,15,13,58,0.0,落地致勝,對手落地致勝,,446.0,346.0,0,0,59.0
1932,53,29,119388,119539,15,14,54,1.0,對手出界,出界,,458.0,266.0,0,0,55.0
1933,53,30,121102,121201,16,14,59,0.0,對手出界,出界,,932.0,524.0,0,0,58.0
1934,53,31,121691,121763,16,15,55,1.0,落地致勝,對手落地致勝,,915.0,565.0,0,0,54.0
1935,53,32,122793,123036,16,16,58,1.0,對手出界,出界,,658.0,266.0,0,0,55.0
1936,53,33,124011,124207,17,16,58,0.0,落地致勝,對手落地致勝,,586.0,309.0,0,0,58.0
1937,53,34,125016,125316,18,16,55,0.0,對手出界,出界,,903.0,435.0,0,0,58.0
1938,53,35,126218,126390,19,16,55,0.0,,,,647.0,317.0,0,0,
1939,53,36,127115,127514,19,17,54,1.0,落地致勝,對手落地致勝,,354.0,560.0,0,0,55.0
1940,53,37,128606,128792,20,17,59,0.0,對手出界,出界,,943.0,685.0,0,0,59.0
1941,53,38,129776,130044,20,18,55,1.0,落地致勝,對手落地致勝,,510.0,556.0,0,0,55.0
1942,53,39,131073,131219,21,18,58,0.0,對手出界,出界,,950.0,631.0,0,0,58.0
1943,54,1,10959,11240,0,1,56,1.0,落地致勝,對手落地致勝,,659.0,322.0,0,0,57.0
1944,54,2,11648,11667,1,1,52,0.0,對手出界,出界,,638.0,390.0,0,0,52.0
1945,54,3,12251,12277,1,2,57,1.0,,,,604.0,315.0,0,0,
1946,54,4,13518,13870,2,2,53,0.0,落地致勝,對手落地致勝,,831.0,566.0,0,0,52.0
1947,54,5,14470,14937,3,2,56,0.0,落地致勝,對手落地致勝,,653.0,614.0,0,0,52.0
1948,54,6,15404,15509,3,3,56,1.0,對手掛網,掛網,,701.0,413.0,0,0,56.0
1949,54,7,16202,16242,4,3,52,0.0,對手犯規,犯規,,796.0,306.0,0,0,53.0
1950,54,8,16592,17816,5,3,57,0.0,對手出界,出界,,842.0,304.0,0,0,52.0
1951,54,9,18528,18577,6,3,56,0.0,對手出界,出界,,844.0,294.0,0,0,52.0
1952,54,10,18965,19221,7,3,56,0.0,對手出界,出界,,634.0,271.0,0,0,52.0
1953,54,11,19717,19879,8,3,56,0.0,落地致勝,對手落地致勝,,480.0,597.0,0,0,52.0
1954,54,12,20341,20427,9,3,56,0.0,落地致勝,對手落地致勝,,938.0,656.0,0,0,52.0
1955,54,13,20862,20908,9,4,56,1.0,對手出界,出界,,418.0,644.0,0,0,56.0
1956,54,14,21703,21961,9,5,53,1.0,落地致勝,對手落地致勝,,598.0,331.0,0,0,57.0
1957,54,15,22560,22561,10,5,53,0.0,對手掛網,掛網,,645.0,425.0,0,0,53.0
1958,54,16,22995,23029,11,5,56,0.0,落地致勝,對手落地致勝,,772.0,502.0,0,0,53.0
1959,54,17,25403,25542,12,5,56,0.0,對手掛網,掛網,,831.0,429.0,0,0,53.0
1960,54,18,25993,26135,13,5,56,0.0,落地致勝,對手落地致勝,,451.0,458.0,0,0,52.0
1961,54,19,26592,26974,13,6,56,1.0,對手出界,出界,,1055.0,634.0,0,0,56.0
1962,54,20,27594,27696,14,6,52,0.0,落地致勝,對手落地致勝,,849.0,516.0,0,0,52.0
1963,54,21,28029,28109,14,7,57,1.0,落地致勝,對手落地致勝,,661.0,419.0,0,0,56.0
1964,54,22,28630,28777,14,8,53,1.0,落地致勝,對手落地致勝,,486.0,323.0,0,0,57.0
1965,54,23,29254,29355,15,8,53,0.0,對手掛網,掛網,,637.0,428.0,0,0,53.0
1966,54,24,29774,29871,16,8,56,0.0,對手掛網,掛網,,848.0,426.0,0,0,53.0
1967,54,25,30279,30372,17,8,56,0.0,對手出界,出界,,758.0,266.0,0,0,52.0
1968,54,26,30732,30950,17,9,56,1.0,對手出界,出界,,938.0,615.0,0,0,56.0
1969,54,27,31429,31509,18,9,52,0.0,對手掛網,掛網,,572.0,425.0,0,0,53.0
1970,54,28,31877,31957,18,10,57,1.0,落地致勝,對手落地致勝,,392.0,399.0,0,0,57.0
1971,54,29,32276,32521,19,10,53,0.0,對手出界,出界,,999.0,287.0,0,0,52.0
1972,54,30,32909,32977,19,11,56,1.0,落地致勝,對手落地致勝,,528.0,319.0,0,0,57.0
1973,54,31,33551,33571,19,12,52,1.0,對手掛網,掛網,,663.0,418.0,0,0,56.0
1974,54,32,33935,33948,20,12,52,0.0,對手出界,出界,,545.0,379.0,0,0,52.0
1975,55,1,38575,38799,1,0,56,0.0,落地致勝,對手落地致勝,,421.0,589.0,0,0,56.0
1976,55,2,39334,39559,1,1,52,1.0,對手掛網,掛網,,495.0,419.0,0,0,53.0
1977,55,3,40686,40836,2,1,57,0.0,對手未過網,未過網,,416.0,406.0,0,0,56.0
1978,55,4,41384,41444,2,2,53,1.0,對手犯規,犯規,,354.0,517.0,0,0,53.0
1979,55,5,41860,42011,3,2,56,0.0,對手掛網,掛網,,728.0,426.0,0,0,56.0
1980,55,6,42525,43068,4,2,52,0.0,落地致勝,對手落地致勝,,665.0,533.0,0,0,57.0
1981,55,7,43775,43882,5,2,52,0.0,對手出界,出界,,968.0,389.0,0,0,56.0
1982,55,8,44337,44454,6,2,52,0.0,落地致勝,對手落地致勝,,814.0,553.0,0,0,56.0
1983,55,9,44981,45114,6,3,52,1.0,落地致勝,對手落地致勝,,495.0,394.0,0,0,53.0
1984,55,10,45565,45646,6,4,57,1.0,對手掛網,掛網,,432.0,420.0,0,0,52.0
1985,55,11,45972,46314,7,4,57,0.0,對手掛網,掛網,,712.0,424.0,0,0,56.0
1986,55,12,46863,47227,8,4,53,0.0,對手掛網,掛網,,637.0,426.0,0,0,56.0
1987,55,13,47870,47974,9,4,53,0.0,對手出界,出界,,789.0,266.0,0,0,56.0
1988,55,14,48476,48893,9,5,53,1.0,對手掛網,掛網,,505.0,420.0,0,0,53.0
1989,55,15,49533,49742,9,6,56,1.0,落地致勝,對手落地致勝,,820.0,375.0,0,0,52.0
1990,55,16,50460,50514,9,7,56,1.0,落地致勝,對手落地致勝,,549.0,382.0,0,0,52.0
1991,55,17,50963,50992,9,8,56,1.0,對手掛網,掛網,,624.0,421.0,0,0,53.0
1992,55,18,51659,51978,9,9,56,1.0,落地致勝,對手落地致勝,,601.0,316.0,0,0,52.0
1993,55,19,52680,52780,10,9,56,0.0,落地致勝,對手落地致勝,,922.0,583.0,0,0,57.0
1994,55,20,53309,53340,10,10,52,1.0,對手掛網,掛網,,677.0,418.0,0,0,52.0
1995,55,21,56202,56307,10,11,53,1.0,對手掛網,掛網,,555.0,419.0,0,0,52.0
1996,55,22,57288,57306,11,11,52,0.0,對手掛網,掛網,,640.0,428.0,0,0,57.0
1997,55,23,57764,57957,11,12,52,1.0,對手掛網,掛網,,740.0,417.0,0,0,53.0
1998,55,24,58496,59087,12,12,57,0.0,落地致勝,對手落地致勝,,856.0,506.0,0,0,56.0
1999,55,25,59851,59898,12,13,53,1.0,對手掛網,掛網,,608.0,417.0,0,0,53.0
2000,55,26,60444,60628,13,13,56,0.0,對手出界,出界,,327.0,338.0,0,0,56.0
2001,55,27,61218,61340,14,13,52,0.0,對手掛網,掛網,,546.0,427.0,0,0,56.0
2002,55,28,61948,62028,14,14,52,1.0,對手未過網,未過網,,553.0,420.0,0,0,52.0
2003,55,29,62508,62603,14,15,57,1.0,落地致勝,對手落地致勝,,529.0,307.0,0,0,53.0
2004,55,30,63078,63182,14,16,57,1.0,落地致勝,對手落地致勝,,542.0,297.0,0,0,53.0
2005,55,31,64537,64603,15,16,57,0.0,對手出界,出界,,837.0,278.0,0,0,56.0
2006,55,32,65035,65087,16,16,53,0.0,對手掛網,掛網,,612.0,427.0,0,0,56.0
2007,55,33,65580,65902,16,17,53,1.0,對手出界,出界,,317.0,567.0,0,0,53.0
2008,55,34,66707,67289,17,17,56,0.0,落地致勝,對手落地致勝,,776.0,565.0,0,0,57.0
2009,55,35,68330,68567,17,18,52,1.0,對手掛網,掛網,,452.0,418.0,0,0,53.0
2010,55,36,69751,69926,17,19,57,1.0,對手未過網,未過網,,432.0,304.0,0,0,53.0
2011,55,37,70441,70664,17,20,57,1.0,對手掛網,掛網,,495.0,417.0,0,0,53.0
2012,55,38,71335,72247,18,20,57,0.0,對手掛網,掛網,,455.0,425.0,0,0,56.0
2013,55,39,74373,74886,19,20,53,0.0,對手未過網,未過網,,613.0,423.0,0,0,56.0
2014,55,40,76074,76283,19,21,53,1.0,落地致勝,對手落地致勝,,688.0,328.0,0,0,53.0
2015,55,41,77604,77663,20,21,56,0.0,落地致勝,對手落地致勝,,427.0,593.0,0,0,57.0
2016,55,42,78440,78581,21,21,52,0.0,對手掛網,掛網,,502.0,429.0,0,0,57.0
2017,56,1,83177,83441,1,0,52,0.0,對手掛網,掛網,,539.0,419.0,0,0,57.0
2018,56,2,83863,83899,1,1,52,1.0,對手掛網,掛網,,610.0,427.0,0,0,52.0
2019,56,3,84216,84477,1,2,57,1.0,落地致勝,對手落地致勝,,878.0,491.0,0,0,52.0
2020,56,4,84860,85037,2,2,57,0.0,落地致勝,對手落地致勝,,482.0,373.0,0,0,56.0
2021,56,5,85603,85680,3,2,53,0.0,落地致勝,對手落地致勝,,800.0,283.0,0,0,56.0
2022,56,6,86102,86196,4,2,53,0.0,落地致勝,對手落地致勝,,472.0,303.0,0,0,57.0
2023,56,7,87278,87304,5,2,53,0.0,落地致勝,對手落地致勝,,732.0,292.0,0,0,56.0
2024,56,8,87895,87957,5,3,53,1.0,落地致勝,對手落地致勝,,865.0,603.0,0,0,52.0
2025,56,9,88703,88771,6,3,56,0.0,落地致勝,對手落地致勝,,436.0,284.0,0,0,56.0
2026,56,10,89309,89374,6,4,52,1.0,對手犯規,犯規,,425.0,281.0,0,0,53.0
2027,56,11,89866,89906,7,4,57,0.0,落地致勝,對手落地致勝,,680.0,296.0,0,0,56.0
2028,56,12,90314,90399,8,4,53,0.0,落地致勝,對手落地致勝,,569.0,289.0,0,0,57.0
2029,56,13,90808,91100,8,5,53,1.0,對手掛網,掛網,,809.0,427.0,0,0,53.0
2030,56,14,91721,91943,9,5,56,0.0,對手出界,出界,,478.0,676.0,0,0,56.0
2031,56,15,92393,92537,10,5,52,0.0,對手掛網,掛網,,836.0,419.0,0,0,56.0
2032,56,16,95969,95996,10,6,52,1.0,對手出界,出界,,646.0,424.0,0,0,52.0
2033,56,17,96326,96469,11,6,57,0.0,對手未過網,未過網,,626.0,487.0,0,0,56.0
2034,56,18,96911,97309,12,6,53,0.0,對手掛網,掛網,,618.0,427.0,0,0,56.0
2035,56,19,97964,98042,12,7,53,1.0,對手出界,出界,,323.0,540.0,0,0,53.0
2036,56,20,98506,99095,12,8,56,1.0,對手出界,出界,,602.0,676.0,0,0,52.0
2037,56,21,99857,100032,13,8,56,0.0,落地致勝,對手落地致勝,,363.0,634.0,0,0,56.0
2038,56,22,100790,101443,13,9,52,1.0,對手掛網,掛網,,744.0,419.0,0,0,53.0
2039,56,23,102489,103765,13,10,57,1.0,落地致勝,對手落地致勝,,698.0,283.0,0,0,53.0
2040,56,24,105110,105271,14,10,57,0.0,對手未過網,未過網,,779.0,511.0,0,0,56.0
2041,56,25,105894,105923,14,11,53,1.0,落地致勝,對手落地致勝,,490.0,311.0,0,0,52.0
2042,56,26,106696,106892,15,11,56,0.0,對手掛網,掛網,,675.0,427.0,0,0,56.0
2043,56,27,109381,109458,16,11,52,0.0,落地致勝,對手落地致勝,,559.0,527.0,0,0,56.0
2044,56,28,109817,109865,17,11,52,0.0,對手未過網,未過網,,613.0,393.0,0,0,56.0
2045,56,29,110255,110303,18,11,52,0.0,,,,0.0,0.0,0,0,
2046,56,30,110942,111155,18,12,57,1.0,對手出界,出界,,946.0,642.0,0,0,53.0
2047,56,31,111491,111499,19,12,57,0.0,對手掛網,掛網,,667.0,427.0,0,0,57.0
2048,56,32,112021,112333,20,12,53,0.0,落地致勝,對手落地致勝,,896.0,667.0,0,0,56.0
2049,56,33,113404,113653,21,12,52,0.0,對手出界,出界,,367.0,328.0,0,0,57.0
2050,61,1,9424,9806,1,0,23,0.0,落地致勝,對手落地致勝,,495.0,296.0,0,0,61.0
2051,61,2,10291,10421,1,1,23,1.0,對手出界,出界,,617.0,273.0,0,0,23.0
2052,61,3,10771,10838,2,1,60,0.0,對手掛網,掛網,,752.0,415.0,0,0,61.0
2053,61,4,11237,11569,3,1,24,0.0,對手掛網,掛網,,542.0,421.0,0,0,61.0
2054,61,5,11993,13076,3,2,24,1.0,對手出界,出界,,780.0,272.0,0,0,23.0
2055,61,6,13775,13827,4,2,61,0.0,對手掛網,掛網,,532.0,421.0,0,0,61.0
2056,61,7,14240,14366,4,3,23,1.0,對手出界,出界,,562.0,270.0,0,0,23.0
2057,61,8,14744,15096,5,3,60,0.0,對手出界,出界,,475.0,673.0,0,0,60.0
2058,61,9,15542,15969,6,3,24,0.0,落地致勝,對手落地致勝,,418.0,345.0,0,0,61.0
2059,61,10,16541,16668,7,3,24,0.0,對手掛網,掛網,,586.0,416.0,0,0,61.0
2060,61,11,17169,18090,7,4,24,1.0,對手掛網,掛網,,651.0,426.0,0,0,24.0
2061,61,12,18909,19414,7,5,61,1.0,對手未過網,未過網,,607.0,453.0,0,0,24.0
2062,61,13,20090,20317,7,6,61,1.0,對手出界,出界,,372.0,325.0,0,0,24.0
2063,61,14,20787,21388,7,7,61,1.0,對手出界,出界,,876.0,298.0,0,0,23.0
2064,61,15,21961,23468,7,8,61,1.0,落地致勝,對手落地致勝,,530.0,633.0,0,0,23.0
2065,61,16,24487,24525,8,8,61,0.0,對手出界,出界,,882.0,638.0,0,0,61.0
2066,61,17,25070,25160,9,8,23,0.0,對手出界,出界,,515.0,699.0,0,0,61.0
2067,61,18,25636,25877,10,8,23,0.0,對手掛網,掛網,,609.0,419.0,0,0,60.0
2068,61,19,26447,26640,11,8,23,0.0,對手落點判斷失誤,落點判斷失誤,,431.0,278.0,0,0,61.0
2069,61,20,29123,29531,11,9,23,1.0,落地致勝,對手落地致勝,,804.0,599.0,0,0,23.0
2070,61,21,30476,30811,12,9,60,0.0,對手掛網,掛網,,520.0,420.0,0,0,60.0
2071,61,22,31400,31535,13,9,24,0.0,對手出界,出界,,955.0,555.0,0,0,60.0
2072,61,23,32056,33284,13,10,24,1.0,對手出界,出界,,865.0,362.0,0,0,24.0
2073,61,24,34172,34465,13,11,61,1.0,對手出界,出界,,858.0,364.0,0,0,24.0
2074,61,25,35051,35238,14,11,61,0.0,對手掛網,掛網,,674.0,412.0,0,0,60.0
2075,61,26,35903,36314,15,11,23,0.0,落地致勝,對手落地致勝,,707.0,333.0,0,0,60.0
2076,61,27,37070,37174,15,12,23,1.0,對手掛網,掛網,,378.0,442.0,0,0,23.0
2077,61,28,38010,38619,15,13,60,1.0,對手掛網,掛網,,453.0,432.0,0,0,23.0
2078,61,29,39239,39478,16,13,60,0.0,對手落點判斷失誤,落點判斷失誤,,425.0,281.0,0,0,61.0
2079,61,30,40055,40504,16,14,24,1.0,落地致勝,對手落地致勝,,372.0,569.0,0,0,24.0
2080,61,31,41480,42339,16,15,61,1.0,對手落點判斷失誤,落點判斷失誤,,681.0,666.0,0,0,24.0
2081,61,32,43512,43615,17,15,61,0.0,對手未過網,未過網,,766.0,268.0,0,0,61.0
2082,61,33,44246,44418,18,15,23,0.0,對手掛網,掛網,,459.0,415.0,0,0,60.0
2083,61,34,45196,45629,19,15,23,0.0,對手掛網,掛網,,555.0,418.0,0,0,60.0
2084,61,35,46377,48080,20,15,23,0.0,對手出界,出界,,319.0,584.0,0,0,61.0
2085,61,36,50135,50162,20,16,23,1.0,對手出界,出界,,620.0,378.0,0,0,23.0
2086,61,37,50868,50912,21,16,60,0.0,對手出界,出界,,956.0,642.0,0,0,60.0
2087,62,1,55827,56282,1,0,23,0.0,對手掛網,掛網,,776.0,418.0,0,0,24.0
2088,62,2,56819,57275,2,0,60,0.0,對手掛網,掛網,,433.0,417.0,0,0,24.0
2089,62,3,57848,57881,2,1,60,1.0,落地致勝,對手落地致勝,,876.0,531.0,0,0,61.0
2090,62,4,58308,59959,3,1,24,0.0,對手出界,出界,,1124.0,494.0,0,0,23.0
2091,62,5,60957,60989,4,1,61,0.0,對手掛網,掛網,,675.0,415.0,0,0,24.0
2092,62,6,61503,62113,4,2,61,1.0,落地致勝,對手落地致勝,,643.0,662.0,0,0,61.0
2093,62,7,62833,62998,4,3,23,1.0,落地致勝,對手落地致勝,,936.0,631.0,0,0,61.0
2094,62,8,63605,64206,4,4,23,1.0,對手未過網,未過網,,513.0,443.0,0,0,60.0
2095,62,9,65204,65300,5,4,23,0.0,落地致勝,對手落地致勝,,531.0,355.0,0,0,24.0
2096,62,10,65947,66612,5,5,60,1.0,對手掛網,掛網,,581.0,429.0,0,0,60.0
2097,62,11,67378,67473,6,5,24,0.0,對手掛網,掛網,,627.0,415.0,0,0,24.0
2098,62,12,68184,68538,7,5,61,0.0,落地致勝,對手落地致勝,,476.0,296.0,0,0,24.0
2099,62,13,69557,69941,8,5,61,0.0,對手出界,出界,,347.0,463.0,0,0,24.0
2100,62,14,70705,70990,8,6,61,1.0,落地致勝,對手落地致勝,,640.0,444.0,0,0,61.0
2101,62,15,71678,72498,9,6,23,0.0,落地致勝,對手落地致勝,,523.0,281.0,0,0,23.0
2102,62,16,73963,74222,9,7,60,1.0,對手出界,出界,,861.0,290.0,0,0,60.0
2103,62,17,74930,75619,9,8,24,1.0,對手出界,出界,,403.0,308.0,0,0,60.0
2104,62,18,76393,77023,10,8,24,0.0,對手未過網,未過網,,393.0,334.0,0,0,24.0
2105,62,19,78092,78320,11,8,61,0.0,對手出界,出界,,775.0,679.0,0,0,24.0
2106,62,20,81064,81991,11,9,61,1.0,對手出界,出界,,859.0,280.0,0,0,60.0
2107,62,21,82948,83297,12,9,23,0.0,對手落點判斷失誤,落點判斷失誤,,840.0,333.0,0,0,24.0
2108,62,22,84263,84745,13,9,60,0.0,對手未過網,未過網,,772.0,295.0,0,0,23.0
2109,62,23,85999,86049,14,9,60,0.0,對手掛網,掛網,,747.0,421.0,0,0,24.0
2110,62,24,86505,86717,15,9,60,0.0,落地致勝,對手落地致勝,,714.0,297.0,0,0,24.0
2111,62,25,87488,87512,16,9,60,0.0,對手掛網,掛網,,620.0,413.0,0,0,23.0
2112,62,26,87996,88676,17,9,60,0.0,落地致勝,對手落地致勝,,415.0,365.0,0,0,23.0
2113,62,27,89334,89915,18,9,60,0.0,對手掛網,掛網,,725.0,417.0,0,0,23.0
2114,62,28,90642,91075,18,10,60,1.0,對手落點判斷失誤,落點判斷失誤,,669.0,664.0,0,0,61.0
2115,62,29,91943,92052,18,11,24,1.0,對手掛網,掛網,,491.0,435.0,0,0,60.0
2116,62,30,92538,92538,18,12,24,1.0,,,,0.0,0.0,0,0,
2117,62,31,93361,93755,19,12,24,0.0,對手掛網,掛網,,390.0,411.0,0,0,23.0
2118,62,32,94483,97379,20,12,61,0.0,對手掛網,掛網,,630.0,411.0,0,0,23.0
2119,62,33,99045,99045,21,12,60,0.0,,,,0.0,0.0,0,0,
2120,63,1,104890,105214,1,0,60,0.0,對手未過網,未過網,,523.0,387.0,0,0,60.0
2121,63,2,105733,105863,2,0,24,0.0,對手出界,出界,,857.0,700.0,0,0,60.0
2122,63,3,106343,106428,2,1,24,1.0,對手出界,出界,,750.0,271.0,0,0,24.0
2123,63,4,107034,107876,3,1,61,0.0,對手出界,出界,,966.0,634.0,0,0,60.0
2124,63,5,108822,108929,4,1,23,0.0,落地致勝,對手落地致勝,,516.0,307.0,0,0,61.0
2125,63,6,109587,109839,5,1,23,0.0,落地致勝,對手落地致勝,,467.0,305.0,0,0,61.0
2126,63,7,110478,110742,5,2,23,1.0,對手未過網,未過網,,509.0,443.0,0,0,23.0
2127,63,8,112311,112343,5,3,60,1.0,落地致勝,對手落地致勝,,699.0,486.0,0,0,24.0
2128,63,9,112864,114798,6,3,60,0.0,落地致勝,對手落地致勝,,687.0,372.0,0,0,61.0
2129,63,10,115785,116110,7,3,24,0.0,對手落點判斷失誤,落點判斷失誤,,426.0,285.0,0,0,60.0
2130,63,11,116855,116888,8,3,24,0.0,對手出界,出界,,950.0,628.0,0,0,60.0
2131,63,12,117425,117592,8,4,24,1.0,對手出界,出界,,837.0,281.0,0,0,24.0
2132,63,13,118732,120738,9,4,61,0.0,落地致勝,對手落地致勝,,661.0,375.0,0,0,60.0
2133,63,14,122035,122035,10,4,23,0.0,,,,0.0,0.0,0,0,
2134,63,15,123086,124415,11,4,23,0.0,對手出界,出界,,834.0,673.0,0,0,61.0
2135,63,16,127607,127788,11,5,23,1.0,對手掛網,掛網,,654.0,419.0,0,0,24.0
2136,63,17,128298,128469,11,6,60,1.0,對手未過網,未過網,,1014.0,404.0,0,0,24.0
2137,63,18,129083,130160,12,6,60,0.0,對手出界,出界,,851.0,286.0,0,0,60.0
2138,63,19,131216,131488,12,7,24,1.0,對手掛網,掛網,,668.0,417.0,0,0,24.0
2139,63,20,132626,133741,12,8,61,1.0,落地致勝,對手落地致勝,,595.0,336.0,0,0,24.0
2140,63,21,134731,135427,12,9,61,1.0,落地致勝,對手落地致勝,,804.0,331.0,0,0,24.0
2141,63,22,136455,137048,12,10,61,1.0,對手出界,出界,,772.0,674.0,0,0,23.0
2142,63,23,137903,137986,13,10,61,0.0,落地致勝,對手落地致勝,,670.0,525.0,0,0,61.0
2143,63,24,138893,139102,14,10,23,0.0,對手掛網,掛網,,482.0,437.0,0,0,60.0
2144,63,25,139848,141115,15,10,23,0.0,對手掛網,掛網,,760.0,437.0,0,0,60.0
2145,63,26,142230,142430,15,11,23,1.0,對手掛網,掛網,,682.0,414.0,0,0,23.0
2146,63,27,143995,143995,16,11,60,0.0,,,,0.0,0.0,0,0,
2147,63,28,144654,144781,17,11,24,0.0,對手掛網,掛網,,439.0,430.0,0,0,61.0
2148,63,29,145460,145759,17,12,24,1.0,落地致勝,對手落地致勝,,509.0,313.0,0,0,23.0
2149,63,30,146865,146981,18,12,61,0.0,對手出界,出界,,357.0,323.0,0,0,60.0
2150,63,31,147824,148080,19,12,23,0.0,對手出界,出界,,501.0,270.0,0,0,60.0
2151,63,32,148833,149371,19,13,23,1.0,對手掛網,掛網,,658.0,417.0,0,0,24.0
2152,63,33,151086,151249,20,13,60,0.0,對手掛網,掛網,,424.0,438.0,0,0,61.0
2153,63,34,151993,152644,21,13,24,0.0,對手未過網,未過網,,181.0,509.0,0,0,61.0
2154,64,1,7920,8586,0,1,33,1.0,對手出界,出界,,862.0,290.0,0,0,14.0
2155,64,2,9207,9968,1,1,46,0.0,對手出界,出界,,276.0,448.0,0,0,47.0
2156,64,3,10702,10922,1,2,33,1.0,對手未過網,未過網,,961.0,547.0,0,0,33.0
2157,64,4,11664,12034,2,2,47,0.0,對手未過網,未過網,,712.0,368.0,0,0,46.0
2158,64,5,12538,12608,3,2,14,0.0,落地致勝,對手落地致勝,,433.0,292.0,0,0,47.0
2159,64,6,13027,13275,3,3,14,1.0,落地致勝,對手落地致勝,,800.0,627.0,0,0,14.0
2160,64,7,13958,14796,3,4,46,1.0,落地致勝,對手落地致勝,,634.0,602.0,0,0,33.0
2161,64,8,15748,16910,4,4,46,0.0,對手未過網,未過網,,831.0,415.0,0,0,46.0
2162,64,9,18173,18273,5,4,33,0.0,對手掛網,掛網,,500.0,415.0,0,0,47.0
2163,64,10,18673,18807,6,4,33,0.0,對手落點判斷失誤,落點判斷失誤,,802.0,277.0,0,0,46.0
2164,64,11,19262,20003,7,4,33,0.0,落地致勝,對手落地致勝,,640.0,286.0,0,0,47.0
2165,64,12,21063,22843,8,4,33,0.0,落地致勝,對手落地致勝,,657.0,326.0,0,0,46.0
2166,64,13,23875,24176,9,4,33,0.0,對手出界,出界,,536.0,679.0,0,0,46.0
2167,64,14,24811,27259,9,5,33,1.0,對手出界,出界,,882.0,297.0,0,0,33.0
2168,64,15,28658,29493,9,6,47,1.0,對手未過網,未過網,,458.0,427.0,0,0,14.0
2169,64,16,30206,30690,10,6,47,0.0,對手掛網,掛網,,728.0,420.0,0,0,47.0
2170,64,17,31460,32108,11,6,14,0.0,對手掛網,掛網,,494.0,413.0,0,0,46.0
2171,64,18,34251,34393,11,7,14,1.0,落地致勝,對手落地致勝,,799.0,560.0,0,0,14.0
2172,64,19,35316,35588,12,7,46,0.0,對手未過網,未過網,,790.0,416.0,0,0,46.0
2173,64,20,36182,36207,12,8,33,1.0,對手出界,出界,,622.0,382.0,0,0,33.0
2174,64,21,36525,36632,13,8,47,0.0,對手出界,出界,,529.0,681.0,0,0,47.0
2175,64,22,37075,37172,14,8,14,0.0,對手掛網,掛網,,524.0,417.0,0,0,47.0
2176,64,23,37578,38514,14,9,14,1.0,對手掛網,掛網,,451.0,428.0,0,0,33.0
2177,64,24,39497,39556,15,9,46,0.0,對手掛網,掛網,,670.0,411.0,0,0,46.0
2178,64,25,40097,40596,15,10,33,1.0,落地致勝,對手落地致勝,,829.0,602.0,0,0,33.0
2179,64,26,41328,41413,16,10,47,0.0,落地致勝,對手落地致勝,,754.0,282.0,0,0,47.0
2180,64,27,41897,41897,16,11,14,1.0,,,,0.0,0.0,0,0,
2181,64,28,42613,43334,17,11,46,0.0,對手掛網,掛網,,786.0,411.0,0,0,46.0
2182,64,29,44195,46008,18,11,33,0.0,落地致勝,對手落地致勝,,492.0,329.0,0,0,47.0
2183,64,30,47053,47657,19,11,33,0.0,對手出界,出界,,970.0,638.0,0,0,47.0
2184,64,31,48204,48470,20,11,33,0.0,落地致勝,對手落地致勝,,761.0,285.0,0,0,46.0
2185,64,32,49104,49195,20,12,33,1.0,對手掛網,掛網,,503.0,429.0,0,0,14.0
2186,64,33,49843,50317,20,13,47,1.0,落地致勝,對手落地致勝,,443.0,689.0,0,0,33.0
2187,64,34,51000,51149,21,13,47,0.0,對手未過網,未過網,,603.0,442.0,0,0,46.0
2188,65,1,55137,57020,1,0,14,0.0,對手出界,出界,,837.0,280.0,0,0,46.0
2189,65,2,57851,58006,2,0,33,0.0,對手出界,出界,,911.0,343.0,0,0,47.0
2190,65,3,58446,58838,3,0,14,0.0,落地致勝,對手落地致勝,,671.0,576.0,0,0,46.0
2191,65,4,59598,60834,3,1,14,1.0,落地致勝,對手落地致勝,,787.0,318.0,0,0,33.0
2192,65,5,62617,63317,3,2,46,1.0,對手掛網,掛網,,490.0,411.0,0,0,33.0
2193,65,6,64403,64522,4,2,46,0.0,對手掛網,掛網,,700.0,424.0,0,0,46.0
2194,65,7,65065,66170,4,3,33,1.0,落地致勝,對手落地致勝,,656.0,296.0,0,0,14.0
2195,65,8,67163,67440,5,3,47,0.0,對手掛網,掛網,,725.0,426.0,0,0,47.0
2196,65,9,68271,68429,6,3,14,0.0,對手掛網,掛網,,505.0,433.0,0,0,47.0
2197,65,10,69107,69156,7,3,14,0.0,對手出界,出界,,436.0,267.0,0,0,46.0
2198,65,11,69566,69611,8,3,14,0.0,對手出界,出界,,843.0,275.0,0,0,47.0
2199,65,12,70114,70386,9,3,14,0.0,落地致勝,對手落地致勝,,637.0,582.0,0,0,47.0
2200,65,13,70964,71453,10,3,14,0.0,對手掛網,掛網,,448.0,432.0,0,0,46.0
2201,65,14,72077,72616,11,3,14,0.0,對手出界,出界,,868.0,327.0,0,0,46.0
2202,65,15,74833,75351,11,4,14,1.0,對手未過網,未過網,,620.0,367.0,0,0,14.0
2203,65,16,76174,76770,11,5,46,1.0,對手出界,出界,,479.0,675.0,0,0,14.0
2204,65,17,78627,79216,12,5,46,0.0,落地致勝,對手落地致勝,,467.0,570.0,0,0,47.0
2205,65,18,79853,80141,12,6,33,1.0,對手未過網,未過網,,496.0,300.0,0,0,33.0
2206,65,19,80919,82710,13,6,47,0.0,對手出界,出界,,844.0,282.0,0,0,46.0
2207,65,20,84011,84317,14,6,14,0.0,對手掛網,掛網,,609.0,429.0,0,0,46.0
2208,65,21,85120,86297,15,6,14,0.0,對手出界,出界,,878.0,304.0,0,0,47.0
2209,65,22,87231,88073,16,6,14,0.0,落地致勝,對手落地致勝,,487.0,538.0,0,0,46.0
2210,65,23,89525,90935,16,7,14,1.0,對手未過網,未過網,,276.0,307.0,0,0,14.0
2211,65,24,92152,92944,17,7,46,0.0,落地致勝,對手落地致勝,,361.0,578.0,0,0,47.0
2212,65,25,93856,94229,18,7,33,0.0,對手未過網,未過網,,247.0,487.0,0,0,47.0
2213,65,26,95012,95026,18,8,33,1.0,對手掛網,掛網,,676.0,416.0,0,0,33.0
2214,65,27,95392,95844,19,8,47,0.0,對手出界,出界,,526.0,263.0,0,0,47.0
2215,65,28,96452,96506,19,9,14,1.0,落地致勝,對手落地致勝,,498.0,282.0,0,0,33.0
2216,65,29,97196,98004,19,10,46,1.0,對手未過網,未過網,,484.0,391.0,0,0,33.0
2217,65,30,100085,100133,20,10,46,0.0,對手犯規,犯規,,578.0,289.0,0,0,46.0
2218,65,31,100845,102104,21,10,33,0.0,對手未過網,未過網,,836.0,430.0,0,0,46.0
2219,66,1,15242,15990,0,1,14,1.0,對手掛網,掛網,,482.0,402.0,0,0,14.0
2220,66,2,16685,17105,1,1,24,0.0,對手出界,出界,,744.0,244.0,0,0,23.0
2221,66,3,17711,17893,1,2,33,1.0,對手掛網,掛網,,549.0,400.0,0,0,14.0
2222,66,4,18436,18921,2,2,23,0.0,對手掛網,掛網,,686.0,414.0,0,0,24.0
2223,66,5,19645,20149,3,2,14,0.0,對手出界,出界,,850.0,278.0,0,0,24.0
2224,66,6,20717,21913,4,2,14,0.0,對手掛網,掛網,,569.0,414.0,0,0,24.0
2225,66,7,22696,22910,4,3,14,1.0,落地致勝,對手落地致勝,,718.0,278.0,0,0,14.0
2226,66,8,23596,23807,5,3,24,0.0,對手掛網,掛網,,717.0,417.0,0,0,23.0
2227,66,9,24500,26401,6,3,33,0.0,對手出界,出界,,579.0,255.0,0,0,23.0
2228,66,10,27185,27294,6,4,33,1.0,對手出界,出界,,908.0,454.0,0,0,33.0
2229,66,11,27936,28031,7,4,23,0.0,對手出界,出界,,522.0,250.0,0,0,23.0
2230,66,12,28511,28691,7,5,14,1.0,落地致勝,對手落地致勝,,590.0,404.0,0,0,33.0
2231,66,13,29256,29630,8,5,24,0.0,對手未過網,未過網,,402.0,450.0,0,0,23.0
2232,66,14,30418,31656,9,5,33,0.0,對手掛網,掛網,,554.0,418.0,0,0,24.0
2233,66,15,32550,33075,9,6,33,1.0,對手掛網,掛網,,813.0,398.0,0,0,33.0
2234,66,16,33813,34283,10,6,23,0.0,對手出界,出界,,845.0,266.0,0,0,23.0
2235,66,17,35143,36450,10,7,14,1.0,對手掛網,掛網,,612.0,394.0,0,0,33.0
2236,66,18,37411,37436,11,7,24,0.0,對手出界,出界,,668.0,364.0,0,0,24.0
2237,66,19,39997,40324,11,8,33,1.0,對手未過網,未過網,,743.0,387.0,0,0,33.0
2238,66,20,41050,41296,11,9,23,1.0,落地致勝,對手落地致勝,,776.0,339.0,0,0,33.0
2239,66,21,42234,43419,12,9,23,0.0,對手未過網,未過網,,582.0,387.0,0,0,24.0
2240,66,22,44563,44762,13,9,14,0.0,對手掛網,掛網,,461.0,417.0,0,0,23.0
2241,66,23,45336,45900,13,10,14,1.0,對手掛網,掛網,,479.0,407.0,0,0,33.0
2242,66,24,46759,47589,14,10,24,0.0,落地致勝,對手落地致勝,,514.0,460.0,0,0,24.0
2243,66,25,48791,49058,15,10,33,0.0,對手未過網,未過網,,699.0,587.0,0,0,24.0
2244,66,26,49733,50103,16,10,33,0.0,對手未過網,未過網,,342.0,575.0,0,0,24.0
2245,66,27,51049,51507,16,11,33,1.0,對手掛網,掛網,,764.0,402.0,0,0,33.0
2246,66,28,52638,54363,16,12,23,1.0,落地致勝,對手落地致勝,,581.0,270.0,0,0,33.0
2247,66,29,55477,58939,16,13,23,1.0,對手未過網,未過網,,693.0,389.0,0,0,33.0
2248,66,30,61304,61531,17,13,23,0.0,對手出界,出界,,892.0,345.0,0,0,24.0
2249,66,31,62203,62233,17,14,14,1.0,對手出界,出界,,583.0,463.0,0,0,14.0
2250,66,32,62910,63910,17,15,24,1.0,對手未過網,未過網,,492.0,446.0,0,0,14.0
2251,66,33,65666,65691,18,15,24,0.0,對手掛網,掛網,,664.0,414.0,0,0,24.0
2252,66,34,66319,66834,18,16,33,1.0,對手出界,出界,,1004.0,606.0,0,0,14.0
2253,66,35,67631,69230,18,17,23,1.0,對手出界,出界,,472.0,667.0,0,0,33.0
2254,66,36,70430,71321,18,18,23,1.0,對手掛網,掛網,,489.0,396.0,0,0,33.0
2255,66,37,72721,72837,19,18,23,0.0,對手出界,出界,,505.0,256.0,0,0,24.0
2256,66,38,74099,74298,19,19,14,1.0,對手出界,出界,,1000.0,618.0,0,0,14.0
2257,66,39,75204,75828,20,19,24,0.0,對手出界,出界,,419.0,294.0,0,0,24.0
2258,66,40,78048,78118,20,20,33,1.0,對手出界,出界,,712.0,661.0,0,0,14.0
2259,66,41,79789,81298,21,20,23,0.0,對手出界,出界,,805.0,254.0,0,0,24.0
2260,66,42,82392,83077,22,20,14,0.0,對手落點判斷失誤,落點判斷失誤,,605.0,654.0,0,0,23.0
2261,67,1,87733,87829,1,0,14,0.0,對手掛網,掛網,,635.0,396.0,0,0,23.0
2262,67,2,88548,88665,2,0,14,0.0,對手掛網,掛網,,784.0,399.0,0,0,24.0
2263,67,3,89364,89640,3,0,14,0.0,對手出界,出界,,588.0,662.0,0,0,24.0
2264,67,4,90094,90176,4,0,14,0.0,落地致勝,對手落地致勝,,663.0,281.0,0,0,24.0
2265,67,5,90627,91573,5,0,14,0.0,對手掛網,掛網,,831.0,410.0,0,0,23.0
2266,67,6,93061,93374,5,1,14,1.0,對手出界,出界,,905.0,311.0,0,0,33.0
2267,67,7,94083,94333,5,2,24,1.0,對手落點判斷失誤,落點判斷失誤,,422.0,651.0,0,0,33.0
2268,67,8,95137,95448,6,2,24,0.0,對手掛網,掛網,,709.0,404.0,0,0,23.0
2269,67,9,96197,97711,6,3,33,1.0,對手出界,出界,,866.0,272.0,0,0,33.0
2270,67,10,98510,101598,7,3,23,0.0,對手掛網,掛網,,596.0,407.0,0,0,24.0
2271,67,11,103248,103369,8,3,14,0.0,落地致勝,對手落地致勝,,507.0,267.0,0,0,24.0
2272,67,12,104136,105153,8,4,14,1.0,對手未過網,未過網,,326.0,555.0,0,0,33.0
2273,67,13,106269,106366,9,4,24,0.0,對手掛網,掛網,,828.0,401.0,0,0,24.0
2274,67,14,107153,108619,10,4,33,0.0,對手掛網,掛網,,611.0,402.0,0,0,24.0
2275,67,15,110262,111033,11,4,33,0.0,對手未過網,未過網,,442.0,359.0,0,0,24.0
2276,67,16,113956,115070,12,4,33,0.0,對手出界,出界,,974.0,669.0,0,0,24.0
2277,67,17,116011,116339,12,5,33,1.0,對手未過網,未過網,,932.0,546.0,0,0,14.0
2278,67,18,116993,117533,13,5,23,0.0,對手未過網,未過網,,706.0,401.0,0,0,24.0
2279,67,19,118244,118375,14,5,14,0.0,對手未過網,未過網,,675.0,412.0,0,0,24.0
2280,67,20,119000,119210,15,5,14,0.0,對手掛網,掛網,,639.0,405.0,0,0,24.0
2281,67,21,119992,120046,15,6,14,1.0,落地致勝,對手落地致勝,,337.0,634.0,0,0,33.0
2282,67,22,120872,120957,15,7,24,1.0,對手出界,出界,,859.0,267.0,0,0,14.0
2283,67,23,121493,122442,15,8,24,1.0,對手掛網,掛網,,469.0,422.0,0,0,14.0
2284,67,24,125376,125413,15,9,24,1.0,對手掛網,掛網,,584.0,418.0,0,0,33.0
2285,67,25,126485,127605,16,9,24,0.0,對手未過網,未過網,,687.0,344.0,0,0,24.0
2286,67,26,128602,128879,17,9,33,0.0,對手出界,出界,,296.0,617.0,0,0,23.0
2287,67,27,129508,129697,17,10,33,1.0,對手未過網,未過網,,677.0,518.0,0,0,14.0
2288,67,28,130401,130557,18,10,23,0.0,對手出界,出界,,844.0,675.0,0,0,24.0
2289,67,29,131205,132228,19,10,14,0.0,對手出界,出界,,390.0,664.0,0,0,23.0
2290,67,30,133878,133997,20,10,14,0.0,落地致勝,對手落地致勝,,491.0,310.0,0,0,24.0
2291,67,31,134553,136969,21,10,14,0.0,對手出界,出界,,750.0,658.0,0,0,24.0
2292,68,1,12172,12210,1,0,62,0.0,對手出界,出界,,330.0,401.0,0,0,54.0
2293,68,2,12633,12663,1,1,62,1.0,落地致勝,對手落地致勝,,638.0,375.0,0,0,63.0
2294,68,3,13119,13193,1,2,54,1.0,對手出界,出界,,250.0,547.0,0,0,62.0
2295,68,4,13608,13658,2,2,54,0.0,對手掛網,掛網,,647.0,476.0,0,0,55.0
2296,68,5,14118,14151,3,2,63,0.0,對手掛網,掛網,,761.0,475.0,0,0,55.0
2297,68,6,14615,14646,3,3,63,1.0,對手掛網,掛網,,613.0,470.0,0,0,63.0
2298,68,7,15154,15271,3,4,54,1.0,對手未過網,未過網,,890.0,439.0,0,0,63.0
2299,68,8,15795,15932,4,4,54,0.0,對手掛網,掛網,,854.0,493.0,0,0,55.0
2300,68,9,16492,16814,5,4,62,0.0,對手出界,出界,,690.0,324.0,0,0,54.0
2301,68,10,17469,17554,5,5,62,1.0,對手未過網,未過網,,733.0,383.0,0,0,62.0
2302,68,11,18195,18269,6,5,55,0.0,對手出界,出界,,489.0,324.0,0,0,54.0
2303,68,12,18745,18909,6,6,63,1.0,落地致勝,對手落地致勝,,557.0,356.0,0,0,63.0
2304,68,13,19785,19822,7,6,54,0.0,落地致勝,對手落地致勝,,435.0,540.0,0,0,55.0
2305,68,14,20331,20423,7,7,62,1.0,對手未過網,未過網,,611.0,303.0,0,0,63.0
2306,68,15,21141,21278,8,7,55,0.0,對手出界,出界,,580.0,323.0,0,0,55.0
2307,68,16,21814,22052,9,7,63,0.0,落地致勝,對手落地致勝,,923.0,578.0,0,0,54.0
2308,68,17,22746,22951,10,7,63,0.0,落地致勝,對手落地致勝,,423.0,579.0,0,0,55.0
2309,68,18,23682,23897,11,7,63,0.0,對手未過網,未過網,,276.0,590.0,0,0,55.0
2310,68,19,26297,26446,11,8,63,1.0,對手未過網,未過網,,857.0,493.0,0,0,63.0
2311,68,20,27280,27578,12,8,54,0.0,落地致勝,對手落地致勝,,536.0,557.0,0,0,55.0
2312,68,21,28270,28302,13,8,62,0.0,對手掛網,掛網,,629.0,484.0,0,0,54.0
2313,68,22,28785,28823,14,8,62,0.0,對手掛網,掛網,,498.0,475.0,0,0,55.0
2314,68,23,29296,29651,14,9,62,1.0,對手出界,出界,,571.0,677.0,0,0,63.0
2315,68,24,30423,30530,15,9,55,0.0,落地致勝,對手落地致勝,,743.0,631.0,0,0,55.0
2316,68,25,31159,31205,15,10,63,1.0,對手出界,出界,,339.0,649.0,0,0,63.0
2317,68,26,32938,33018,16,10,54,0.0,落地致勝,對手落地致勝,,809.0,605.0,0,0,54.0
2318,68,27,33574,33689,17,10,62,0.0,對手掛網,掛網,,794.0,477.0,0,0,55.0
2319,68,28,34138,34203,17,11,62,1.0,對手掛網,掛網,,601.0,455.0,0,0,63.0
2320,68,29,34709,34832,18,11,55,0.0,對手出界,出界,,915.0,354.0,0,0,54.0
2321,68,30,35381,35490,18,12,63,1.0,對手出界,出界,,91.0,597.0,0,0,63.0
2322,68,31,36033,36256,18,13,54,1.0,落地致勝,對手落地致勝,,640.0,325.0,0,0,63.0
2323,68,32,36952,37096,19,13,54,0.0,對手未過網,未過網,,322.0,482.0,0,0,55.0
2324,68,33,37808,37885,19,14,62,1.0,對手掛網,掛網,,438.0,466.0,0,0,63.0
2325,68,34,38694,38843,20,14,55,0.0,對手未過網,未過網,,512.0,489.0,0,0,55.0
2326,68,35,39399,39448,20,15,63,1.0,對手掛網,掛網,,720.0,460.0,0,0,63.0
2327,68,36,40189,40640,21,15,54,0.0,對手未過網,未過網,,972.0,444.0,0,0,55.0
2328,69,1,44801,44895,1,0,62,0.0,對手出界,出界,,260.0,394.0,0,0,62.0
2329,69,2,45618,45834,1,1,55,1.0,落地致勝,對手落地致勝,,645.0,371.0,0,0,55.0
2330,69,3,46426,46479,1,2,63,1.0,對手出界,出界,,246.0,642.0,0,0,55.0
2331,69,4,47052,47134,2,2,63,0.0,落地致勝,對手落地致勝,,402.0,634.0,0,0,63.0
2332,69,5,47780,47864,2,3,54,1.0,對手出界,出界,,1005.0,542.0,0,0,54.0
2333,69,6,48567,49153,3,3,62,0.0,對手掛網,掛網,,391.0,481.0,0,0,63.0
2334,69,7,51017,51310,4,3,55,0.0,對手掛網,掛網,,467.0,476.0,0,0,62.0
2335,69,8,52086,52126,4,4,55,1.0,落地致勝,對手落地致勝,,412.0,458.0,0,0,55.0
2336,69,9,52764,52980,4,5,63,1.0,對手出界,出界,,905.0,676.0,0,0,54.0
2337,69,10,53609,53849,5,5,63,0.0,對手未過網,未過網,,770.0,508.0,0,0,63.0
2338,69,11,54651,54801,5,6,54,1.0,落地致勝,對手落地致勝,,586.0,341.0,0,0,55.0
2339,69,12,55614,55642,6,6,62,0.0,對手掛網,掛網,,601.0,481.0,0,0,62.0
2340,69,13,56262,56424,7,6,55,0.0,對手出界,出界,,361.0,331.0,0,0,63.0
2341,69,14,57311,57434,8,6,55,0.0,落地致勝,對手落地致勝,,799.0,597.0,0,0,63.0
2342,69,15,58236,58332,8,7,55,1.0,對手出界,出界,,805.0,675.0,0,0,55.0
2343,69,16,58913,58971,9,7,63,0.0,對手掛網,掛網,,715.0,482.0,0,0,62.0
2344,69,17,59603,59759,9,8,54,1.0,對手出界,出界,,872.0,682.0,0,0,55.0
2345,69,18,60365,60452,9,9,62,1.0,落地致勝,對手落地致勝,,767.0,402.0,0,0,54.0
2346,69,19,61071,61147,9,10,62,1.0,對手掛網,掛網,,459.0,464.0,0,0,55.0
2347,69,20,61739,62232,10,10,62,0.0,對手掛網,掛網,,594.0,486.0,0,0,63.0
2348,69,21,64179,64415,11,10,55,0.0,對手掛網,掛網,,376.0,488.0,0,0,62.0
2349,69,22,67217,67405,12,10,55,0.0,對手未過網,未過網,,1269.0,530.0,0,0,63.0
2350,69,23,68633,68879,13,10,55,0.0,對手落點判斷失誤,落點判斷失誤,,397.0,667.0,0,0,63.0
2351,69,24,70360,70506,14,10,55,0.0,對手出界,出界,,438.0,324.0,0,0,63.0
2352,69,25,71131,71176,14,11,55,1.0,對手掛網,掛網,,765.0,465.0,0,0,55.0
2353,69,26,71678,72249,15,11,63,0.0,落地致勝,對手落地致勝,,480.0,637.0,0,0,63.0
2354,69,27,73347,73474,16,11,54,0.0,對手掛網,掛網,,526.0,479.0,0,0,63.0
2355,69,28,74409,74452,16,12,54,1.0,對手出界,出界,,1001.0,630.0,0,0,54.0
2356,69,29,75126,75346,16,13,62,1.0,對手掛網,掛網,,863.0,462.0,0,0,55.0
2357,69,30,76630,76736,16,14,62,1.0,落地致勝,對手落地致勝,,776.0,399.0,0,0,55.0
2358,69,31,78349,78388,16,15,62,1.0,對手出界,出界,,324.0,510.0,0,0,54.0
2359,69,32,80141,80175,16,16,62,1.0,對手掛網,掛網,,691.0,462.0,0,0,55.0
2360,69,33,80806,80878,17,16,62,0.0,對手掛網,掛網,,873.0,480.0,0,0,62.0
2361,69,34,81593,81845,17,17,55,1.0,落地致勝,對手落地致勝,,386.0,381.0,0,0,55.0
2362,69,35,82745,82814,17,18,63,1.0,落地致勝,對手落地致勝,,650.0,455.0,0,0,54.0
2363,69,36,83511,83753,17,19,63,1.0,對手出界,出界,,292.0,598.0,0,0,54.0
2364,69,37,84582,84657,18,19,63,0.0,對手未過網,未過網,,1003.0,390.0,0,0,62.0
2365,69,38,85610,85757,19,19,54,0.0,對手未過網,未過網,,993.0,476.0,0,0,63.0
2366,69,39,86614,86666,19,20,54,1.0,落地致勝,對手落地致勝,,796.0,370.0,0,0,55.0
2367,69,40,87918,88083,20,20,62,0.0,對手掛網,掛網,,763.0,481.0,0,0,63.0
2368,69,41,89759,89814,20,21,55,1.0,對手出界,出界,,637.0,676.0,0,0,55.0
2369,69,42,90624,90737,21,21,63,0.0,落地致勝,對手落地致勝,,831.0,552.0,0,0,63.0
2370,69,43,92013,92145,21,22,54,1.0,對手出界,出界,,126.0,605.0,0,0,55.0
2371,69,44,93069,93160,22,22,62,0.0,對手出界,出界,,526.0,321.0,0,0,62.0
2372,69,45,93856,94073,23,22,55,0.0,對手掛網,掛網,,771.0,481.0,0,0,63.0
2373,69,46,94978,95267,23,23,55,1.0,落地致勝,對手落地致勝,,820.0,373.0,0,0,55.0
2374,69,47,96175,96317,24,23,63,0.0,對手掛網,掛網,,735.0,480.0,0,0,63.0
2375,69,48,97170,97598,25,23,54,0.0,對手未過網,未過網,,1254.0,490.0,0,0,63.0
2376,70,1,102254,102312,1,0,55,0.0,對手未過網,未過網,,152.0,656.0,0,0,54.0
2377,70,2,102846,103005,2,0,62,0.0,落地致勝,對手落地致勝,,613.0,481.0,0,0,54.0
2378,70,3,103667,103879,2,1,62,1.0,對手掛網,掛網,,735.0,469.0,0,0,63.0
2379,70,4,104661,104836,3,1,54,0.0,對手出界,出界,,187.0,389.0,0,0,55.0
2380,70,5,105502,105547,4,1,63,0.0,對手掛網,掛網,,601.0,464.0,0,0,54.0
2381,70,6,106386,106699,5,1,63,0.0,落地致勝,對手落地致勝,,716.0,582.0,0,0,54.0
2382,70,7,107672,107747,5,2,63,1.0,對手掛網,掛網,,658.0,467.0,0,0,63.0
2383,70,8,108383,108687,5,3,55,1.0,對手掛網,掛網,,574.0,467.0,0,0,63.0
2384,70,9,109686,109793,6,3,55,0.0,落地致勝,對手落地致勝,,611.0,477.0,0,0,55.0
2385,70,10,111051,111143,7,3,62,0.0,落地致勝,對手落地致勝,,754.0,600.0,0,0,55.0
2386,70,11,111828,111900,7,4,62,1.0,對手掛網,掛網,,753.0,468.0,0,0,63.0
2387,70,12,112599,112720,8,4,54,0.0,對手出界,出界,,802.0,324.0,0,0,54.0
2388,70,13,113398,113544,9,4,63,0.0,對手出界,出界,,198.0,464.0,0,0,55.0
2389,70,14,114256,114356,9,5,63,1.0,對手出界,出界,,760.0,675.0,0,0,63.0
2390,70,15,115059,115229,9,6,55,1.0,對手掛網,掛網,,765.0,457.0,0,0,62.0
2391,70,16,115934,116000,10,6,55,0.0,落地致勝,對手落地致勝,,606.0,595.0,0,0,54.0
2392,70,17,116702,116803,10,7,62,1.0,對手掛網,掛網,,668.0,462.0,0,0,62.0
2393,70,18,117597,117694,11,7,54,0.0,對手出界,出界,,1273.0,461.0,0,0,54.0
2394,70,19,120338,120713,11,8,63,1.0,對手掛網,掛網,,920.0,477.0,0,0,62.0
2395,70,20,121639,121692,12,8,55,0.0,對手掛網,掛網,,674.0,466.0,0,0,55.0
2396,70,21,122304,122364,13,8,62,0.0,落地致勝,對手落地致勝,,513.0,339.0,0,0,55.0
2397,70,22,122951,123206,14,8,62,0.0,落地致勝,對手落地致勝,,606.0,371.0,0,0,55.0
2398,70,23,124859,124914,15,8,62,0.0,落地致勝,對手落地致勝,,392.0,334.0,0,0,55.0
2399,70,24,125517,125549,15,9,62,1.0,對手出界,出界,,777.0,432.0,0,0,62.0
2400,70,25,126162,126285,15,10,54,1.0,對手出界,出界,,799.0,325.0,0,0,62.0
2401,70,26,126993,127050,16,10,54,0.0,落地致勝,對手落地致勝,,668.0,385.0,0,0,55.0
2402,70,27,127681,127870,16,11,63,1.0,對手出界,出界,,869.0,326.0,0,0,63.0
2403,70,28,128530,128595,17,11,55,0.0,對手未過網,未過網,,792.0,490.0,0,0,54.0
2404,70,29,129177,129374,17,12,62,1.0,對手出界,出界,,513.0,325.0,0,0,63.0
2405,70,30,130161,130197,18,12,54,0.0,落地致勝,對手落地致勝,,622.0,379.0,0,0,54.0
2406,70,31,130827,130864,19,12,63,0.0,對手掛網,掛網,,506.0,466.0,0,0,54.0
2407,70,32,131554,131682,19,13,63,1.0,對手掛網,掛網,,391.0,479.0,0,0,62.0
2408,70,33,132344,132600,19,14,55,1.0,對手出界,出界,,348.0,337.0,0,0,63.0
2409,70,34,133245,133472,19,15,55,1.0,對手落點判斷失誤,落點判斷失誤,,849.0,659.0,0,0,62.0
2410,70,35,134555,134640,19,16,55,1.0,落地致勝,對手落地致勝,,882.0,663.0,0,0,62.0
2411,70,36,136641,136670,20,16,55,0.0,對手掛網,掛網,,706.0,467.0,0,0,55.0
2412,70,37,137378,137422,21,16,62,0.0,對手未過網,未過網,,307.0,442.0,0,0,55.0
2413,71,1,12409,12592,1,0,65,0.0,對手出界,出界,,512.0,242.0,0,0,63.0
2414,71,2,12962,12987,1,1,65,1.0,對手掛網,掛網,,660.0,400.0,0,0,65.0
2415,71,3,13397,13483,2,1,62,0.0,對手未過網,未過網,,377.0,564.0,0,0,63.0
2416,71,4,13927,14016,2,2,64,1.0,落地致勝,對手落地致勝,,686.0,341.0,0,0,65.0
2417,71,5,14472,14523,3,2,63,0.0,落地致勝,對手落地致勝,,0.0,0.0,0,0,62.0
2418,71,6,15672,15747,3,3,65,1.0,對手未過網,未過網,,688.0,269.0,0,0,64.0
2419,71,7,16295,16358,3,4,62,1.0,對手掛網,掛網,,803.0,401.0,0,0,65.0
2420,71,8,16814,16860,3,5,62,1.0,對手掛網,掛網,,679.0,387.0,0,0,64.0
2421,71,9,17278,17484,3,6,62,1.0,對手掛網,掛網,,459.0,388.0,0,0,64.0
2422,71,10,18236,18575,4,6,62,0.0,落地致勝,對手落地致勝,,701.0,517.0,0,0,62.0
2423,71,11,19147,19274,5,6,64,0.0,落地致勝,對手落地致勝,,737.0,539.0,0,0,62.0
2424,71,12,20029,20083,5,7,64,1.0,落地致勝,對手落地致勝,,495.0,352.0,0,0,65.0
2425,71,13,20609,20975,5,8,63,1.0,對手出界,出界,,943.0,516.0,0,0,65.0
2426,71,14,21481,21562,5,9,63,1.0,落地致勝,對手落地致勝,,654.0,297.0,0,0,65.0
2427,71,15,22147,22428,6,9,63,0.0,對手掛網,掛網,,513.0,414.0,0,0,62.0
2428,71,16,23295,23821,7,9,65,0.0,對手掛網,掛網,,660.0,408.0,0,0,63.0
2429,71,17,24526,24707,8,9,65,0.0,對手出界,出界,,366.0,338.0,0,0,62.0
2430,71,18,25268,25333,9,9,65,0.0,對手掛網,掛網,,687.0,406.0,0,0,63.0
2431,71,19,26382,26479,9,10,65,1.0,對手掛網,掛網,,803.0,389.0,0,0,65.0
2432,71,20,27066,27164,10,10,62,0.0,落地致勝,對手落地致勝,,711.0,545.0,0,0,62.0
2433,71,21,27897,27966,10,11,64,1.0,落地致勝,對手落地致勝,,770.0,326.0,0,0,65.0
2434,71,22,30459,30624,10,12,63,1.0,落地致勝,對手落地致勝,,557.0,299.0,0,0,64.0
2435,71,23,31507,31861,10,13,63,1.0,落地致勝,對手落地致勝,,831.0,314.0,0,0,65.0
2436,71,24,32534,32857,11,13,63,0.0,對手出界,出界,,412.0,288.0,0,0,63.0
2437,71,25,33474,33674,12,13,65,0.0,對手未過網,未過網,,969.0,407.0,0,0,63.0
2438,71,26,34379,34440,13,13,65,0.0,對手出界,出界,,649.0,249.0,0,0,62.0
2439,71,27,36569,36744,13,14,65,1.0,對手未過網,未過網,,643.0,369.0,0,0,65.0
2440,71,28,37345,37386,13,15,62,1.0,對手掛網,掛網,,621.0,394.0,0,0,64.0
2441,71,29,37870,38123,14,15,62,0.0,落地致勝,對手落地致勝,,870.0,459.0,0,0,63.0
2442,71,30,38892,39278,15,15,64,0.0,對手未過網,未過網,,921.0,490.0,0,0,62.0
2443,71,31,39968,40260,16,15,64,0.0,對手未過網,未過網,,977.0,566.0,0,0,63.0
2444,71,32,41189,41339,17,15,64,0.0,落地致勝,對手落地致勝,,368.0,592.0,0,0,63.0
2445,71,33,41975,42020,17,16,64,1.0,落地致勝,對手落地致勝,,654.0,381.0,0,0,64.0
2446,71,34,43133,43486,17,17,63,1.0,對手出界,出界,,857.0,655.0,0,0,64.0
2447,71,35,44520,44571,17,18,63,1.0,落地致勝,對手落地致勝,,816.0,282.0,0,0,64.0
2448,71,36,45188,45367,18,18,63,0.0,落地致勝,對手落地致勝,,688.0,571.0,0,0,62.0
2449,71,37,47219,47453,19,18,65,0.0,對手掛網,掛網,,723.0,409.0,0,0,63.0
2450,71,38,48105,48158,20,18,65,0.0,落地致勝,對手落地致勝,,415.0,637.0,0,0,63.0
2451,71,39,48831,48858,21,18,65,0.0,對手未過網,未過網,,595.0,498.0,0,0,63.0
2452,72,1,53321,53365,1,0,65,0.0,落地致勝,對手落地致勝,,346.0,632.0,0,0,64.0
2453,72,2,53864,54463,1,1,62,1.0,對手未過網,未過網,,591.0,288.0,0,0,62.0
2454,72,3,55198,55258,1,2,64,1.0,落地致勝,對手落地致勝,,765.0,286.0,0,0,63.0
2455,72,4,56083,56641,2,2,64,0.0,對手未過網,未過網,,777.0,394.0,0,0,64.0
2456,72,5,57834,58094,3,2,63,0.0,落地致勝,對手落地致勝,,866.0,642.0,0,0,64.0
2457,72,6,58708,59039,3,3,63,1.0,落地致勝,對手落地致勝,,831.0,276.0,0,0,63.0
2458,72,7,60530,60564,3,4,65,1.0,對手掛網,掛網,,651.0,398.0,0,0,63.0
2459,72,8,61118,62008,3,5,65,1.0,落地致勝,對手落地致勝,,444.0,267.0,0,0,63.0
2460,72,9,63740,63813,4,5,65,0.0,落地致勝,對手落地致勝,,582.0,485.0,0,0,65.0
2461,72,10,64351,64451,4,6,62,1.0,對手出界,出界,,657.0,684.0,0,0,63.0
2462,72,11,65027,65090,5,6,64,0.0,對手掛網,掛網,,464.0,415.0,0,0,65.0
2463,72,12,65595,65707,6,6,63,0.0,落地致勝,對手落地致勝,,542.0,468.0,0,0,64.0
2464,72,13,66295,66372,7,6,63,0.0,落地致勝,對手落地致勝,,425.0,637.0,0,0,65.0
2465,72,14,67176,67225,8,6,63,0.0,對手未過網,未過網,,348.0,502.0,0,0,64.0
2466,72,15,67852,67927,9,6,63,0.0,落地致勝,對手落地致勝,,410.0,572.0,0,0,65.0
2467,72,16,68566,68777,10,6,63,0.0,落地致勝,對手落地致勝,,590.0,623.0,0,0,65.0
2468,72,17,69612,69638,10,7,63,1.0,對手掛網,掛網,,744.0,408.0,0,0,63.0
2469,72,18,70180,70430,11,7,65,0.0,落地致勝,對手落地致勝,,942.0,562.0,0,0,64.0
2470,72,19,74226,74810,11,8,62,1.0,對手掛網,掛網,,491.0,395.0,0,0,62.0
2471,72,20,75559,75692,12,8,64,0.0,對手出界,出界,,859.0,278.0,0,0,64.0
2472,72,21,76264,76625,12,9,63,1.0,對手出界,出界,,316.0,577.0,0,0,63.0
2473,72,22,77321,77622,13,9,65,0.0,對手掛網,掛網,,777.0,412.0,0,0,65.0
2474,72,23,78245,78312,13,10,62,1.0,對手掛網,掛網,,585.0,396.0,0,0,63.0
2475,72,24,78879,78913,13,11,64,1.0,對手掛網,掛網,,551.0,399.0,0,0,63.0
2476,72,25,79498,79604,14,11,64,0.0,對手未過網,未過網,,869.0,407.0,0,0,65.0
2477,72,26,80145,80298,14,12,63,1.0,對手出界,出界,,779.0,677.0,0,0,63.0
2478,72,27,80921,81098,15,12,65,0.0,落地致勝,對手落地致勝,,708.0,648.0,0,0,65.0
2479,72,28,81939,82198,15,13,62,1.0,落地致勝,對手落地致勝,,813.0,283.0,0,0,62.0
2480,72,29,84863,85093,16,13,64,0.0,對手未過網,未過網,,370.0,403.0,0,0,65.0
2481,72,30,85671,85900,16,14,63,1.0,對手掛網,掛網,,512.0,395.0,0,0,63.0
2482,72,31,86500,86701,17,14,65,0.0,對手掛網,掛網,,648.0,414.0,0,0,64.0
2483,72,32,87626,87708,18,14,62,0.0,對手掛網,掛網,,578.0,407.0,0,0,64.0
2484,72,33,88154,88271,18,15,62,1.0,對手掛網,掛網,,849.0,377.0,0,0,63.0
2485,72,34,89039,89078,19,15,64,0.0,落地致勝,對手落地致勝,,721.0,564.0,0,0,65.0
2486,72,35,89664,89840,19,16,63,1.0,對手出界,出界,,311.0,605.0,0,0,62.0
2487,72,36,90378,90761,20,16,65,0.0,對手掛網,掛網,,640.0,406.0,0,0,64.0
2488,72,37,91712,91753,20,17,62,1.0,落地致勝,對手落地致勝,,475.0,376.0,0,0,62.0
2489,72,38,92518,92582,21,17,64,0.0,落地致勝,對手落地致勝,,807.0,645.0,0,0,64.0
2490,73,1,98124,98409,1,0,62,0.0,落地致勝,對手落地致勝,,456.0,474.0,0,0,62.0
2491,73,2,98971,99002,2,0,65,0.0,對手掛網,掛網,,707.0,410.0,0,0,63.0
2492,73,3,99353,99447,3,0,64,0.0,對手掛網,掛網,,731.0,417.0,0,0,62.0
2493,73,4,99990,100158,4,0,65,0.0,對手出界,出界,,386.0,343.0,0,0,62.0
2494,73,5,100623,100921,5,0,65,0.0,對手掛網,掛網,,421.0,418.0,0,0,62.0
2495,73,6,102230,102277,5,1,65,1.0,落地致勝,對手落地致勝,,778.0,305.0,0,0,64.0
2496,73,7,102827,102867,6,1,63,0.0,對手掛網,掛網,,668.0,416.0,0,0,63.0
2497,73,8,103404,103520,7,1,64,0.0,落地致勝,對手落地致勝,,851.0,643.0,0,0,63.0
2498,73,9,105026,105457,7,2,64,1.0,對手掛網,掛網,,447.0,379.0,0,0,64.0
2499,73,10,106326,106810,7,3,62,1.0,落地致勝,對手落地致勝,,689.0,282.0,0,0,64.0
2500,73,11,107511,107538,7,4,62,1.0,落地致勝,對手落地致勝,,646.0,355.0,0,0,64.0
2501,73,12,108234,108504,8,4,62,0.0,落地致勝,對手落地致勝,,633.0,498.0,0,0,63.0
2502,73,13,109603,109629,9,4,65,0.0,落地致勝,對手落地致勝,,0.0,0.0,0,0,62.0
2503,73,14,109980,110538,10,4,65,0.0,對手掛網,掛網,,494.0,411.0,0,0,63.0
2504,73,15,111248,111349,10,5,65,1.0,對手掛網,掛網,,744.0,393.0,0,0,65.0
2505,73,16,112052,112111,11,5,63,0.0,對手掛網,掛網,,452.0,415.0,0,0,62.0
2506,73,17,114734,114762,11,6,64,1.0,落地致勝,對手落地致勝,,667.0,541.0,0,0,65.0
2507,73,18,115288,115591,12,6,62,0.0,對手掛網,掛網,,785.0,398.0,0,0,63.0
2508,73,19,116176,116609,13,6,65,0.0,對手掛網,掛網,,556.0,389.0,0,0,62.0
2509,73,20,117371,117428,13,7,65,1.0,對手掛網,掛網,,0.0,0.0,0,0,64.0
2510,73,21,118068,118100,14,7,63,0.0,對手出界,出界,,657.0,417.0,0,0,63.0
2511,73,22,118783,118987,15,7,64,0.0,落地致勝,對手落地致勝,,847.0,278.0,0,0,63.0
2512,73,23,119898,119974,15,8,64,1.0,對手掛網,掛網,,817.0,407.0,0,0,65.0
2513,73,24,120616,120678,15,9,62,1.0,對手掛網,掛網,,790.0,414.0,0,0,65.0
2514,73,25,121244,121380,15,10,62,1.0,落地致勝,對手落地致勝,,918.0,604.0,0,0,65.0
2515,73,26,122017,122508,16,10,62,0.0,對手掛網,掛網,,566.0,393.0,0,0,62.0
2516,73,27,123299,123788,17,10,65,0.0,對手出界,出界,,927.0,481.0,0,0,62.0
2517,73,28,124491,124776,18,10,65,0.0,對手掛網,掛網,,783.0,388.0,0,0,62.0
2518,73,29,126176,126372,19,10,65,0.0,對手掛網,掛網,,829.0,389.0,0,0,63.0
2519,73,30,126899,127098,19,11,65,1.0,對手掛網,掛網,,782.0,409.0,0,0,64.0
2520,73,31,128088,128261,19,12,63,1.0,落地致勝,對手落地致勝,,347.0,555.0,0,0,65.0
2521,73,32,128966,129530,20,12,63,0.0,對手掛網,掛網,,607.0,387.0,0,0,63.0
2522,73,33,130455,130554,21,12,64,0.0,對手掛網,掛網,,475.0,396.0,0,0,63.0
2523,74,1,11015,11579,1,0,69,0.0,對手未過網,未過網,,841.0,497.0,0,0,68.0
2524,74,2,12248,12486,2,0,67,0.0,對手出界,出界,,160.0,641.0,0,0,68.0
2525,74,3,13160,13342,2,1,67,1.0,對手出界,出界,,466.0,332.0,0,0,67.0
2526,74,4,14048,14735,3,1,68,0.0,對手出界,出界,,1044.0,658.0,0,0,68.0
2527,74,5,15564,15692,4,1,66,0.0,對手出界,出界,,1089.0,570.0,0,0,68.0
2528,74,6,16413,16512,5,1,66,0.0,對手未過網,未過網,,595.0,462.0,0,0,68.0
2529,74,7,17219,17337,6,1,66,0.0,對手出界,出界,,22.0,504.0,0,0,69.0
2530,74,8,18548,18724,7,1,66,0.0,落地致勝,對手落地致勝,,801.0,366.0,0,0,68.0
2531,74,9,19488,19693,7,2,66,1.0,對手掛網,掛網,,512.0,460.0,0,0,66.0
2532,74,10,20445,20538,8,2,69,0.0,對手出界,出界,,1047.0,616.0,0,0,68.0
2533,74,11,21074,21539,9,2,67,0.0,對手出界,出界,,1271.0,592.0,0,0,68.0
2534,74,12,22348,22928,10,2,67,0.0,對手未過網,未過網,,794.0,453.0,0,0,69.0
2535,74,13,23818,24307,11,2,67,0.0,落地致勝,對手落地致勝,,677.0,363.0,0,0,68.0
2536,74,14,26896,27450,12,2,67,0.0,對手出界,出界,,693.0,678.0,0,0,69.0
2537,74,15,28116,28576,12,3,67,1.0,對手出界,出界,,718.0,321.0,0,0,67.0
2538,74,16,29507,29567,13,3,68,0.0,對手掛網,掛網,,673.0,449.0,0,0,69.0
2539,74,17,30321,30516,13,4,66,1.0,落地致勝,對手落地致勝,,489.0,651.0,0,0,67.0
2540,74,18,31147,31369,14,4,69,0.0,落地致勝,對手落地致勝,,802.0,383.0,0,0,69.0
2541,74,19,32036,32139,14,5,67,1.0,落地致勝,對手落地致勝,,605.0,591.0,0,0,67.0
2542,74,20,32979,33381,14,6,68,1.0,對手掛網,掛網,,496.0,464.0,0,0,66.0
2543,74,21,34168,34290,15,6,68,0.0,對手出界,出界,,179.0,658.0,0,0,69.0
2544,74,22,35011,35120,15,7,66,1.0,對手落點判斷失誤,落點判斷失誤,,319.0,678.0,0,0,67.0
2545,74,23,35799,35902,16,7,69,0.0,對手未過網,未過網,,495.0,464.0,0,0,69.0
2546,74,24,36513,36702,17,7,67,0.0,對手出界,出界,,1079.0,608.0,0,0,68.0
2547,74,25,37259,38033,18,7,67,0.0,落地致勝,對手落地致勝,,542.0,417.0,0,0,69.0
2548,74,26,39673,40656,18,8,67,1.0,對手出界,出界,,199.0,382.0,0,0,67.0
2549,74,27,41949,42033,19,8,68,0.0,落地致勝,對手落地致勝,,910.0,464.0,0,0,68.0
2550,74,28,42669,43142,19,9,66,1.0,對手出界,出界,,327.0,382.0,0,0,66.0
2551,74,29,43963,44053,19,10,69,1.0,對手落點判斷失誤,落點判斷失誤,,370.0,677.0,0,0,67.0
2552,74,30,44576,44777,20,10,69,0.0,對手出界,出界,,364.0,693.0,0,0,68.0
2553,74,31,45401,45526,20,11,67,1.0,落地致勝,對手落地致勝,,804.0,567.0,0,0,67.0
2554,74,32,46231,46421,21,11,68,0.0,落地致勝,對手落地致勝,,688.0,377.0,0,0,69.0
2555,75,1,51009,51232,1,0,67,0.0,對手落點判斷失誤,落點判斷失誤,,346.0,669.0,0,0,69.0
2556,75,2,51874,52646,1,1,67,1.0,落地致勝,對手落地致勝,,907.0,365.0,0,0,66.0
2557,75,3,53716,53744,1,2,66,1.0,,,,0.0,0.0,0,0,
2558,75,4,54311,54486,2,2,68,0.0,落地致勝,對手落地致勝,,968.0,657.0,0,0,68.0
2559,75,5,55336,56609,2,3,66,1.0,落地致勝,對手落地致勝,,473.0,374.0,0,0,67.0
2560,75,6,57654,57952,2,4,69,1.0,落地致勝,對手落地致勝,,771.0,354.0,0,0,67.0
2561,75,7,59140,59286,3,4,69,0.0,落地致勝,對手落地致勝,,769.0,615.0,0,0,69.0
2562,75,8,60002,60116,3,5,67,1.0,落地致勝,對手落地致勝,,840.0,346.0,0,0,66.0
2563,75,9,60812,61243,3,6,68,1.0,對手落點判斷失誤,落點判斷失誤,,759.0,431.0,0,0,67.0
2564,75,10,62148,62320,3,7,69,1.0,對手落點判斷失誤,落點判斷失誤,,436.0,375.0,0,0,67.0
2565,75,11,63293,63358,4,7,68,0.0,落地致勝,對手落地致勝,,376.0,512.0,0,0,68.0
2566,75,12,64134,64368,4,8,66,1.0,對手掛網,掛網,,883.0,443.0,0,0,67.0
2567,75,13,65110,65435,5,8,69,0.0,對手掛網,掛網,,582.0,466.0,0,0,69.0
2568,75,14,66270,66426,6,8,67,0.0,落地致勝,對手落地致勝,,514.0,615.0,0,0,69.0
2569,75,15,67454,67559,7,8,67,0.0,落地致勝,對手落地致勝,,305.0,646.0,0,0,68.0
2570,75,16,68314,69326,8,8,67,0.0,對手落點判斷失誤,落點判斷失誤,,507.0,670.0,0,0,69.0
2571,75,17,71102,71720,9,8,67,0.0,對手出界,出界,,594.0,335.0,0,0,69.0
2572,75,18,72588,72650,9,9,67,1.0,對手落點判斷失誤,落點判斷失誤,,630.0,439.0,0,0,67.0
2573,75,19,73674,73748,10,9,68,0.0,對手出界,出界,,911.0,341.0,0,0,68.0
2574,75,20,74549,74641,11,9,66,0.0,對手落點判斷失誤,落點判斷失誤,,991.0,645.0,0,0,69.0
2575,75,21,77332,77593,12,9,66,0.0,落地致勝,對手落地致勝,,407.0,515.0,0,0,68.0
2576,75,22,78423,78690,13,9,66,0.0,對手出界,出界,,800.0,334.0,0,0,68.0
2577,75,23,80259,80637,14,9,66,0.0,落地致勝,對手落地致勝,,1019.0,657.0,0,0,69.0
2578,75,24,81532,81621,14,10,66,1.0,落地致勝,對手落地致勝,,670.0,451.0,0,0,66.0
2579,75,25,82368,82532,14,11,69,1.0,落地致勝,對手落地致勝,,432.0,442.0,0,0,66.0
2580,75,26,83214,83289,15,11,69,0.0,落地致勝,對手落地致勝,,289.0,572.0,0,0,68.0
2581,75,27,83953,84018,15,12,67,1.0,對手出界,出界,,663.0,628.0,0,0,67.0
2582,75,28,84708,85241,16,12,68,0.0,落地致勝,對手落地致勝,,404.0,545.0,0,0,68.0
2583,75,29,86273,86599,17,12,66,0.0,落地致勝,對手落地致勝,,344.0,545.0,0,0,69.0
2584,75,30,87574,87717,17,13,66,1.0,落地致勝,對手落地致勝,,628.0,349.0,0,0,67.0
2585,75,31,88636,88903,18,13,69,0.0,落地致勝,對手落地致勝,,815.0,603.0,0,0,68.0
2586,75,32,89844,89985,19,13,67,0.0,落地致勝,對手落地致勝,,507.0,608.0,0,0,69.0
2587,75,33,90867,90927,19,14,67,1.0,落地致勝,對手落地致勝,,799.0,369.0,0,0,66.0
2588,75,34,91867,91940,19,15,68,1.0,落地致勝,對手落地致勝,,444.0,368.0,0,0,67.0
2589,75,35,92767,92983,19,16,68,1.0,對手出界,出界,,486.0,688.0,0,0,66.0
2590,75,36,93838,93906,20,16,68,0.0,落地致勝,對手落地致勝,,526.0,614.0,0,0,69.0
2591,75,37,94906,95808,21,16,66,0.0,落地致勝,對手落地致勝,,453.0,490.0,0,0,69.0
2592,76,1,20678,20718,1,0,60,0.0,落地致勝,對手落地致勝,,331.0,524.0,0,0,60.0
2593,76,2,21150,21388,2,0,40,0.0,對手出界,出界,,792.0,284.0,0,0,61.0
2594,76,3,21929,22163,3,0,40,0.0,對手掛網,掛網,,720.0,433.0,0,0,60.0
2595,76,4,22665,23276,4,0,40,0.0,落地致勝,對手落地致勝,,799.0,620.0,0,0,60.0
2596,76,5,24483,24573,5,0,40,0.0,落地致勝,對手落地致勝,,745.0,514.0,0,0,61.0
2597,76,6,25086,25685,5,1,40,1.0,對手掛網,掛網,,526.0,418.0,0,0,40.0
2598,76,7,26326,26455,6,1,61,0.0,落地致勝,對手落地致勝,,672.0,597.0,0,0,60.0
2599,76,8,27235,27271,7,1,41,0.0,對手掛網,掛網,,527.0,435.0,0,0,60.0
2600,76,9,27787,28027,8,1,41,0.0,對手掛網,掛網,,447.0,436.0,0,0,61.0
2601,76,10,28874,29320,8,2,41,1.0,落地致勝,對手落地致勝,,604.0,319.0,0,0,41.0
2602,76,11,29987,30039,9,2,60,0.0,落地致勝,對手落地致勝,,1000.0,636.0,0,0,61.0
2603,76,12,30540,30605,9,3,40,1.0,對手掛網,掛網,,469.0,416.0,0,0,41.0
2604,76,13,31032,31991,10,3,61,0.0,對手掛網,掛網,,570.0,436.0,0,0,60.0
2605,76,14,32967,33402,10,4,41,1.0,落地致勝,對手落地致勝,,631.0,332.0,0,0,41.0
2606,76,15,34223,34511,10,5,60,1.0,對手出界,出界,,554.0,678.0,0,0,41.0
2607,76,16,35118,35753,11,5,60,0.0,對手出界,出界,,539.0,289.0,0,0,61.0
2608,76,17,38392,38492,12,5,40,0.0,對手落點判斷失誤,落點判斷失誤,,771.0,564.0,0,0,60.0
2609,76,18,38954,39439,12,6,40,1.0,對手未過網,未過網,,424.0,424.0,0,0,41.0
2610,76,19,40022,40311,12,7,61,1.0,對手掛網,掛網,,571.0,413.0,0,0,41.0
2611,76,20,41087,41737,12,8,61,1.0,對手出界,出界,,355.0,674.0,0,0,40.0
2612,76,21,42407,42696,13,8,61,0.0,對手出界,出界,,950.0,330.0,0,0,60.0
2613,76,22,43657,44436,14,8,41,0.0,落地致勝,對手落地致勝,,302.0,598.0,0,0,61.0
2614,76,23,45605,45635,14,9,41,1.0,對手掛網,掛網,,715.0,426.0,0,0,41.0
2615,76,24,46134,46208,14,10,60,1.0,對手出界,出界,,335.0,675.0,0,0,40.0
2616,76,25,47823,47850,14,11,60,1.0,對手落點判斷失誤,落點判斷失誤,,616.0,377.0,0,0,41.0
2617,76,26,49318,50567,15,11,60,0.0,落地致勝,對手落地致勝,,464.0,638.0,0,0,60.0
2618,76,27,51998,52210,16,11,40,0.0,對手出界,出界,,305.0,372.0,0,0,61.0
2619,76,28,52931,53110,16,12,40,1.0,落地致勝,對手落地致勝,,471.0,415.0,0,0,40.0
2620,76,29,54422,55089,17,12,61,0.0,對手落點判斷失誤,落點判斷失誤,,656.0,665.0,0,0,61.0
2621,76,30,57048,57452,17,13,41,1.0,落地致勝,對手落地致勝,,414.0,388.0,0,0,40.0
2622,76,31,58237,58350,18,13,60,0.0,對手出界,出界,,628.0,287.0,0,0,60.0
2623,76,32,58872,59068,19,13,40,0.0,對手未過網,未過網,,347.0,440.0,0,0,61.0
2624,76,33,59840,60020,20,13,40,0.0,對手未過網,未過網,,994.0,670.0,0,0,61.0
2625,76,34,60655,61103,21,13,40,0.0,對手落點判斷失誤,落點判斷失誤,,288.0,621.0,0,0,61.0
2626,77,1,65560,65798,1,0,41,0.0,對手未過網,未過網,,469.0,426.0,0,0,60.0
2627,77,2,66365,66712,2,0,41,0.0,對手出界,出界,,791.0,669.0,0,0,61.0
2628,77,3,67412,67525,2,1,41,1.0,對手出界,出界,,604.0,286.0,0,0,40.0
2629,77,4,67970,68308,3,1,61,0.0,對手未過網,未過網,,561.0,415.0,0,0,60.0
2630,77,5,69091,69162,3,2,40,1.0,對手掛網,掛網,,551.0,436.0,0,0,41.0
2631,77,6,69598,70772,3,3,61,1.0,對手出界,出界,,703.0,283.0,0,0,41.0
2632,77,7,71512,71629,4,3,61,0.0,落地致勝,對手落地致勝,,711.0,324.0,0,0,60.0
2633,77,8,72570,72937,5,3,41,0.0,對手出界,出界,,250.0,654.0,0,0,60.0
2634,77,9,73620,73742,5,4,41,1.0,對手掛網,掛網,,874.0,440.0,0,0,40.0
2635,77,10,74393,74642,5,5,60,1.0,落地致勝,對手落地致勝,,317.0,646.0,0,0,40.0
2636,77,11,75619,75769,6,5,60,0.0,對手未過網,未過網,,507.0,485.0,0,0,60.0
2637,77,12,76496,77203,6,6,40,1.0,對手出界,出界,,494.0,285.0,0,0,41.0
2638,77,13,78048,78085,7,6,61,0.0,落地致勝,對手落地致勝,,442.0,294.0,0,0,61.0
2639,77,14,78944,79328,8,6,41,0.0,落地致勝,對手落地致勝,,444.0,340.0,0,0,61.0
2640,77,15,80467,80656,9,6,41,0.0,對手出界,出界,,904.0,672.0,0,0,61.0
2641,77,16,81304,81721,9,7,41,1.0,對手出界,出界,,807.0,279.0,0,0,40.0
2642,77,17,82482,83401,10,7,60,0.0,落地致勝,對手落地致勝,,688.0,313.0,0,0,60.0
2643,77,18,84614,84681,10,8,40,1.0,落地致勝,對手落地致勝,,607.0,493.0,0,0,41.0
2644,77,19,85187,85372,10,9,61,1.0,對手掛網,掛網,,773.0,439.0,0,0,41.0
2645,77,20,86182,87016,11,9,61,0.0,落地致勝,對手落地致勝,,637.0,392.0,0,0,61.0
2646,77,21,89928,90082,11,10,41,1.0,落地致勝,對手落地致勝,,908.0,597.0,0,0,41.0
2647,77,22,90737,91547,12,10,60,0.0,落地致勝,對手落地致勝,,431.0,292.0,0,0,61.0
2648,77,23,92656,93263,12,11,40,1.0,對手出界,出界,,909.0,386.0,0,0,40.0
2649,77,24,94179,94255,12,12,61,1.0,對手掛網,掛網,,505.0,431.0,0,0,40.0
2650,77,25,95009,95488,13,12,61,0.0,對手出界,出界,,962.0,496.0,0,0,60.0
2651,77,26,96577,96743,13,13,41,1.0,對手落點判斷失誤,落點判斷失誤,,865.0,663.0,0,0,40.0
2652,77,27,97517,98339,14,13,60,0.0,對手掛網,掛網,,690.0,419.0,0,0,61.0
2653,77,28,99427,99453,14,14,40,1.0,對手掛網,掛網,,626.0,435.0,0,0,40.0
2654,77,29,99966,100259,15,14,61,0.0,對手未過網,未過網,,603.0,287.0,0,0,60.0
2655,77,30,101269,101473,16,14,41,0.0,對手出界,出界,,1014.0,617.0,0,0,61.0
2656,77,31,102188,102233,16,15,41,1.0,對手掛網,掛網,,521.0,433.0,0,0,41.0
2657,77,32,102876,103545,17,15,60,0.0,對手未過網,未過網,,559.0,453.0,0,0,60.0
2658,77,33,105081,105145,18,15,40,0.0,落地致勝,對手落地致勝,,778.0,412.0,0,0,60.0
2659,77,34,105786,106139,18,16,40,1.0,對手掛網,掛網,,609.0,435.0,0,0,41.0
2660,77,35,106872,106989,19,16,61,0.0,對手掛網,掛網,,688.0,415.0,0,0,61.0
2661,77,36,107906,108107,20,16,41,0.0,落地致勝,對手落地致勝,,441.0,306.0,0,0,61.0
2662,77,37,108928,109258,21,16,41,0.0,對手出界,出界,,253.0,483.0,0,0,60.0
2663,78,1,16148,16389,0,1,42,1.0,落地致勝,對手落地致勝,,711.0,364.0,0,0,41.0
2664,78,2,16938,17807,0,2,42,1.0,對手掛網,掛網,,788.0,418.0,0,0,40.0
2665,78,3,18550,18827,1,2,42,0.0,對手掛網,掛網,,679.0,440.0,0,0,42.0
2666,78,4,19733,19974,2,2,40,0.0,對手掛網,掛網,,846.0,431.0,0,0,42.0
2667,78,5,20741,20997,3,2,40,0.0,對手掛網,掛網,,845.0,435.0,0,0,42.0
2668,78,6,21734,22229,3,3,40,1.0,對手未過網,未過網,,736.0,423.0,0,0,41.0
2669,78,7,23238,23278,4,3,43,0.0,落地致勝,對手落地致勝,,927.0,546.0,0,0,42.0
2670,78,8,23818,23981,5,3,41,0.0,對手掛網,掛網,,499.0,442.0,0,0,42.0
2671,78,9,24508,24969,6,3,41,0.0,對手出界,出界,,529.0,286.0,0,0,42.0
2672,78,10,25643,26032,6,4,41,1.0,對手出界,出界,,962.0,504.0,0,0,40.0
2673,78,11,26767,26827,7,4,42,0.0,對手出界,出界,,467.0,298.0,0,0,42.0
2674,78,12,27424,27537,7,5,40,1.0,對手出界,出界,,1001.0,599.0,0,0,41.0
2675,78,13,28014,28092,7,6,43,1.0,對手出界,出界,,911.0,678.0,0,0,41.0
2676,78,14,28737,28837,7,7,43,1.0,對手未過網,未過網,,234.0,410.0,0,0,41.0
2677,78,15,29582,29682,7,8,43,1.0,對手掛網,掛網,,455.0,427.0,0,0,40.0
2678,78,16,30253,30314,8,8,43,0.0,對手未過網,未過網,,690.0,389.0,0,0,42.0
2679,78,17,30882,31494,9,8,41,0.0,對手掛網,掛網,,794.0,435.0,0,0,42.0
2680,78,18,32449,32588,10,8,41,0.0,對手掛網,掛網,,468.0,441.0,0,0,43.0
2681,78,19,33238,33423,11,8,41,0.0,落地致勝,對手落地致勝,,550.0,503.0,0,0,42.0
2682,78,20,36038,36761,12,8,41,0.0,對手出界,出界,,505.0,287.0,0,0,42.0
2683,78,21,38616,39042,13,8,41,0.0,落地致勝,對手落地致勝,,559.0,470.0,0,0,43.0
2684,78,22,40034,40085,13,9,41,1.0,對手未過網,未過網,,619.0,313.0,0,0,40.0
2685,78,23,40678,41787,13,10,42,1.0,對手出界,出界,,543.0,700.0,0,0,40.0
2686,78,24,42719,43174,14,10,42,0.0,對手未過網,未過網,,806.0,483.0,0,0,43.0
2687,78,25,44197,44703,15,10,40,0.0,對手出界,出界,,476.0,290.0,0,0,42.0
2688,78,26,46341,46478,16,10,40,0.0,落地致勝,對手落地致勝,,925.0,502.0,0,0,43.0
2689,78,27,47198,47789,17,10,40,0.0,對手掛網,掛網,,772.0,435.0,0,0,43.0
2690,78,28,48635,48694,18,10,40,0.0,對手落點判斷失誤,落點判斷失誤,,269.0,646.0,0,0,42.0
2691,78,29,49608,49647,19,10,40,0.0,對手掛網,掛網,,725.0,435.0,0,0,42.0
2692,78,30,50153,50349,20,10,40,0.0,對手出界,出界,,498.0,289.0,0,0,42.0
2693,78,31,50865,51183,20,11,40,1.0,對手掛網,掛網,,739.0,423.0,0,0,40.0
2694,78,32,52622,52860,20,12,43,1.0,落地致勝,對手落地致勝,,409.0,330.0,0,0,40.0
2695,78,33,53439,54068,21,12,43,0.0,對手掛網,掛網,,516.0,434.0,0,0,42.0
2696,79,1,58585,58678,1,0,41,0.0,對手出界,出界,,397.0,313.0,0,0,40.0
2697,79,2,59178,59598,1,1,42,1.0,對手出界,出界,,295.0,531.0,0,0,42.0
2698,79,3,60421,60724,1,2,40,1.0,對手掛網,掛網,,894.0,425.0,0,0,42.0
2699,79,4,61316,61608,2,2,40,0.0,對手掛網,掛網,,748.0,436.0,0,0,41.0
2700,79,5,62325,62479,2,3,43,1.0,對手出界,出界,,160.0,488.0,0,0,42.0
2701,79,6,63183,63632,2,4,41,1.0,對手落點判斷失誤,落點判斷失誤,,880.0,334.0,0,0,43.0
2702,79,7,65487,65790,2,5,41,1.0,對手掛網,掛網,,583.0,429.0,0,0,43.0
2703,79,8,66665,66989,2,6,41,1.0,對手掛網,掛網,,451.0,429.0,0,0,43.0
2704,79,9,67859,67930,2,7,41,1.0,對手出界,出界,,451.0,705.0,0,0,43.0
2705,79,10,68791,69063,3,7,41,0.0,對手落點判斷失誤,落點判斷失誤,,457.0,665.0,0,0,41.0
2706,79,11,69683,69882,3,8,42,1.0,對手出界,出界,,486.0,675.0,0,0,42.0
2707,79,12,70682,71380,3,9,40,1.0,對手掛網,掛網,,748.0,418.0,0,0,43.0
2708,79,13,72680,72752,3,10,40,1.0,對手掛網,掛網,,718.0,426.0,0,0,43.0
2709,79,14,73225,73278,4,10,40,0.0,對手出界,出界,,321.0,292.0,0,0,40.0
2710,79,15,73903,74252,5,10,43,0.0,對手落點判斷失誤,落點判斷失誤,,356.0,465.0,0,0,41.0
2711,79,16,75082,75146,6,10,43,0.0,對手掛網,掛網,,514.0,441.0,0,0,41.0
2712,79,17,75716,75955,7,10,43,0.0,對手掛網,掛網,,613.0,437.0,0,0,41.0
2713,79,18,76834,76888,8,10,43,0.0,對手掛網,掛網,,709.0,444.0,0,0,41.0
2714,79,19,77453,77865,9,10,43,0.0,落地致勝,對手落地致勝,,416.0,483.0,0,0,41.0
2715,79,20,79172,79259,10,10,43,0.0,落地致勝,對手落地致勝,,961.0,541.0,0,0,40.0
2716,79,21,79939,80043,10,11,43,1.0,對手掛網,掛網,,829.0,420.0,0,0,43.0
2717,79,22,82380,82426,11,11,41,0.0,對手出界,出界,,847.0,294.0,0,0,41.0
2718,79,23,82916,82994,12,11,42,0.0,對手出界,出界,,1006.0,311.0,0,0,41.0
2719,79,24,83654,84247,13,11,42,0.0,對手掛網,掛網,,500.0,440.0,0,0,40.0
2720,79,25,85254,86034,13,12,42,1.0,對手未過網,未過網,,508.0,397.0,0,0,42.0
2721,79,26,87695,87935,13,13,40,1.0,對手出界,出界,,1059.0,635.0,0,0,42.0
2722,79,27,88758,88804,14,13,40,0.0,對手掛網,掛網,,678.0,433.0,0,0,40.0
2723,79,28,89364,89838,15,13,43,0.0,落地致勝,對手落地致勝,,387.0,569.0,0,0,40.0
2724,79,29,90726,90846,15,14,43,1.0,對手掛網,掛網,,407.0,428.0,0,0,42.0
2725,79,30,91922,93691,16,14,41,0.0,對手掛網,掛網,,547.0,436.0,0,0,41.0
2726,79,31,94909,95344,16,15,42,1.0,對手掛網,掛網,,383.0,426.0,0,0,43.0
2727,79,32,96443,96738,17,15,40,0.0,對手未過網,未過網,,644.0,439.0,0,0,41.0
2728,79,33,97569,98178,17,16,43,1.0,對手出界,出界,,888.0,665.0,0,0,43.0
2729,79,34,99847,100075,18,16,41,0.0,對手掛網,掛網,,475.0,436.0,0,0,40.0
2730,79,35,100877,100970,19,16,42,0.0,落地致勝,對手落地致勝,,937.0,505.0,0,0,41.0
2731,79,36,101708,102973,19,17,42,1.0,對手掛網,掛網,,609.0,421.0,0,0,42.0
2732,79,37,104030,104349,20,17,40,0.0,對手掛網,掛網,,623.0,436.0,0,0,40.0
2733,79,38,105136,105395,20,18,43,1.0,對手掛網,掛網,,840.0,424.0,0,0,42.0
2734,79,39,106538,108358,20,19,41,1.0,對手落點判斷失誤,落點判斷失誤,,852.0,293.0,0,0,43.0
2735,79,40,111091,111580,21,19,41,0.0,落地致勝,對手落地致勝,,285.0,625.0,0,0,40.0
2736,80,1,116084,116188,1,0,43,0.0,對手出界,出界,,758.0,284.0,0,0,43.0
2737,80,2,116672,116798,1,1,40,1.0,落地致勝,對手落地致勝,,437.0,297.0,0,0,41.0
2738,80,3,117413,117624,2,1,43,0.0,對手出界,出界,,715.0,283.0,0,0,42.0
2739,80,4,118396,118522,2,2,41,1.0,對手未過網,未過網,,945.0,308.0,0,0,40.0
2740,80,5,119248,119571,2,3,42,1.0,落地致勝,對手落地致勝,,822.0,331.0,0,0,41.0
2741,80,6,120413,120595,3,3,42,0.0,對手出界,出界,,883.0,305.0,0,0,42.0
2742,80,7,121533,121569,3,4,40,1.0,對手出界,出界,,629.0,435.0,0,0,40.0
2743,80,8,122093,123232,3,5,43,1.0,落地致勝,對手落地致勝,,743.0,356.0,0,0,40.0
2744,80,9,124097,124289,3,6,43,1.0,落地致勝,對手落地致勝,,527.0,307.0,0,0,41.0
2745,80,10,127926,128451,3,7,43,1.0,對手未過網,未過網,,700.0,327.0,0,0,40.0
2746,80,11,129063,129313,3,8,43,1.0,對手落點判斷失誤,落點判斷失誤,,577.0,300.0,0,0,41.0
2747,80,12,130224,130334,3,9,43,1.0,對手出界,出界,,448.0,674.0,0,0,41.0
2748,80,13,131371,131519,4,9,43,0.0,對手掛網,掛網,,413.0,436.0,0,0,42.0
2749,80,14,132196,132344,4,10,41,1.0,落地致勝,對手落地致勝,,570.0,425.0,0,0,41.0
2750,80,15,133038,133535,4,11,42,1.0,對手掛網,掛網,,421.0,421.0,0,0,41.0
2751,80,16,136060,136343,5,11,42,0.0,落地致勝,對手落地致勝,,459.0,324.0,0,0,43.0
2752,80,17,137455,138287,5,12,40,1.0,落地致勝,對手落地致勝,,358.0,654.0,0,0,41.0
2753,80,18,139323,139473,6,12,43,0.0,對手出界,出界,,1019.0,620.0,0,0,43.0
2754,80,19,140101,140281,6,13,41,1.0,對手掛網,掛網,,879.0,437.0,0,0,41.0
2755,80,20,140967,141347,7,13,42,0.0,對手出界,出界,,1073.0,589.0,0,0,42.0
2756,80,21,142008,142253,8,13,40,0.0,對手出界,出界,,226.0,562.0,0,0,43.0
2757,80,22,142986,143128,9,13,40,0.0,對手出界,出界,,291.0,564.0,0,0,42.0
2758,80,23,143931,144143,10,13,40,0.0,對手未過網,未過網,,348.0,313.0,0,0,42.0
2759,80,24,144851,144924,10,14,40,1.0,對手掛網,掛網,,545.0,443.0,0,0,40.0
2760,80,25,145667,146205,10,15,43,1.0,落地致勝,對手落地致勝,,325.0,625.0,0,0,41.0
2761,80,26,147173,147326,10,16,43,1.0,落地致勝,對手落地致勝,,569.0,613.0,0,0,41.0
2762,80,27,148028,148539,11,16,43,0.0,落地致勝,對手落地致勝,,838.0,330.0,0,0,42.0
2763,80,28,149470,149741,11,17,41,1.0,對手出界,出界,,453.0,288.0,0,0,41.0
2764,80,29,150517,150642,12,17,42,0.0,落地致勝,對手落地致勝,,690.0,295.0,0,0,43.0
2765,80,30,152320,152800,12,18,40,1.0,落地致勝,對手落地致勝,,830.0,341.0,0,0,41.0
2766,80,31,153921,153994,12,19,40,1.0,對手落點判斷失誤,落點判斷失誤,,838.0,662.0,0,0,41.0
2767,80,32,155422,155858,12,20,43,1.0,對手掛網,掛網,,465.0,439.0,0,0,40.0
2768,80,33,156840,156884,13,20,43,0.0,落地致勝,對手落地致勝,,635.0,295.0,0,0,42.0
2769,80,34,157462,157573,14,20,41,0.0,對手掛網,掛網,,375.0,424.0,0,0,42.0
2770,80,35,158334,158980,14,21,41,1.0,對手掛網,掛網,,728.0,436.0,0,0,40.0
2771,80,36,159846,159980,15,21,42,0.0,對手出界,出界,,928.0,716.0,0,0,43.0
2772,80,37,160827,160977,16,21,40,0.0,落地致勝,對手落地致勝,,423.0,336.0,0,0,43.0
2773,80,38,162275,162594,17,21,40,0.0,對手出界,出界,,1052.0,642.0,0,0,42.0
2774,80,39,163341,163716,18,21,40,0.0,對手掛網,掛網,,596.0,424.0,0,0,43.0
2775,80,40,164961,165321,19,21,40,0.0,對手掛網,掛網,,806.0,419.0,0,0,43.0
2776,80,41,166258,166511,20,21,40,0.0,對手掛網,掛網,,655.0,423.0,0,0,43.0
2777,80,42,167571,167879,20,22,40,1.0,落地致勝,對手落地致勝,,752.0,474.0,0,0,40.0
2778,80,43,169652,169739,21,22,43,0.0,對手出界,出界,,999.0,585.0,0,0,42.0
2779,80,44,170456,170609,22,22,41,0.0,落地致勝,對手落地致勝,,567.0,592.0,0,0,41.0
2780,80,45,171480,171695,23,22,42,0.0,落地致勝,對手落地致勝,,632.0,423.0,0,0,42.0
2781,80,46,172899,172972,24,22,40,0.0,落地致勝,對手落地致勝,,462.0,372.0,0,0,42.0
2782,81,1,11027,11384,0,1,18,1.0,對手出界,出界,,389.0,287.0,0,0,19.0
2783,81,2,11729,11785,0,2,62,1.0,落地致勝,對手落地致勝,,351.0,570.0,0,0,19.0
2784,81,3,12119,12239,1,2,62,0.0,落地致勝,對手落地致勝,,685.0,381.0,0,0,62.0
2785,81,4,12594,12877,2,2,19,0.0,對手出界,出界,,851.0,658.0,0,0,63.0
2786,81,5,13377,13481,3,2,19,0.0,對手出界,出界,,177.0,523.0,0,0,62.0
2787,81,6,14073,14341,4,2,19,0.0,對手出界,出界,,204.0,484.0,0,0,63.0
2788,81,7,14921,15121,5,2,19,0.0,對手掛網,掛網,,676.0,408.0,0,0,63.0
2789,81,8,15549,15582,6,2,19,0.0,對手掛網,掛網,,646.0,408.0,0,0,63.0
2790,81,9,15998,16252,7,2,19,0.0,對手未過網,未過網,,329.0,269.0,0,0,62.0
2791,81,10,16948,17033,8,2,19,0.0,對手出界,出界,,270.0,595.0,0,0,62.0
2792,81,11,17471,17544,9,2,19,0.0,落地致勝,對手落地致勝,,862.0,297.0,0,0,63.0
2793,81,12,18024,18168,10,2,19,0.0,對手出界,出界,,1166.0,500.0,0,0,63.0
2794,81,13,18662,18911,10,3,19,1.0,對手出界,出界,,1093.0,278.0,0,0,19.0
2795,81,14,19413,19503,11,3,63,0.0,對手掛網,掛網,,446.0,411.0,0,0,62.0
2796,81,15,21446,21576,11,4,18,1.0,對手未過網,未過網,,353.0,363.0,0,0,19.0
2797,81,16,21989,22124,12,4,62,0.0,對手掛網,掛網,,760.0,406.0,0,0,63.0
2798,81,17,22569,22670,12,5,19,1.0,對手掛網,掛網,,840.0,428.0,0,0,19.0
2799,81,18,23271,23518,13,5,63,0.0,對手出界,出界,,168.0,541.0,0,0,63.0
2800,81,19,23951,23972,14,5,18,0.0,對手落點判斷失誤,落點判斷失誤,,650.0,366.0,0,0,63.0
2801,81,20,24321,24377,14,6,18,1.0,對手掛網,掛網,,834.0,423.0,0,0,19.0
2802,81,21,24823,24850,15,6,62,0.0,對手未過網,未過網,,697.0,413.0,0,0,62.0
2803,81,22,25223,25273,16,6,19,0.0,對手出界,出界,,316.0,477.0,0,0,63.0
2804,81,23,25666,25867,16,7,19,1.0,對手出界,出界,,379.0,321.0,0,0,18.0
2805,81,24,26367,26431,17,7,63,0.0,對手出界,出界,,270.0,460.0,0,0,63.0
2806,81,25,26803,26857,17,8,18,1.0,落地致勝,對手落地致勝,,526.0,555.0,0,0,19.0
2807,81,26,27257,27480,18,8,62,0.0,對手掛網,掛網,,515.0,404.0,0,0,63.0
2808,81,27,27950,28084,19,8,19,0.0,對手未過網,未過網,,790.0,407.0,0,0,62.0
2809,81,28,28562,28702,19,9,19,1.0,對手掛網,掛網,,743.0,424.0,0,0,18.0
2810,81,29,29172,29615,20,9,63,0.0,對手掛網,掛網,,466.0,405.0,0,0,63.0
2811,81,30,30219,30245,20,10,18,1.0,對手出界,出界,,612.0,377.0,0,0,18.0
2812,81,31,30545,30637,21,10,62,0.0,對手落點判斷失誤,落點判斷失誤,,855.0,277.0,0,0,63.0
2813,82,1,35622,35798,1,0,19,0.0,落地致勝,對手落地致勝,,679.0,369.0,0,0,18.0
2814,82,2,36254,36312,2,0,62,0.0,對手落點判斷失誤,落點判斷失誤,,860.0,278.0,0,0,19.0
2815,82,3,36623,36749,3,0,62,0.0,對手出界,出界,,988.0,557.0,0,0,18.0
2816,82,4,37146,37238,3,1,62,1.0,對手出界,出界,,908.0,356.0,0,0,63.0
2817,82,5,37598,37651,4,1,18,0.0,落地致勝,對手落地致勝,,837.0,310.0,0,0,19.0
2818,82,6,38036,38096,4,2,63,1.0,落地致勝,對手落地致勝,,851.0,558.0,0,0,63.0
2819,82,7,38581,38685,5,2,19,0.0,落地致勝,對手落地致勝,,505.0,298.0,0,0,18.0
2820,82,8,39095,39527,6,2,62,0.0,對手出界,出界,,595.0,664.0,0,0,18.0
2821,82,9,40914,41200,7,2,62,0.0,對手掛網,掛網,,583.0,411.0,0,0,19.0
2822,82,10,41833,41972,8,2,62,0.0,對手未過網,未過網,,899.0,425.0,0,0,18.0
2823,82,11,42403,42512,8,3,62,1.0,對手掛網,掛網,,836.0,425.0,0,0,62.0
2824,82,12,43000,43240,9,3,18,0.0,對手出界,出界,,112.0,500.0,0,0,19.0
2825,82,13,43710,43759,9,4,63,1.0,對手出界,出界,,795.0,281.0,0,0,63.0
2826,82,14,44153,44207,10,4,19,0.0,落地致勝,對手落地致勝,,464.0,278.0,0,0,18.0
2827,82,15,44620,44758,10,5,62,1.0,對手出界,出界,,343.0,345.0,0,0,63.0
2828,82,16,45264,45340,11,5,18,0.0,對手掛網,掛網,,415.0,412.0,0,0,18.0
2829,82,17,47740,47904,11,6,63,1.0,對手掛網,掛網,,511.0,422.0,0,0,63.0
2830,82,18,48343,49219,12,6,19,0.0,落地致勝,對手落地致勝,,871.0,372.0,0,0,19.0
2831,82,19,50351,50579,13,6,62,0.0,對手出界,出界,,941.0,677.0,0,0,18.0
2832,82,20,51011,51064,14,6,62,0.0,落地致勝,對手落地致勝,,719.0,382.0,0,0,18.0
2833,82,21,51492,51641,14,7,62,1.0,落地致勝,對手落地致勝,,769.0,509.0,0,0,62.0
2834,82,22,52324,52377,15,7,18,0.0,落地致勝,對手落地致勝,,660.0,299.0,0,0,19.0
2835,82,23,52850,52886,15,8,63,1.0,落地致勝,對手落地致勝,,625.0,487.0,0,0,63.0
2836,82,24,53256,53305,15,9,19,1.0,對手出界,出界,,938.0,337.0,0,0,62.0
2837,82,25,53797,53852,16,9,19,0.0,落地致勝,對手落地致勝,,837.0,279.0,0,0,18.0
2838,82,26,54356,54496,16,10,62,1.0,落地致勝,對手落地致勝,,316.0,568.0,0,0,63.0
2839,82,27,54974,54999,17,10,18,0.0,對手掛網,掛網,,727.0,407.0,0,0,18.0
2840,82,28,55561,55594,18,10,63,0.0,對手掛網,掛網,,635.0,405.0,0,0,19.0
2841,82,29,55975,55994,18,11,63,1.0,對手掛網,掛網,,628.0,425.0,0,0,63.0
2842,82,30,56504,56863,19,11,19,0.0,對手出界,出界,,225.0,603.0,0,0,19.0
2843,82,31,57329,57371,20,11,62,0.0,落地致勝,對手落地致勝,,867.0,292.0,0,0,19.0
2844,82,32,57674,57934,21,11,62,0.0,對手出界,出界,,711.0,661.0,0,0,19.0
2845,83,1,62101,62289,1,0,62,0.0,對手掛網,掛網,,576.0,408.0,0,0,62.0
2846,83,2,62790,63022,1,1,19,1.0,對手出界,出界,,608.0,271.0,0,0,18.0
2847,83,3,63375,63497,2,1,63,0.0,對手掛網,掛網,,811.0,399.0,0,0,63.0
2848,83,4,63925,63968,2,2,18,1.0,落地致勝,對手落地致勝,,876.0,563.0,0,0,19.0
2849,83,5,64434,64541,3,2,62,0.0,對手掛網,掛網,,856.0,390.0,0,0,62.0
2850,83,6,65058,65164,4,2,19,0.0,落地致勝,對手落地致勝,,409.0,302.0,0,0,62.0
2851,83,7,65756,65849,4,3,19,1.0,對手掛網,掛網,,854.0,424.0,0,0,18.0
2852,83,8,66361,66560,4,4,63,1.0,對手掛網,掛網,,556.0,426.0,0,0,18.0
2853,83,9,67889,67936,5,4,63,0.0,對手未過網,未過網,,507.0,338.0,0,0,63.0
2854,83,10,68352,68405,6,4,18,0.0,對手掛網,掛網,,732.0,403.0,0,0,62.0
2855,83,11,68795,68821,6,5,18,1.0,對手掛網,掛網,,540.0,416.0,0,0,18.0
2856,83,12,69222,69285,7,5,62,0.0,落地致勝,對手落地致勝,,529.0,303.0,0,0,63.0
2857,83,13,69843,69879,8,5,19,0.0,對手掛網,掛網,,690.0,404.0,0,0,62.0
2858,83,14,70390,70615,9,5,19,0.0,對手未過網,未過網,,958.0,335.0,0,0,62.0
2859,83,15,71335,71417,9,6,19,1.0,落地致勝,對手落地致勝,,293.0,569.0,0,0,19.0
2860,83,16,71951,72076,10,6,63,0.0,對手出界,出界,,56.0,528.0,0,0,63.0
2861,83,17,72576,72604,11,6,18,0.0,對手落點判斷失誤,落點判斷失誤,,393.0,359.0,0,0,63.0
2862,83,18,74719,75080,12,6,18,0.0,對手出界,出界,,503.0,271.0,0,0,63.0
2863,83,19,75948,76087,12,7,18,1.0,對手掛網,掛網,,704.0,406.0,0,0,19.0
2864,83,20,76536,76700,13,7,62,0.0,落地致勝,對手落地致勝,,357.0,551.0,0,0,63.0
2865,83,21,77363,77634,14,7,19,0.0,對手掛網,掛網,,897.0,424.0,0,0,63.0
2866,83,22,78102,78128,14,8,19,1.0,對手出界,出界,,688.0,466.0,0,0,19.0
2867,83,23,80305,80368,15,8,63,0.0,落地致勝,對手落地致勝,,876.0,574.0,0,0,62.0
2868,83,24,80847,81182,16,8,18,0.0,對手出界,出界,,715.0,266.0,0,0,62.0
2869,83,25,81863,82117,16,9,18,1.0,對手掛網,掛網,,430.0,412.0,0,0,18.0
2870,83,26,82674,82919,16,10,62,1.0,對手掛網,掛網,,506.0,409.0,0,0,18.0
2871,83,27,84062,84094,17,10,62,0.0,對手出界,出界,,614.0,386.0,0,0,62.0
2872,83,28,84563,84638,18,10,19,0.0,對手掛網,掛網,,802.0,427.0,0,0,62.0
2873,83,29,85245,85445,18,11,19,1.0,對手掛網,掛網,,531.0,412.0,0,0,19.0
2874,83,30,86096,86128,19,11,63,0.0,對手出界,出界,,644.0,408.0,0,0,63.0
2875,83,31,86504,86543,20,11,18,0.0,對手出界,出界,,830.0,268.0,0,0,63.0
2876,83,32,86965,87069,21,11,18,0.0,對手未過網,未過網,,443.0,435.0,0,0,63.0
2877,84,1,12023,12168,0,1,71,1.0,對手出界,出界,,249.0,595.0,0,0,25.0
2878,84,2,12708,13198,1,1,71,0.0,對手掛網,掛網,,486.0,455.0,0,0,70.0
2879,84,3,13709,13781,1,2,29,1.0,對手掛網,掛網,,871.0,430.0,0,0,25.0
2880,84,4,14237,14325,2,2,70,0.0,落地致勝,對手落地致勝,,923.0,561.0,0,0,70.0
2881,84,5,14772,15334,2,3,25,1.0,對手掛網,掛網,,484.0,444.0,0,0,29.0
2882,84,6,16133,17104,3,3,71,0.0,對手掛網,掛網,,830.0,457.0,0,0,71.0
2883,84,7,17669,17669,3,4,29,1.0,,,,0.0,0.0,0,0,
2884,84,8,18453,18876,4,4,70,0.0,對手掛網,掛網,,542.0,460.0,0,0,70.0
2885,84,9,19616,20038,5,4,25,0.0,落地致勝,對手落地致勝,,807.0,514.0,0,0,70.0
2886,84,10,20737,20915,6,4,25,0.0,對手掛網,掛網,,480.0,455.0,0,0,70.0
2887,84,11,21467,21610,6,5,25,1.0,對手掛網,掛網,,456.0,445.0,0,0,29.0
2888,84,12,22288,22411,6,6,71,1.0,對手掛網,掛網,,456.0,443.0,0,0,25.0
2889,84,13,23158,23266,6,7,71,1.0,落地致勝,對手落地致勝,,844.0,344.0,0,0,29.0
2890,84,14,23839,24222,6,8,71,1.0,對手未過網,未過網,,604.0,445.0,0,0,29.0
2891,84,15,24942,25149,7,8,71,0.0,對手出界,出界,,404.0,342.0,0,0,70.0
2892,84,16,25575,25689,8,8,29,0.0,對手掛網,掛網,,805.0,454.0,0,0,70.0
2893,84,17,26776,26897,8,9,29,1.0,對手未過網,未過網,,656.0,440.0,0,0,25.0
2894,84,18,27647,27703,9,9,70,0.0,對手出界,出界,,276.0,401.0,0,0,71.0
2895,84,19,28157,28793,9,10,25,1.0,對手掛網,掛網,,617.0,436.0,0,0,25.0
2896,84,20,30063,30089,10,10,71,0.0,對手出界,出界,,644.0,414.0,0,0,71.0
2897,84,21,30473,30728,10,11,29,1.0,對手未過網,未過網,,835.0,430.0,0,0,29.0
2898,84,22,33182,33232,10,12,70,1.0,對手出界,出界,,255.0,573.0,0,0,25.0
2899,84,23,33657,33876,10,13,70,1.0,對手掛網,掛網,,879.0,443.0,0,0,25.0
2900,84,24,34544,34658,11,13,70,0.0,對手掛網,掛網,,441.0,453.0,0,0,70.0
2901,84,25,35034,35105,12,13,25,0.0,對手掛網,掛網,,541.0,456.0,0,0,70.0
2902,84,26,35515,35674,13,13,25,0.0,落地致勝,對手落地致勝,,952.0,570.0,0,0,70.0
2903,84,27,36251,36634,13,14,25,1.0,對手掛網,掛網,,407.0,446.0,0,0,29.0
2904,84,28,37409,37557,13,15,71,1.0,對手出界,出界,,665.0,653.0,0,0,25.0
2905,84,29,38308,39347,14,15,71,0.0,對手掛網,掛網,,853.0,453.0,0,0,71.0
2906,84,30,40216,40320,14,16,29,1.0,對手未過網,未過網,,700.0,437.0,0,0,29.0
2907,84,31,41018,41136,15,16,70,0.0,對手掛網,掛網,,559.0,458.0,0,0,70.0
2908,84,32,41778,41858,16,16,25,0.0,對手落點判斷失誤,落點判斷失誤,,1018.0,595.0,0,0,70.0
2909,84,33,43444,43464,16,17,25,1.0,對手犯規,犯規,,728.0,546.0,0,0,25.0
2910,84,34,44130,44278,16,18,71,1.0,對手出界,出界,,294.0,668.0,0,0,25.0
2911,84,35,45188,45352,17,18,71,0.0,對手未過網,未過網,,1050.0,514.0,0,0,70.0
2912,84,36,46032,46273,18,18,29,0.0,對手掛網,掛網,,771.0,453.0,0,0,71.0
2913,84,37,46927,47061,19,18,29,0.0,落地致勝,對手落地致勝,,867.0,540.0,0,0,71.0
2914,84,38,47847,47923,20,18,29,0.0,對手未過網,未過網,,802.0,441.0,0,0,71.0
2915,84,39,48548,48675,21,18,29,0.0,對手掛網,掛網,,530.0,460.0,0,0,71.0
2916,85,1,52949,53049,1,0,29,0.0,對手掛網,掛網,,498.0,455.0,0,0,29.0
2917,85,2,53572,53651,2,0,71,0.0,對手掛網,掛網,,383.0,454.0,0,0,29.0
2918,85,3,54127,54436,3,0,71,0.0,對手掛網,掛網,,720.0,454.0,0,0,29.0
2919,85,4,55036,55873,3,1,71,1.0,落地致勝,對手落地致勝,,865.0,406.0,0,0,71.0
2920,85,5,56720,56858,3,2,25,1.0,落地致勝,對手落地致勝,,484.0,380.0,0,0,71.0
2921,85,6,57895,58305,3,3,25,1.0,落地致勝,對手落地致勝,,844.0,379.0,0,0,71.0
2922,85,7,59204,59288,3,4,25,1.0,對手出界,出界,,1050.0,626.0,0,0,70.0
2923,85,8,59730,59823,4,4,25,0.0,對手未過網,未過網,,717.0,491.0,0,0,29.0
2924,85,9,60417,60790,5,4,70,0.0,對手出界,出界,,897.0,375.0,0,0,25.0
2925,85,10,61438,61821,6,4,70,0.0,對手掛網,掛網,,432.0,454.0,0,0,25.0
2926,85,11,62508,63022,7,4,70,0.0,對手出界,出界,,883.0,338.0,0,0,29.0
2927,85,12,63994,64123,8,4,70,0.0,落地致勝,對手落地致勝,,366.0,565.0,0,0,29.0
2928,85,13,65258,65512,8,5,70,1.0,落地致勝,對手落地致勝,,652.0,380.0,0,0,71.0
2929,85,14,66162,66263,8,6,29,1.0,對手出界,出界,,218.0,611.0,0,0,70.0
2930,85,15,66773,66939,9,6,29,0.0,對手掛網,掛網,,641.0,454.0,0,0,25.0
2931,85,16,67711,68241,9,7,71,1.0,落地致勝,對手落地致勝,,393.0,402.0,0,0,70.0
2932,85,17,70586,70661,10,7,25,0.0,落地致勝,對手落地致勝,,818.0,604.0,0,0,29.0
2933,85,18,71304,71773,10,8,70,1.0,落地致勝,對手落地致勝,,444.0,412.0,0,0,70.0
2934,85,19,72587,72699,10,9,29,1.0,對手出界,出界,,208.0,503.0,0,0,70.0
2935,85,20,73264,73417,11,9,29,0.0,對手未過網,未過網,,387.0,614.0,0,0,29.0
2936,85,21,75926,75995,11,10,71,1.0,落地致勝,對手落地致勝,,521.0,374.0,0,0,71.0
2937,85,22,76754,76828,12,10,25,0.0,對手未過網,未過網,,845.0,442.0,0,0,29.0
2938,85,23,77836,77975,13,10,70,0.0,對手掛網,掛網,,657.0,455.0,0,0,29.0
2939,85,24,78471,78669,14,10,70,0.0,對手出界,出界,,720.0,337.0,0,0,29.0
2940,85,25,79482,79906,15,10,70,0.0,對手掛網,掛網,,652.0,457.0,0,0,29.0
2941,85,26,80507,80563,16,10,70,0.0,落地致勝,對手落地致勝,,798.0,456.0,0,0,29.0
2942,85,27,81180,81242,16,11,70,1.0,對手未過網,未過網,,606.0,386.0,0,0,70.0
2943,85,28,81880,82057,16,12,29,1.0,對手掛網,掛網,,673.0,443.0,0,0,70.0
2944,85,29,82685,84102,16,13,29,1.0,對手掛網,掛網,,809.0,443.0,0,0,71.0
2945,85,30,85335,85591,17,13,29,0.0,落地致勝,對手落地致勝,,732.0,546.0,0,0,29.0
2946,85,31,86517,87114,17,14,71,1.0,對手出界,出界,,1009.0,576.0,0,0,71.0
2947,85,32,88062,88151,18,14,25,0.0,落地致勝,對手落地致勝,,514.0,539.0,0,0,29.0
2948,85,33,89099,89160,18,15,70,1.0,對手掛網,掛網,,619.0,442.0,0,0,70.0
2949,85,34,89870,90144,19,15,29,0.0,對手出界,出界,,888.0,359.0,0,0,
2950,85,35,91309,91672,20,15,71,0.0,對手掛網,掛網,,497.0,454.0,0,0,29.0
2951,85,36,92485,92609,21,15,71,0.0,對手掛網,掛網,,806.0,456.0,0,0,29.0
2952,86,1,96955,97229,1,0,71,0.0,對手未過網,未過網,,864.0,367.0,0,0,25.0
2953,86,2,98174,98206,1,1,71,1.0,對手犯規,犯規,,705.0,370.0,0,0,71.0
2954,86,3,98828,99129,1,2,29,1.0,對手掛網,掛網,,442.0,454.0,0,0,70.0
2955,86,4,99664,99755,1,3,29,1.0,落地致勝,對手落地致勝,,380.0,499.0,0,0,71.0
2956,86,5,101001,101275,2,3,29,0.0,對手掛網,掛網,,409.0,442.0,0,0,25.0
2957,86,6,101976,102035,3,3,70,0.0,落地致勝,對手落地致勝,,526.0,355.0,0,0,25.0
2958,86,7,102626,103107,4,3,70,0.0,對手掛網,掛網,,555.0,444.0,0,0,25.0
2959,86,8,103844,104014,4,4,70,1.0,對手掛網,掛網,,522.0,454.0,0,0,71.0
2960,86,9,104658,104906,4,5,25,1.0,對手掛網,掛網,,558.0,457.0,0,0,70.0
2961,86,10,105655,105926,4,6,25,1.0,對手出界,出界,,909.0,370.0,0,0,71.0
2962,86,11,107257,107429,4,7,25,1.0,落地致勝,對手落地致勝,,624.0,604.0,0,0,70.0
2963,86,12,108454,108557,5,7,25,0.0,對手出界,出界,,990.0,549.0,0,0,29.0
2964,86,13,109703,109867,5,8,71,1.0,對手出界,出界,,1005.0,388.0,0,0,71.0
2965,86,14,110405,110609,5,9,29,1.0,落地致勝,對手落地致勝,,645.0,500.0,0,0,70.0
2966,86,15,111298,111380,6,9,29,0.0,對手出界,出界,,303.0,500.0,0,0,25.0
2967,86,16,112060,112148,7,9,70,0.0,對手掛網,掛網,,778.0,445.0,0,0,29.0
2968,86,17,113289,113406,8,9,70,0.0,落地致勝,對手落地致勝,,779.0,347.0,0,0,29.0
2969,86,18,114091,114141,9,9,70,0.0,落地致勝,對手落地致勝,,598.0,355.0,0,0,25.0
2970,86,19,114703,115029,10,9,70,0.0,對手掛網,掛網,,903.0,442.0,0,0,25.0
2971,86,20,115991,116136,10,10,70,1.0,落地致勝,對手落地致勝,,923.0,574.0,0,0,71.0
2972,86,21,116891,117006,10,11,25,1.0,對手掛網,掛網,,459.0,452.0,0,0,70.0
2973,86,22,119477,120103,10,12,25,1.0,對手掛網,掛網,,470.0,442.0,0,0,71.0
2974,86,23,120924,121071,11,12,25,0.0,對手出界,出界,,877.0,347.0,0,0,29.0
2975,86,24,121898,122175,11,13,71,1.0,落地致勝,對手落地致勝,,668.0,344.0,0,0,70.0
2976,86,25,122886,123238,12,13,29,0.0,對手掛網,掛網,,865.0,453.0,0,0,29.0
2977,86,26,124133,124378,13,13,70,0.0,對手掛網,掛網,,668.0,452.0,0,0,29.0
2978,86,27,125542,125591,13,14,70,1.0,落地致勝,對手落地致勝,,478.0,351.0,0,0,70.0
2979,86,28,126343,126542,13,15,25,1.0,落地致勝,對手落地致勝,,839.0,391.0,0,0,71.0
2980,86,29,127815,127884,14,15,25,0.0,對手出界,出界,,108.0,428.0,0,0,29.0
2981,86,30,128733,128819,15,15,71,0.0,對手掛網,掛網,,663.0,458.0,0,0,29.0
2982,86,31,129806,129995,15,16,71,1.0,對手掛網,掛網,,402.0,438.0,0,0,70.0
2983,86,32,131185,131363,16,16,29,0.0,對手掛網,掛網,,856.0,466.0,0,0,29.0
2984,86,33,132147,132462,16,17,70,1.0,對手掛網,掛網,,793.0,441.0,0,0,71.0
2985,86,34,133452,133518,17,17,25,0.0,對手出界,出界,,894.0,384.0,0,0,29.0
2986,86,35,135909,136048,18,17,71,0.0,落地致勝,對手落地致勝,,359.0,495.0,0,0,25.0
2987,86,36,137070,137380,19,17,71,0.0,對手出界,出界,,246.0,400.0,0,0,25.0
2988,86,37,138700,138946,19,18,71,1.0,落地致勝,對手落地致勝,,762.0,364.0,0,0,71.0
2989,86,38,140206,140255,19,19,29,1.0,對手出界,出界,,845.0,666.0,0,0,70.0
2990,86,39,140843,141415,20,19,29,0.0,對手掛網,掛網,,859.0,452.0,0,0,29.0
2991,86,40,143695,143893,21,19,70,0.0,落地致勝,對手落地致勝,,953.0,592.0,0,0,25.0
2992,87,1,11876,12075,1,0,73,0.0,對手掛網,掛網,,412.0,442.0,0,0,25.0
2993,87,2,12541,13128,1,1,73,1.0,落地致勝,對手落地致勝,,754.0,557.0,0,0,72.0
2994,87,3,13650,13710,2,1,29,0.0,對手掛網,掛網,,569.0,434.0,0,0,25.0
2995,87,4,14490,14593,3,1,72,0.0,落地致勝,對手落地致勝,,509.0,360.0,0,0,29.0
2996,87,5,15002,15162,3,2,72,1.0,對手出界,出界,,945.0,365.0,0,0,73.0
2997,87,6,15500,15557,4,2,25,0.0,對手掛網,掛網,,883.0,436.0,0,0,29.0
2998,87,7,15974,16338,4,3,73,1.0,對手出界,出界,,774.0,306.0,0,0,73.0
2999,87,8,17477,17755,5,3,29,0.0,對手掛網,掛網,,769.0,437.0,0,0,29.0
3000,87,9,18696,18983,5,4,72,1.0,對手出界,出界,,525.0,305.0,0,0,72.0
3001,87,10,19417,19574,6,4,25,0.0,對手掛網,掛網,,534.0,437.0,0,0,29.0
3002,87,11,20166,20879,6,5,73,1.0,對手未過網,未過網,,1061.0,428.0,0,0,73.0
3003,87,12,21974,21997,7,5,29,0.0,對手犯規,犯規,,600.0,480.0,0,0,29.0
3004,87,13,22797,23148,7,6,72,1.0,對手掛網,掛網,,465.0,452.0,0,0,73.0
3005,87,14,23714,23782,8,6,25,0.0,落地致勝,對手落地致勝,,452.0,326.0,0,0,29.0
3006,87,15,24324,24461,9,6,73,0.0,對手落點判斷失誤,落點判斷失誤,,504.0,317.0,0,0,29.0
3007,87,16,26085,26224,9,7,73,1.0,對手掛網,掛網,,650.0,451.0,0,0,73.0
3008,87,17,26663,26739,10,7,29,0.0,對手出界,出界,,189.0,659.0,0,0,29.0
3009,87,18,27171,27212,10,8,72,1.0,對手掛網,掛網,,639.0,451.0,0,0,73.0
3010,87,19,27662,27756,11,8,25,0.0,落地致勝,對手落地致勝,,377.0,393.0,0,0,25.0
3011,87,20,29829,30035,12,8,73,0.0,對手掛網,掛網,,567.0,433.0,0,0,29.0
3012,87,21,30495,30643,13,8,73,0.0,落地致勝,對手落地致勝,,469.0,345.0,0,0,29.0
3013,87,22,31094,31237,14,8,73,0.0,落地致勝,對手落地致勝,,810.0,378.0,0,0,25.0
3014,87,23,31815,32344,14,9,73,1.0,對手掛網,掛網,,549.0,453.0,0,0,73.0
3015,87,24,33593,33675,15,9,25,0.0,對手掛網,掛網,,702.0,441.0,0,0,25.0
3016,87,25,34206,34253,15,10,72,1.0,對手掛網,掛網,,694.0,427.0,0,0,73.0
3017,87,26,34581,34926,16,10,29,0.0,對手出界,出界,,285.0,506.0,0,0,29.0
3018,87,27,35754,35912,17,10,73,0.0,對手掛網,掛網,,676.0,439.0,0,0,29.0
3019,87,28,36499,36919,18,10,73,0.0,對手未過網,未過網,,318.0,379.0,0,0,25.0
3020,87,29,37986,38090,19,10,73,0.0,對手掛網,掛網,,700.0,439.0,0,0,25.0
3021,87,30,38539,38697,19,11,73,1.0,落地致勝,對手落地致勝,,361.0,558.0,0,0,73.0
3022,87,31,39150,39290,19,12,25,1.0,對手掛網,掛網,,649.0,448.0,0,0,73.0
3023,87,32,39799,39831,20,12,25,0.0,落地致勝,對手落地致勝,,661.0,438.0,0,0,25.0
3024,87,33,40267,40326,20,13,72,1.0,對手掛網,掛網,,424.0,454.0,0,0,72.0
3025,87,34,40783,41065,20,14,29,1.0,落地致勝,對手落地致勝,,952.0,505.0,0,0,72.0
3026,87,35,41795,41832,20,15,29,1.0,對手出界,出界,,945.0,418.0,0,0,72.0
3027,87,36,43100,43185,20,16,29,1.0,落地致勝,對手落地致勝,,891.0,579.0,0,0,72.0
3028,87,37,43675,44061,21,16,29,0.0,對手掛網,掛網,,586.0,443.0,0,0,25.0
3029,88,1,48143,48189,1,0,73,0.0,落地致勝,對手落地致勝,,956.0,623.0,0,0,29.0
3030,88,2,48607,48790,2,0,73,0.0,對手出界,出界,,372.0,322.0,0,0,29.0
3031,88,3,49282,49665,3,0,73,0.0,對手掛網,掛網,,719.0,449.0,0,0,25.0
3032,88,4,50345,50398,4,0,73,0.0,落地致勝,對手落地致勝,,1001.0,639.0,0,0,29.0
3033,88,5,50950,51084,4,1,73,1.0,對手未過網,未過網,,842.0,458.0,0,0,72.0
3034,88,6,51781,52211,5,1,25,0.0,落地致勝,對手落地致勝,,730.0,490.0,0,0,29.0
3035,88,7,53065,53129,6,1,72,0.0,對手掛網,掛網,,586.0,450.0,0,0,29.0
3036,88,8,53688,53788,6,2,72,1.0,落地致勝,對手落地致勝,,890.0,335.0,0,0,73.0
3037,88,9,54558,54631,7,2,29,0.0,落地致勝,對手落地致勝,,1006.0,628.0,0,0,25.0
3038,88,10,55166,55278,7,3,73,1.0,對手出界,出界,,204.0,647.0,0,0,72.0
3039,88,11,55949,56123,8,3,25,0.0,落地致勝,對手落地致勝,,884.0,484.0,0,0,29.0
3040,88,12,56713,57550,9,3,72,0.0,對手出界,出界,,916.0,337.0,0,0,29.0
3041,88,13,58504,58770,10,3,72,0.0,對手掛網,掛網,,625.0,452.0,0,0,29.0
3042,88,14,59437,60109,11,3,72,0.0,落地致勝,對手落地致勝,,922.0,569.0,0,0,25.0
3043,88,15,62557,62796,11,4,72,1.0,對手掛網,掛網,,895.0,442.0,0,0,72.0
3044,88,16,63208,63305,11,5,29,1.0,落地致勝,對手落地致勝,,410.0,334.0,0,0,73.0
3045,88,17,64508,64847,12,5,29,0.0,對手掛網,掛網,,627.0,449.0,0,0,29.0
3046,88,18,66269,66323,13,5,73,0.0,對手落點判斷失誤,落點判斷失誤,,510.0,657.0,0,0,29.0
3047,88,19,66882,67123,13,6,73,1.0,對手掛網,掛網,,704.0,440.0,0,0,73.0
3048,88,20,67591,67916,13,7,25,1.0,對手出界,出界,,1037.0,635.0,0,0,72.0
3049,88,21,69702,70167,13,8,25,1.0,對手掛網,掛網,,515.0,437.0,0,0,72.0
3050,88,22,70976,71058,13,9,25,1.0,對手落點判斷失誤,落點判斷失誤,,447.0,313.0,0,0,72.0
3051,88,23,72464,72632,14,9,25,0.0,對手出界,出界,,482.0,309.0,0,0,29.0
3052,88,24,73106,73554,14,10,72,1.0,對手掛網,掛網,,784.0,444.0,0,0,72.0
3053,88,25,74132,74132,15,10,29,0.0,,,,0.0,0.0,0,0,
3054,88,26,75028,75127,16,10,73,0.0,對手掛網,掛網,,567.0,452.0,0,0,29.0
3055,88,27,75722,75835,16,11,73,1.0,對手出界,出界,,1209.0,500.0,0,0,73.0
3056,88,28,76315,76427,17,11,25,0.0,對手出界,出界,,449.0,308.0,0,0,29.0
3057,88,29,76909,77041,17,12,72,1.0,對手出界,出界,,1025.0,509.0,0,0,73.0
3058,88,30,77597,77648,18,12,29,0.0,對手掛網,掛網,,525.0,455.0,0,0,25.0
3059,88,31,78128,78228,19,12,73,0.0,落地致勝,對手落地致勝,,838.0,489.0,0,0,25.0
3060,88,32,78786,79201,20,12,73,0.0,對手掛網,掛網,,393.0,451.0,0,0,29.0
3061,88,33,79721,80027,21,12,73,0.0,對手掛網,掛網,,875.0,451.0,0,0,25.0
3062,89,1,10447,10623,1,0,25,0.0,對手掛網,掛網,,691.0,500.0,0,0,59.0
3063,89,2,10956,11137,2,0,25,0.0,對手落點判斷失誤,落點判斷失誤,,405.0,667.0,0,0,74.0
3064,89,3,11501,11580,2,1,25,1.0,對手出界,出界,,501.0,668.0,0,0,29.0
3065,89,4,11949,12272,3,1,74,0.0,對手出界,出界,,813.0,390.0,0,0,59.0
3066,89,5,12675,12794,4,1,29,0.0,落地致勝,對手落地致勝,,315.0,578.0,0,0,59.0
3067,89,6,13249,13307,4,2,29,1.0,對手掛網,掛網,,618.0,498.0,0,0,25.0
3068,89,7,13772,13840,4,3,59,1.0,對手掛網,掛網,,598.0,498.0,0,0,29.0
3069,89,8,14238,14355,5,3,59,0.0,落地致勝,對手落地致勝,,336.0,625.0,0,0,59.0
3070,89,9,14816,14862,5,4,25,1.0,對手出界,出界,,438.0,655.0,0,0,25.0
3071,89,10,15242,15283,5,5,74,1.0,對手出界,出界,,673.0,680.0,0,0,29.0
3072,89,11,16383,16505,6,5,74,0.0,對手掛網,掛網,,540.0,503.0,0,0,74.0
3073,89,12,16901,17313,6,6,29,1.0,對手掛網,掛網,,685.0,491.0,0,0,29.0
3074,89,13,18013,18096,7,6,59,0.0,對手掛網,掛網,,796.0,513.0,0,0,59.0
3075,89,14,18574,18713,8,6,25,0.0,落地致勝,對手落地致勝,,611.0,554.0,0,0,74.0
3076,89,15,19229,19336,9,6,25,0.0,對手掛網,掛網,,402.0,502.0,0,0,74.0
3077,89,16,19727,20130,9,7,25,1.0,對手未過網,未過網,,524.0,391.0,0,0,29.0
3078,89,17,20608,20656,10,7,74,0.0,對手未過網,未過網,,1093.0,541.0,0,0,74.0
3079,89,18,21174,21339,10,8,29,1.0,對手出界,出界,,306.0,541.0,0,0,29.0
3080,89,19,21918,22366,11,8,59,0.0,對手未過網,未過網,,166.0,571.0,0,0,74.0
3081,89,20,24687,24729,11,9,25,1.0,對手出界,出界,,654.0,638.0,0,0,25.0
3082,89,21,25036,25188,11,10,74,1.0,落地致勝,對手落地致勝,,500.0,416.0,0,0,29.0
3083,89,22,25887,25950,11,11,74,1.0,落地致勝,對手落地致勝,,817.0,427.0,0,0,25.0
3084,89,23,26422,26471,12,11,74,0.0,落地致勝,對手落地致勝,,984.0,662.0,0,0,59.0
3085,89,24,26914,26998,13,11,29,0.0,落地致勝,對手落地致勝,,350.0,667.0,0,0,74.0
3086,89,25,27397,27461,13,12,29,1.0,落地致勝,對手落地致勝,,657.0,416.0,0,0,29.0
3087,89,26,27905,28123,13,13,59,1.0,對手未過網,未過網,,315.0,485.0,0,0,25.0
3088,89,27,28754,28814,14,13,59,0.0,對手掛網,掛網,,817.0,512.0,0,0,59.0
3089,89,28,29310,29521,14,14,25,1.0,對手落點判斷失誤,落點判斷失誤,,512.0,393.0,0,0,29.0
3090,89,29,30021,30089,15,14,74,0.0,落地致勝,對手落地致勝,,878.0,562.0,0,0,59.0
3091,89,30,30617,30762,16,14,29,0.0,對手出界,出界,,824.0,386.0,0,0,59.0
3092,89,31,31266,31360,16,15,29,1.0,落地致勝,對手落地致勝,,780.0,415.0,0,0,29.0
3093,89,32,31894,32028,17,15,59,0.0,落地致勝,對手落地致勝,,857.0,622.0,0,0,59.0
3094,89,33,32781,32883,17,16,25,1.0,對手掛網,掛網,,783.0,484.0,0,0,29.0
3095,89,34,33405,33533,18,16,74,0.0,對手掛網,掛網,,508.0,507.0,0,0,74.0
3096,89,35,34013,34064,19,16,29,0.0,對手掛網,掛網,,535.0,514.0,0,0,74.0
3097,89,36,34404,34661,20,16,29,0.0,對手出界,出界,,612.0,389.0,0,0,74.0
3098,89,37,34961,35093,20,17,29,1.0,對手出界,出界,,150.0,589.0,0,0,29.0
3099,89,38,35602,35636,21,17,59,0.0,對手掛網,掛網,,661.0,499.0,0,0,59.0
3100,90,1,39570,39690,1,0,25,0.0,對手掛網,掛網,,661.0,494.0,0,0,74.0
3101,90,2,40086,40165,1,1,25,1.0,對手掛網,掛網,,633.0,519.0,0,0,25.0
3102,90,3,40462,40532,1,2,74,1.0,對手掛網,掛網,,824.0,509.0,0,0,25.0
3103,90,4,40859,40875,2,2,74,0.0,對手出界,出界,,690.0,540.0,0,0,74.0
3104,90,5,41147,41179,3,2,29,0.0,對手掛網,掛網,,494.0,494.0,0,0,74.0
3105,90,6,41496,41704,4,2,29,0.0,對手出界,出界,,1182.0,466.0,0,0,59.0
3106,90,7,42147,42190,5,2,29,0.0,對手掛網,掛網,,744.0,496.0,0,0,74.0
3107,90,8,42551,42666,6,2,29,0.0,對手掛網,掛網,,617.0,502.0,0,0,74.0
3108,90,9,42969,43005,7,2,29,0.0,對手落點判斷失誤,落點判斷失誤,,551.0,493.0,0,0,74.0
3109,90,10,43441,43697,7,3,29,1.0,對手掛網,掛網,,433.0,511.0,0,0,25.0
3110,90,11,44175,44339,8,3,59,0.0,落地致勝,對手落地致勝,,824.0,423.0,0,0,74.0
3111,90,12,44858,44973,9,3,25,0.0,落地致勝,對手落地致勝,,898.0,490.0,0,0,74.0
3112,90,13,45398,45514,9,4,25,1.0,對手未過網,未過網,,855.0,496.0,0,0,25.0
3113,90,14,45934,46061,10,4,74,0.0,對手掛網,掛網,,410.0,493.0,0,0,59.0
3114,90,15,46446,46601,11,4,29,0.0,落地致勝,對手落地致勝,,839.0,471.0,0,0,74.0
3115,90,16,48492,48584,11,5,29,1.0,落地致勝,對手落地致勝,,317.0,583.0,0,0,29.0
3116,90,17,50042,50354,12,5,59,0.0,對手未過網,未過網,,947.0,393.0,0,0,74.0
3117,90,18,50977,51088,13,5,25,0.0,對手掛網,掛網,,570.0,496.0,0,0,59.0
3118,90,19,51630,52196,14,5,25,0.0,對手出界,出界,,238.0,554.0,0,0,74.0
3119,90,20,52992,53072,15,5,25,0.0,落地致勝,對手落地致勝,,641.0,407.0,0,0,74.0
3120,90,21,53675,53721,15,6,25,1.0,對手出界,出界,,928.0,412.0,0,0,25.0
3121,90,22,54137,54937,15,7,74,1.0,對手掛網,掛網,,539.0,514.0,0,0,25.0
3122,90,23,55774,55897,16,7,74,0.0,落地致勝,對手落地致勝,,540.0,432.0,0,0,59.0
3123,90,24,56508,56664,16,8,29,1.0,落地致勝,對手落地致勝,,864.0,545.0,0,0,25.0
3124,90,25,57330,57406,17,8,59,0.0,對手未過網,未過網,,365.0,418.0,0,0,59.0
3125,90,26,58019,58167,17,9,25,1.0,對手掛網,掛網,,687.0,509.0,0,0,25.0
3126,90,27,58967,59164,18,9,74,0.0,落地致勝,對手落地致勝,,649.0,402.0,0,0,59.0
3127,90,28,59897,60391,19,9,29,0.0,落地致勝,對手落地致勝,,853.0,440.0,0,0,74.0
3128,90,29,60952,60952,20,9,29,0.0,,,,0.0,0.0,0,0,
3129,90,30,61398,61728,20,10,29,1.0,對手掛網,掛網,,541.0,504.0,0,0,29.0
3130,90,31,62367,62525,21,10,59,0.0,對手未過網,未過網,,382.0,500.0,0,0,74.0
3131,91,1,25774,25854,0,1,16,1.0,對手出界,出界,,526.0,395.0,0,0,17.0
3132,91,2,26283,26333,1,1,62,0.0,對手掛網,掛網,,661.0,509.0,0,0,63.0
3133,91,3,26677,26945,1,2,17,1.0,對手出界,出界,,929.0,411.0,0,0,16.0
3134,91,4,27388,27431,1,3,63,1.0,落地致勝,對手落地致勝,,720.0,641.0,0,0,16.0
3135,91,5,27990,28075,2,3,63,0.0,對手掛網,掛網,,463.0,507.0,0,0,63.0
3136,91,6,28778,28980,3,3,16,0.0,對手出界,出界,,505.0,684.0,0,0,63.0
3137,91,7,29541,29619,4,3,16,0.0,落地致勝,對手落地致勝,,828.0,429.0,0,0,62.0
3138,91,8,31053,31122,4,4,16,1.0,落地致勝,對手落地致勝,,585.0,606.0,0,0,17.0
3139,91,9,31574,31657,5,4,62,0.0,落地致勝,對手落地致勝,,667.0,446.0,0,0,63.0
3140,91,10,31961,32099,6,4,17,0.0,對手出界,出界,,484.0,684.0,0,0,63.0
3141,91,11,32405,32590,7,4,17,0.0,對手出界,出界,,0.0,0.0,0,0,62.0
3142,91,12,32948,33035,7,5,17,1.0,對手出界,出界,,794.0,394.0,0,0,16.0
3143,91,13,33587,33619,8,5,63,0.0,對手掛網,掛網,,641.0,503.0,0,0,63.0
3144,91,14,34152,34327,8,6,16,1.0,對手掛網,掛網,,499.0,518.0,0,0,16.0
3145,91,15,34826,35464,9,6,62,0.0,對手出界,出界,,340.0,685.0,0,0,63.0
3146,91,16,36079,36291,10,6,17,0.0,對手掛網,掛網,,711.0,500.0,0,0,62.0
3147,91,17,37038,37218,10,7,17,1.0,對手出界,出界,,897.0,417.0,0,0,17.0
3148,91,18,37829,38072,11,7,63,0.0,對手掛網,掛網,,662.0,500.0,0,0,63.0
3149,91,19,40317,40638,11,8,16,1.0,對手掛網,掛網,,699.0,516.0,0,0,16.0
3150,91,20,41354,41429,12,8,62,0.0,落地致勝,對手落地致勝,,452.0,405.0,0,0,63.0
3151,91,21,41866,42001,13,8,17,0.0,對手出界,出界,,0.0,0.0,0,0,63.0
3152,91,22,42478,42887,14,8,17,0.0,落地致勝,對手落地致勝,,401.0,488.0,0,0,63.0
3153,91,23,43634,43804,14,9,17,1.0,對手掛網,掛網,,420.0,516.0,0,0,16.0
3154,91,24,44547,44719,15,9,63,0.0,對手出界,出界,,314.0,541.0,0,0,62.0
3155,91,25,45462,45579,15,10,16,1.0,對手出界,出界,,1137.0,471.0,0,0,17.0
3156,91,26,46115,46214,16,10,62,0.0,落地致勝,對手落地致勝,,632.0,402.0,0,0,63.0
3157,91,27,46714,46820,17,10,17,0.0,落地致勝,對手落地致勝,,372.0,458.0,0,0,62.0
3158,91,28,47584,47649,17,11,17,1.0,落地致勝,對手落地致勝,,437.0,628.0,0,0,17.0
3159,91,29,48166,48219,17,12,63,1.0,落地致勝,對手落地致勝,,719.0,531.0,0,0,17.0
3160,91,30,48735,48974,18,12,63,0.0,落地致勝,對手落地致勝,,595.0,474.0,0,0,63.0
3161,91,31,49609,50036,18,13,16,1.0,對手掛網,掛網,,765.0,515.0,0,0,16.0
3162,91,32,51262,51382,19,13,62,0.0,對手出界,出界,,150.0,656.0,0,0,63.0
3163,91,33,51741,51885,19,14,17,1.0,落地致勝,對手落地致勝,,317.0,608.0,0,0,16.0
3164,91,34,52754,52954,20,14,63,0.0,對手出界,出界,,880.0,682.0,0,0,63.0
3165,91,35,53669,53725,21,14,16,0.0,對手出界,出界,,579.0,682.0,0,0,63.0
3166,92,1,57738,57828,1,0,16,0.0,落地致勝,對手落地致勝,,770.0,636.0,0,0,63.0
3167,92,2,58414,58476,2,0,16,0.0,對手出界,出界,,800.0,393.0,0,0,63.0
3168,92,3,59016,59309,2,1,16,1.0,落地致勝,對手落地致勝,,573.0,420.0,0,0,16.0
3169,92,4,60638,60672,2,2,62,1.0,對手掛網,掛網,,689.0,505.0,0,0,17.0
3170,92,5,61214,61290,3,2,62,0.0,對手掛網,掛網,,639.0,517.0,0,0,63.0
3171,92,6,61716,61949,4,2,17,0.0,對手掛網,掛網,,473.0,519.0,0,0,63.0
3172,92,7,62600,62657,4,3,17,1.0,對手掛網,掛網,,813.0,494.0,0,0,16.0
3173,92,8,63385,63657,5,3,63,0.0,對手掛網,掛網,,439.0,511.0,0,0,63.0
3174,92,9,64418,64445,5,4,16,1.0,對手出界,出界,,576.0,540.0,0,0,16.0
3175,92,10,65052,65156,6,4,62,0.0,落地致勝,對手落地致勝,,526.0,552.0,0,0,63.0
3176,92,11,65678,65925,7,4,17,0.0,對手掛網,掛網,,414.0,521.0,0,0,62.0
3177,92,12,66707,66757,8,4,17,0.0,落地致勝,對手落地致勝,,521.0,586.0,0,0,63.0
3178,92,13,67280,67338,8,5,17,1.0,對手掛網,掛網,,634.0,501.0,0,0,16.0
3179,92,14,68065,68140,9,5,63,0.0,對手未過網,未過網,,352.0,522.0,0,0,63.0
3180,92,15,68828,69681,9,6,16,1.0,對手掛網,掛網,,574.0,494.0,0,0,16.0
3181,92,16,70542,70682,10,6,62,0.0,落地致勝,對手落地致勝,,971.0,613.0,0,0,62.0
3182,92,17,71203,71239,10,7,17,1.0,對手出界,出界,,0.0,0.0,0,0,17.0
3183,92,18,72003,72042,10,8,63,1.0,對手掛網,掛網,,892.0,501.0,0,0,16.0
3184,92,19,72578,72672,11,8,63,0.0,對手掛網,掛網,,504.0,505.0,0,0,62.0
3185,92,20,74865,75068,11,9,16,1.0,對手出界,出界,,991.0,637.0,0,0,16.0
3186,92,21,75787,76345,12,9,62,0.0,對手掛網,掛網,,870.0,514.0,0,0,63.0
3187,92,22,77012,77273,13,9,17,0.0,對手未過網,未過網,,719.0,480.0,0,0,63.0
3188,92,23,78002,78139,13,10,17,1.0,對手出界,出界,,815.0,683.0,0,0,16.0
3189,92,24,78814,79113,13,11,63,1.0,對手掛網,掛網,,743.0,495.0,0,0,17.0
3190,92,25,79845,79996,13,12,63,1.0,對手掛網,掛網,,510.0,496.0,0,0,17.0
3191,92,26,81050,81111,14,12,63,0.0,落地致勝,對手落地致勝,,484.0,620.0,0,0,63.0
3192,92,27,81944,82312,15,12,16,0.0,對手出界,出界,,932.0,465.0,0,0,63.0
3193,92,28,84503,84667,15,13,16,1.0,對手未過網,未過網,,604.0,478.0,0,0,17.0
3194,92,29,85599,85706,15,14,62,1.0,對手出界,出界,,218.0,583.0,0,0,16.0
3195,92,30,86197,86304,16,14,62,0.0,對手掛網,掛網,,559.0,513.0,0,0,62.0
3196,92,31,87033,87249,16,15,17,1.0,對手未過網,未過網,,672.0,555.0,0,0,16.0
3197,92,32,88049,88296,17,15,63,0.0,對手掛網,掛網,,834.0,516.0,0,0,63.0
3198,92,33,89246,89495,17,16,16,1.0,對手未過網,未過網,,905.0,467.0,0,0,17.0
3199,92,34,90304,90395,17,17,62,1.0,落地致勝,對手落地致勝,,769.0,446.0,0,0,17.0
3200,92,35,91402,91504,17,18,62,1.0,對手出界,出界,,453.0,684.0,0,0,16.0
3201,92,36,91984,92051,18,18,62,0.0,落地致勝,對手落地致勝,,564.0,580.0,0,0,63.0
3202,92,37,92726,92798,18,19,17,1.0,對手掛網,掛網,,658.0,494.0,0,0,16.0
3203,92,38,93581,93643,19,19,63,0.0,對手出界,出界,,366.0,430.0,0,0,63.0
3204,92,39,94962,95113,19,20,16,1.0,對手未過網,未過網,,692.0,401.0,0,0,17.0
3205,92,40,95819,96262,20,20,62,0.0,對手出界,出界,,229.0,474.0,0,0,62.0
3206,92,41,97843,97940,20,21,17,1.0,落地致勝,對手落地致勝,,535.0,425.0,0,0,17.0
3207,92,42,98988,99082,21,21,63,0.0,對手掛網,掛網,,817.0,512.0,0,0,62.0
3208,92,43,100194,100318,21,22,16,1.0,對手出界,出界,,269.0,646.0,0,0,16.0
3209,92,44,101208,101264,22,22,62,0.0,對手掛網,掛網,,552.0,514.0,0,0,63.0
3210,92,45,102045,102135,23,22,17,0.0,對手掛網,掛網,,532.0,517.0,0,0,63.0
3211,92,46,102797,102951,24,22,17,0.0,對手出界,出界,,750.0,388.0,0,0,62.0
3212,93,1,11168,11591,1,0,25,0.0,落地致勝,對手落地致勝,,606.0,332.0,0,0,29.0
3213,93,2,12158,12398,1,1,76,1.0,對手掛網,掛網,,578.0,407.0,0,0,75.0
3214,93,3,12786,13008,2,1,29,0.0,對手掛網,掛網,,750.0,399.0,0,0,29.0
3215,93,4,13574,13712,2,2,75,1.0,對手掛網,掛網,,827.0,401.0,0,0,75.0
3216,93,5,14191,14264,3,2,25,0.0,對手掛網,掛網,,746.0,377.0,0,0,25.0
3217,93,6,14705,14966,3,3,76,1.0,對手出界,出界,,407.0,272.0,0,0,75.0
3218,93,7,15410,15459,4,3,29,0.0,落地致勝,對手落地致勝,,637.0,286.0,0,0,29.0
3219,93,8,16142,16248,5,3,75,0.0,對手出界,出界,,792.0,677.0,0,0,25.0
3220,93,9,16642,16942,6,3,75,0.0,對手出界,出界,,825.0,667.0,0,0,29.0
3221,93,10,17664,17840,6,4,75,1.0,落地致勝,對手落地致勝,,321.0,594.0,0,0,75.0
3222,93,11,19076,19289,7,4,25,0.0,落地致勝,對手落地致勝,,624.0,270.0,0,0,29.0
3223,93,12,19884,20149,8,4,76,0.0,對手掛網,掛網,,419.0,400.0,0,0,29.0
3224,93,13,20867,21197,9,4,76,0.0,落地致勝,對手落地致勝,,660.0,291.0,0,0,29.0
3225,93,14,22149,22384,9,5,75,1.0,落地致勝,對手落地致勝,,679.0,503.0,0,0,76.0
3226,93,15,23425,23523,9,6,29,1.0,落地致勝,對手落地致勝,,582.0,584.0,0,0,76.0
3227,93,16,24140,24245,9,7,29,1.0,落地致勝,對手落地致勝,,580.0,556.0,0,0,76.0
3228,93,17,24775,25022,9,8,29,1.0,落地致勝,對手落地致勝,,661.0,510.0,0,0,75.0
3229,93,18,25953,26329,10,8,29,0.0,對手掛網,掛網,,520.0,379.0,0,0,29.0
3230,93,19,26951,27056,10,9,75,1.0,對手出界,出界,,645.0,249.0,0,0,75.0
3231,93,20,27593,28162,11,9,25,0.0,對手未過網,未過網,,531.0,390.0,0,0,25.0
3232,93,21,30619,30719,12,9,76,0.0,對手掛網,掛網,,721.0,397.0,0,0,25.0
3233,93,22,31128,31490,13,9,76,0.0,對手未過網,未過網,,215.0,337.0,0,0,25.0
3234,93,23,32457,32580,13,10,76,1.0,對手掛網,掛網,,846.0,404.0,0,0,75.0
3235,93,24,33155,33225,14,10,29,0.0,對手出界,出界,,999.0,589.0,0,0,25.0
3236,93,25,33714,33769,14,11,75,1.0,落地致勝,對手落地致勝,,776.0,473.0,0,0,75.0
3237,93,26,34349,34550,15,11,25,0.0,落地致勝,對手落地致勝,,811.0,275.0,0,0,29.0
3238,93,27,35178,35272,15,12,76,1.0,落地致勝,對手落地致勝,,889.0,561.0,0,0,75.0
3239,93,28,35887,35983,15,13,29,1.0,對手掛網,掛網,,657.0,400.0,0,0,76.0
3240,93,29,36440,36643,16,13,29,0.0,對手掛網,掛網,,479.0,397.0,0,0,25.0
3241,93,30,37365,37485,17,13,75,0.0,落地致勝,對手落地致勝,,440.0,304.0,0,0,29.0
3242,93,31,38056,38144,18,13,75,0.0,對手出界,出界,,319.0,513.0,0,0,29.0
3243,93,32,38627,38799,18,14,75,1.0,對手落點判斷失誤,落點判斷失誤,,430.0,659.0,0,0,75.0
3244,93,33,40457,40573,18,15,25,1.0,對手掛網,掛網,,842.0,403.0,0,0,75.0
3245,93,34,41233,41392,18,16,25,1.0,落地致勝,對手落地致勝,,434.0,595.0,0,0,76.0
3246,93,35,42027,42144,19,16,25,0.0,對手掛網,掛網,,870.0,391.0,0,0,29.0
3247,93,36,42843,43156,20,16,76,0.0,對手出界,出界,,985.0,586.0,0,0,29.0
3248,93,37,43928,44052,20,17,76,1.0,對手掛網,掛網,,408.0,414.0,0,0,75.0
3249,93,38,44826,44905,21,17,29,0.0,落地致勝,對手落地致勝,,814.0,259.0,0,0,29.0
3250,94,1,48757,49027,0,1,76,1.0,對手出界,出界,,790.0,248.0,0,0,29.0
3251,94,2,49525,49736,0,2,76,1.0,對手出界,出界,,711.0,250.0,0,0,25.0
3252,94,3,50174,50239,1,2,76,0.0,落地致勝,對手落地致勝,,810.0,386.0,0,0,76.0
3253,94,4,50731,50855,1,3,25,1.0,對手掛網,掛網,,639.0,401.0,0,0,25.0
3254,94,5,51318,51389,2,3,75,0.0,落地致勝,對手落地致勝,,498.0,382.0,0,0,76.0
3255,94,6,51781,51888,2,4,29,1.0,對手未過網,未過網,,660.0,376.0,0,0,25.0
3256,94,7,52382,52630,2,5,76,1.0,落地致勝,對手落地致勝,,611.0,626.0,0,0,25.0
3257,94,8,53448,53585,2,6,76,1.0,對手未過網,未過網,,1074.0,408.0,0,0,25.0
3258,94,9,54222,54360,3,6,76,0.0,落地致勝,對手落地致勝,,714.0,261.0,0,0,75.0
3259,94,10,55079,55217,4,6,25,0.0,落地致勝,對手落地致勝,,449.0,276.0,0,0,75.0
3260,94,11,55797,55920,5,6,25,0.0,對手掛網,掛網,,623.0,397.0,0,0,75.0
3261,94,12,56651,56740,6,6,25,0.0,落地致勝,對手落地致勝,,671.0,261.0,0,0,75.0
3262,94,13,57295,57800,6,7,25,1.0,對手出界,出界,,479.0,251.0,0,0,29.0
3263,94,14,59003,59131,7,7,75,0.0,落地致勝,對手落地致勝,,695.0,381.0,0,0,76.0
3264,94,15,59635,59740,7,8,29,1.0,落地致勝,對手落地致勝,,418.0,568.0,0,0,29.0
3265,94,16,60405,60536,8,8,76,0.0,對手掛網,掛網,,511.0,400.0,0,0,75.0
3266,94,17,61091,61200,8,9,25,1.0,落地致勝,對手落地致勝,,883.0,597.0,0,0,29.0
3267,94,18,61881,61954,8,10,75,1.0,落地致勝,對手落地致勝,,601.0,603.0,0,0,29.0
3268,94,19,62573,62715,9,10,75,0.0,對手掛網,掛網,,809.0,395.0,0,0,76.0
3269,94,20,63160,63235,10,10,29,0.0,對手未過網,未過網,,902.0,385.0,0,0,76.0
3270,94,21,63999,64270,10,11,29,1.0,落地致勝,對手落地致勝,,621.0,632.0,0,0,29.0
3271,94,22,66465,66566,11,11,76,0.0,落地致勝,對手落地致勝,,448.0,260.0,0,0,75.0
3272,94,23,67113,67159,12,11,25,0.0,落地致勝,對手落地致勝,,663.0,271.0,0,0,76.0
3273,94,24,67596,67738,12,12,25,1.0,對手掛網,掛網,,504.0,398.0,0,0,29.0
3274,94,25,68317,68390,13,12,75,0.0,對手未過網,未過網,,1016.0,455.0,0,0,76.0
3275,94,26,68824,68878,14,12,29,0.0,對手落點判斷失誤,落點判斷失誤,,704.0,384.0,0,0,76.0
3276,94,27,69383,69442,15,12,29,0.0,對手掛網,掛網,,714.0,394.0,0,0,75.0
3277,94,28,69960,70059,15,13,29,1.0,對手出界,出界,,397.0,265.0,0,0,25.0
3278,94,29,70486,70577,15,14,76,1.0,對手未過網,未過網,,1034.0,595.0,0,0,29.0
3279,94,30,71152,71339,16,14,76,0.0,落地致勝,對手落地致勝,,813.0,268.0,0,0,75.0
3280,94,31,71942,72133,17,14,25,0.0,落地致勝,對手落地致勝,,774.0,280.0,0,0,76.0
3281,94,32,73057,73509,18,14,25,0.0,對手出界,出界,,230.0,529.0,0,0,76.0
3282,94,33,74295,74902,18,15,25,1.0,對手掛網,掛網,,703.0,403.0,0,0,29.0
3283,94,34,76311,76412,18,16,75,1.0,對手掛網,掛網,,534.0,404.0,0,0,25.0
3284,94,35,76934,77031,19,16,75,0.0,對手未過網,未過網,,684.0,305.0,0,0,75.0
3285,94,36,77564,77726,19,17,29,1.0,落地致勝,對手落地致勝,,323.0,630.0,0,0,29.0
3286,94,37,78354,79094,20,17,76,0.0,對手掛網,掛網,,763.0,398.0,0,0,76.0
3287,94,38,80386,80437,20,18,25,1.0,對手未過網,未過網,,713.0,391.0,0,0,29.0
3288,94,39,81182,81336,21,18,75,0.0,落地致勝,對手落地致勝,,584.0,352.0,0,0,76.0
3289,95,1,85351,85419,0,1,25,1.0,對手掛網,掛網,,773.0,404.0,0,0,75.0
3290,95,2,85775,85834,1,1,25,0.0,落地致勝,對手落地致勝,,678.0,282.0,0,0,25.0
3291,95,3,86395,86705,1,2,76,1.0,對手掛網,掛網,,579.0,405.0,0,0,76.0
3292,95,4,87330,87380,2,2,29,0.0,對手未過網,未過網,,432.0,309.0,0,0,25.0
3293,95,5,87854,88153,2,3,75,1.0,落地致勝,對手落地致勝,,705.0,535.0,0,0,76.0
3294,95,6,88787,88889,3,3,25,0.0,對手犯規,犯規,,601.0,489.0,0,0,29.0
3295,95,7,89401,89532,4,3,76,0.0,落地致勝,對手落地致勝,,853.0,357.0,0,0,25.0
3296,95,8,90104,90829,4,4,76,1.0,對手出界,出界,,857.0,272.0,0,0,75.0
3297,95,9,91734,91757,5,4,29,0.0,對手掛網,掛網,,684.0,394.0,0,0,29.0
3298,95,10,92399,92674,5,5,75,1.0,對手出界,出界,,404.0,322.0,0,0,76.0
3299,95,11,93409,93454,6,5,25,0.0,對手出界,出界,,616.0,450.0,0,0,25.0
3300,95,12,94204,94397,6,6,76,1.0,對手出界,出界,,704.0,247.0,0,0,76.0
3301,95,13,94910,94948,7,6,29,0.0,落地致勝,對手落地致勝,,672.0,390.0,0,0,29.0
3302,95,14,95648,95827,7,7,75,1.0,對手掛網,掛網,,455.0,401.0,0,0,76.0
3303,95,15,96650,96691,8,7,25,0.0,落地致勝,對手落地致勝,,815.0,257.0,0,0,29.0
3304,95,16,97324,97685,8,8,76,1.0,對手出界,出界,,760.0,242.0,0,0,76.0
3305,95,17,98550,98618,9,8,29,0.0,對手掛網,掛網,,682.0,380.0,0,0,25.0
3306,95,18,99194,99254,10,8,75,0.0,對手出界,出界,,314.0,667.0,0,0,25.0
3307,95,19,102363,102450,10,9,75,1.0,對手未過網,未過網,,401.0,436.0,0,0,76.0
3308,95,20,102832,103045,11,9,25,0.0,對手出界,出界,,1035.0,633.0,0,0,25.0
3309,95,21,105911,106005,11,10,76,1.0,落地致勝,對手落地致勝,,776.0,290.0,0,0,75.0
3310,95,22,106595,106993,12,10,29,0.0,對手出界,出界,,463.0,248.0,0,0,29.0
3311,95,23,107633,107913,12,11,75,1.0,對手未過網,未過網,,835.0,383.0,0,0,76.0
3312,95,24,108611,108845,13,11,25,0.0,對手出界,出界,,732.0,247.0,0,0,29.0
3313,95,25,109810,110070,14,11,76,0.0,對手掛網,掛網,,695.0,394.0,0,0,29.0
3314,95,26,110749,110966,15,11,76,0.0,對手掛網,掛網,,432.0,400.0,0,0,29.0
3315,95,27,111718,112037,16,11,76,0.0,落地致勝,對手落地致勝,,856.0,486.0,0,0,25.0
3316,95,28,112814,112881,16,12,76,1.0,對手未過網,未過網,,687.0,398.0,0,0,76.0
3317,95,29,113446,113662,17,12,29,0.0,對手落點判斷失誤,落點判斷失誤,,997.0,639.0,0,0,25.0
3318,95,30,114572,114688,18,12,75,0.0,落地致勝,對手落地致勝,,432.0,516.0,0,0,29.0
3319,95,31,115491,115664,19,12,75,0.0,落地致勝,對手落地致勝,,520.0,647.0,0,0,25.0
3320,95,32,118815,118877,20,12,75,0.0,落地致勝,對手落地致勝,,633.0,553.0,0,0,29.0
3321,95,33,119506,119540,20,13,75,1.0,,,,672.0,390.0,0,0,
3322,95,34,119937,120278,21,13,25,0.0,落地致勝,對手落地致勝,,883.0,627.0,0,0,25.0
3323,96,1,11855,11954,0,1,52,1.0,對手掛網,掛網,,897.0,513.0,0,0,52.0
3324,96,2,12299,12467,1,1,78,0.0,對手落點判斷失誤,落點判斷失誤,,907.0,474.0,0,0,78.0
3325,96,3,13582,13726,2,1,53,0.0,,,,0.0,0.0,0,0,
3326,96,4,14018,14531,3,1,53,0.0,對手掛網,掛網,,669.0,499.0,0,0,77.0
3327,96,5,15354,15383,3,2,53,1.0,對手出界,出界,,677.0,477.0,0,0,53.0
3328,96,6,15694,16111,3,3,77,1.0,對手出界,出界,,917.0,463.0,0,0,53.0
3329,96,7,16607,17065,4,3,77,0.0,對手落點判斷失誤,落點判斷失誤,,885.0,427.0,0,0,77.0
3330,96,8,17736,17835,4,4,52,1.0,對手出界,出界,,541.0,391.0,0,0,53.0
3331,96,9,18253,18706,5,4,78,0.0,落地致勝,對手落地致勝,,636.0,428.0,0,0,77.0
3332,96,10,19416,19440,5,5,53,1.0,對手出界,出界,,640.0,474.0,0,0,53.0
3333,96,11,19929,20021,6,5,77,0.0,落地致勝,對手落地致勝,,432.0,431.0,0,0,78.0
3334,96,12,20605,20678,6,6,52,1.0,落地致勝,對手落地致勝,,927.0,649.0,0,0,53.0
3335,96,13,21137,21314,7,6,78,0.0,對手掛網,掛網,,437.0,500.0,0,0,77.0
3336,96,14,21971,22006,8,6,53,0.0,對手掛網,掛網,,601.0,505.0,0,0,77.0
3337,96,15,22602,22811,9,6,53,0.0,落地致勝,對手落地致勝,,546.0,448.0,0,0,78.0
3338,96,16,23488,23864,9,7,53,1.0,落地致勝,對手落地致勝,,337.0,618.0,0,0,52.0
3339,96,17,24975,25027,10,7,77,0.0,對手掛網,掛網,,809.0,498.0,0,0,77.0
3340,96,18,25556,25688,11,7,52,0.0,對手掛網,掛網,,716.0,504.0,0,0,78.0
3341,96,19,28067,28296,11,8,52,1.0,對手掛網,掛網,,499.0,513.0,0,0,52.0
3342,96,20,28882,29076,11,9,78,1.0,對手掛網,掛網,,469.0,513.0,0,0,53.0
3343,96,21,29512,29574,12,9,78,0.0,對手未過網,未過網,,819.0,488.0,0,0,78.0
3344,96,22,30128,30162,13,9,53,0.0,落地致勝,對手落地致勝,,590.0,415.0,0,0,77.0
3345,96,23,30711,30770,14,9,53,0.0,對手未過網,未過網,,405.0,461.0,0,0,78.0
3346,96,24,31250,31392,15,9,53,0.0,對手掛網,掛網,,672.0,502.0,0,0,77.0
3347,96,25,32142,32323,16,9,53,0.0,對手掛網,掛網,,760.0,503.0,0,0,78.0
3348,96,26,33107,33189,16,10,53,1.0,對手掛網,掛網,,658.0,511.0,0,0,52.0
3349,96,27,33706,33849,17,10,77,0.0,落地致勝,對手落地致勝,,592.0,429.0,0,0,78.0
3350,96,28,34379,34442,18,10,52,0.0,對手掛網,掛網,,743.0,493.0,0,0,78.0
3351,96,29,34777,34933,18,11,52,1.0,對手出界,出界,,895.0,412.0,0,0,52.0
3352,96,30,35447,36457,18,12,78,1.0,落地致勝,對手落地致勝,,908.0,668.0,0,0,53.0
3353,96,31,37749,37849,19,12,78,0.0,落地致勝,對手落地致勝,,783.0,417.0,0,0,77.0
3354,96,32,38372,38397,19,13,53,1.0,對手掛網,掛網,,677.0,511.0,0,0,53.0
3355,96,33,38891,39083,19,14,77,1.0,對手未過網,未過網,,933.0,532.0,0,0,53.0
3356,96,34,39721,39761,19,15,77,1.0,對手掛網,掛網,,732.0,514.0,0,0,52.0
3357,96,35,40129,40257,19,16,77,1.0,對手掛網,掛網,,709.0,513.0,0,0,53.0
3358,96,36,41048,41048,20,16,77,0.0,,,,0.0,0.0,0,0,
3359,96,37,41685,42054,21,16,52,0.0,對手出界,出界,,1022.0,657.0,0,0,78.0
3360,97,1,46417,47773,1,0,52,0.0,對手未過網,未過網,,1039.0,547.0,0,0,78.0
3361,97,2,48879,48997,2,0,52,0.0,對手出界,出界,,932.0,416.0,0,0,77.0
3362,97,3,49456,49499,3,0,52,0.0,對手落點判斷失誤,落點判斷失誤,,983.0,651.0,0,0,77.0
3363,97,4,49946,50062,4,0,52,0.0,對手未過網,未過網,,706.0,566.0,0,0,77.0
3364,97,5,50501,50544,5,0,52,0.0,對手掛網,掛網,,680.0,512.0,0,0,77.0
3365,97,6,50938,51009,6,0,52,0.0,對手出界,出界,,687.0,396.0,0,0,77.0
3366,97,7,51595,51642,6,1,52,1.0,對手未過網,未過網,,769.0,550.0,0,0,53.0
3367,97,8,52037,52237,6,2,78,1.0,落地致勝,對手落地致勝,,494.0,434.0,0,0,53.0
3368,97,9,52974,53230,7,2,78,0.0,落地致勝,對手落地致勝,,714.0,595.0,0,0,77.0
3369,97,10,53945,54083,8,2,53,0.0,落地致勝,對手落地致勝,,673.0,640.0,0,0,78.0
3370,97,11,54902,55172,8,3,53,1.0,對手出界,出界,,1073.0,665.0,0,0,53.0
3371,97,12,55698,55788,9,3,77,0.0,對手掛網,掛網,,470.0,515.0,0,0,78.0
3372,97,13,56681,56681,10,3,52,0.0,,,,0.0,0.0,0,0,
3373,97,14,57210,57298,10,4,52,1.0,對手未過網,未過網,,446.0,518.0,0,0,52.0
3374,97,15,57770,57971,11,4,78,0.0,落地致勝,對手落地致勝,,786.0,628.0,0,0,78.0
3375,97,16,60693,60781,12,4,53,0.0,落地致勝,對手落地致勝,,874.0,542.0,0,0,78.0
3376,97,17,61277,61375,12,5,53,1.0,對手掛網,掛網,,615.0,500.0,0,0,53.0
3377,97,18,61841,61962,12,6,77,1.0,對手掛網,掛網,,804.0,501.0,0,0,53.0
3378,97,19,62402,62478,13,6,77,0.0,對手出界,出界,,896.0,435.0,0,0,77.0
3379,97,20,62932,63113,14,6,52,0.0,落地致勝,對手落地致勝,,699.0,545.0,0,0,77.0
3380,97,21,63764,63934,14,7,52,1.0,落地致勝,對手落地致勝,,513.0,442.0,0,0,52.0
3381,97,22,64540,64628,14,8,78,1.0,對手掛網,掛網,,352.0,493.0,0,0,53.0
3382,97,23,65193,65466,15,8,78,0.0,對手掛網,掛網,,455.0,514.0,0,0,77.0
3383,97,24,66187,66428,16,8,53,0.0,對手掛網,掛網,,547.0,514.0,0,0,77.0
3384,97,25,67032,67083,16,9,53,1.0,對手掛網,掛網,,609.0,502.0,0,0,53.0
3385,97,26,67531,67531,16,10,77,1.0,,,,0.0,0.0,0,0,
3386,97,27,68224,68372,16,11,77,1.0,落地致勝,對手落地致勝,,567.0,442.0,0,0,53.0
3387,97,28,68945,69119,17,11,77,0.0,,,,0.0,0.0,0,0,
3388,97,29,69618,70043,17,12,52,1.0,對手掛網,掛網,,890.0,502.0,0,0,52.0
3389,97,30,71465,71589,18,12,78,0.0,對手掛網,掛網,,765.0,515.0,0,0,78.0
3390,97,31,72176,72327,18,13,53,1.0,對手掛網,掛網,,733.0,502.0,0,0,52.0
3391,97,32,73063,73355,19,13,77,0.0,對手掛網,掛網,,490.0,515.0,0,0,77.0
3392,97,33,74033,74146,19,14,52,1.0,對手掛網,掛網,,772.0,503.0,0,0,52.0
3393,97,34,74834,74990,19,15,78,1.0,落地致勝,對手落地致勝,,534.0,422.0,0,0,53.0
3394,97,35,75543,75642,20,15,78,0.0,對手出界,出界,,379.0,412.0,0,0,77.0
3395,97,36,76266,76295,21,15,53,0.0,落地致勝,對手落地致勝,,717.0,631.0,0,0,77.0
3396,98,1,11224,11385,1,0,14,0.0,對手掛網,掛網,,707.0,506.0,0,0,13.0
3397,98,2,11733,12660,1,1,14,1.0,落地致勝,對手落地致勝,,581.0,646.0,0,0,14.0
3398,98,3,13505,13700,2,1,12,0.0,對手未過網,未過網,,867.0,458.0,0,0,12.0
3399,98,4,14453,14598,3,1,33,0.0,對手出界,出界,,255.0,628.0,0,0,12.0
3400,98,5,14943,15102,4,1,33,0.0,對手掛網,掛網,,802.0,503.0,0,0,12.0
3401,98,6,15594,16326,5,1,33,0.0,落地致勝,對手落地致勝,,671.0,430.0,0,0,13.0
3402,98,7,17048,17097,5,2,33,1.0,落地致勝,對手落地致勝,,444.0,541.0,0,0,33.0
3403,98,8,17578,18066,5,3,13,1.0,落地致勝,對手落地致勝,,320.0,654.0,0,0,33.0
3404,98,9,18882,19266,6,3,13,0.0,對手出界,出界,,710.0,682.0,0,0,13.0
3405,98,10,20162,20430,7,3,14,0.0,,,,0.0,0.0,0,0,
3406,98,11,21449,21449,8,3,14,0.0,,,,0.0,0.0,0,0,
3407,98,12,22207,22688,8,4,14,1.0,落地致勝,對手落地致勝,,364.0,636.0,0,0,14.0
3408,98,13,23548,23548,8,5,12,1.0,,,,0.0,0.0,0,0,
3409,98,14,24766,26879,8,6,12,1.0,落地致勝,對手落地致勝,,408.0,584.0,0,0,33.0
3410,98,15,28155,29106,9,6,12,0.0,落地致勝,對手落地致勝,,757.0,470.0,0,0,13.0
3411,98,16,29989,30018,10,6,33,0.0,對手掛網,掛網,,572.0,502.0,0,0,13.0
3412,98,17,30349,30349,11,6,33,0.0,,,,0.0,0.0,0,0,
3413,98,18,32597,34280,11,7,33,1.0,落地致勝,對手落地致勝,,547.0,572.0,0,0,14.0
3414,98,19,35426,36725,11,8,13,1.0,落地致勝,對手落地致勝,,354.0,644.0,0,0,14.0
3415,98,20,37819,38093,12,8,13,0.0,對手出界,出界,,1029.0,658.0,0,0,12.0
3416,98,21,38732,38888,13,8,14,0.0,對手掛網,掛網,,839.0,500.0,0,0,13.0
3417,98,22,39685,39848,13,9,14,1.0,落地致勝,對手落地致勝,,783.0,557.0,0,0,33.0
3418,98,23,40536,40639,14,9,12,0.0,對手出界,出界,,1016.0,607.0,0,0,12.0
3419,98,24,41047,41477,14,10,33,1.0,落地致勝,對手落地致勝,,607.0,539.0,0,0,33.0
3420,98,25,42414,43090,14,11,13,1.0,對手掛網,掛網,,387.0,515.0,0,0,14.0
3421,98,26,44206,44291,15,11,13,0.0,落地致勝,對手落地致勝,,894.0,473.0,0,0,12.0
3422,98,27,45906,46059,15,12,14,1.0,對手出界,出界,,805.0,394.0,0,0,14.0
3423,98,28,46779,47720,15,13,12,1.0,落地致勝,對手落地致勝,,359.0,583.0,0,0,14.0
3424,98,29,49009,49082,15,14,12,1.0,對手未過網,未過網,,569.0,493.0,0,0,14.0
3425,98,30,49843,50015,16,14,12,0.0,對手出界,出界,,986.0,625.0,0,0,12.0
3426,98,31,51033,52384,17,14,33,0.0,對手出界,出界,,347.0,683.0,0,0,13.0
3427,98,32,53175,53584,17,15,33,1.0,對手出界,出界,,811.0,396.0,0,0,33.0
3428,98,33,54498,54606,17,16,13,1.0,對手落點判斷失誤,落點判斷失誤,,629.0,670.0,0,0,33.0
3429,98,34,55237,55469,17,17,13,1.0,對手出界,出界,,927.0,435.0,0,0,33.0
3430,98,35,56231,56663,18,17,13,0.0,落地致勝,對手落地致勝,,799.0,417.0,0,0,13.0
3431,98,36,58125,58601,19,17,14,0.0,落地致勝,對手落地致勝,,713.0,423.0,0,0,13.0
3432,98,37,59339,59378,20,17,14,0.0,落地致勝,對手落地致勝,,799.0,417.0,0,0,13.0
3433,98,38,59982,60023,21,17,14,0.0,對手掛網,掛網,,617.0,507.0,0,0,12.0
3434,99,1,64222,64358,1,0,14,0.0,落地致勝,對手落地致勝,,683.0,433.0,0,0,33.0
3435,99,2,64998,65730,2,0,12,0.0,對手掛網,掛網,,829.0,505.0,0,0,14.0
3436,99,3,66518,66726,2,1,12,1.0,對手掛網,掛網,,530.0,514.0,0,0,12.0
3437,99,4,67700,67845,3,1,33,0.0,落地致勝,對手落地致勝,,481.0,440.0,0,0,33.0
3438,99,5,68395,68455,3,2,13,1.0,對手掛網,掛網,,578.0,515.0,0,0,12.0
3439,99,6,68957,69269,3,3,14,1.0,對手出界,出界,,886.0,423.0,0,0,13.0
3440,99,7,70388,71813,3,4,14,1.0,對手未過網,未過網,,991.0,450.0,0,0,12.0
3441,99,8,72612,72972,3,5,14,1.0,對手掛網,掛網,,832.0,515.0,0,0,12.0
3442,99,9,73605,74131,3,6,14,1.0,對手出界,出界,,357.0,432.0,0,0,13.0
3443,99,10,75001,75044,3,7,14,1.0,對手出界,出界,,443.0,398.0,0,0,12.0
3444,99,11,75539,75761,4,7,14,0.0,對手出界,出界,,1008.0,621.0,0,0,14.0
3445,99,12,76561,77281,5,7,12,0.0,對手出界,出界,,978.0,565.0,0,0,14.0
3446,99,13,78263,78263,6,7,12,0.0,,,,0.0,0.0,0,0,
3447,99,14,79871,79871,7,7,12,0.0,,,,0.0,0.0,0,0,
3448,99,15,80485,80684,8,7,12,0.0,對手出界,出界,,546.0,687.0,0,0,33.0
3449,99,16,81260,81318,8,8,12,1.0,對手出界,出界,,565.0,384.0,0,0,12.0
3450,99,17,82023,82208,9,8,33,0.0,對手出界,出界,,744.0,677.0,0,0,14.0
3451,99,18,82833,82959,10,8,13,0.0,對手掛網,掛網,,428.0,505.0,0,0,14.0
3452,99,19,83678,83992,11,8,13,0.0,對手掛網,掛網,,706.0,503.0,0,0,33.0
3453,99,20,86698,86928,12,8,13,0.0,對手掛網,掛網,,721.0,503.0,0,0,14.0
3454,99,21,87439,88426,12,9,13,1.0,對手未過網,未過網,,1028.0,521.0,0,0,13.0
3455,99,22,89220,89630,13,9,14,0.0,對手掛網,掛網,,726.0,498.0,0,0,33.0
3456,99,23,90365,90796,13,10,12,1.0,對手出界,出界,,384.0,415.0,0,0,12.0
3457,99,24,91840,91840,14,10,33,0.0,,,,0.0,0.0,0,0,
3458,99,25,93543,94082,14,11,33,1.0,對手掛網,掛網,,520.0,512.0,0,0,13.0
3459,99,26,95231,95364,14,12,33,1.0,對手掛網,掛網,,360.0,515.0,0,0,13.0
3460,99,27,95973,96018,14,13,33,1.0,對手出界,出界,,900.0,402.0,0,0,12.0
3461,99,28,96385,97200,15,13,33,0.0,對手落點判斷失誤,落點判斷失誤,,559.0,399.0,0,0,14.0
3462,99,29,98675,98767,15,14,13,1.0,對手掛網,掛網,,401.0,514.0,0,0,13.0
3463,99,30,99348,99489,15,15,14,1.0,對手掛網,掛網,,835.0,514.0,0,0,13.0
3464,99,31,100201,100274,16,15,14,0.0,落地致勝,對手落地致勝,,797.0,406.0,0,0,14.0
3465,99,32,100912,101309,17,15,12,0.0,對手出界,出界,,722.0,679.0,0,0,33.0
3466,99,33,102144,102786,17,16,12,1.0,對手出界,出界,,909.0,397.0,0,0,12.0
3467,99,34,103565,103651,18,16,33,0.0,對手掛網,掛網,,717.0,506.0,0,0,33.0
3468,99,35,104420,104431,18,17,13,1.0,,,,0.0,0.0,0,0,
3469,99,36,105575,105795,18,18,13,1.0,落地致勝,對手落地致勝,,843.0,615.0,0,0,12.0
3470,99,37,106523,106692,19,18,14,0.0,落地致勝,對手落地致勝,,471.0,418.0,0,0,14.0
3471,99,38,107652,108191,20,18,12,0.0,對手未過網,未過網,,743.0,479.0,0,0,33.0
3472,99,39,109155,109392,21,18,12,0.0,對手出界,出界,,652.0,680.0,0,0,33.0
3473,100,1,113860,114297,0,1,13,1.0,對手掛網,掛網,,478.0,522.0,0,0,33.0
3474,100,2,115027,115795,1,1,13,0.0,對手落點判斷失誤,落點判斷失誤,,776.0,403.0,0,0,12.0
3475,100,3,116562,117181,2,1,14,0.0,落地致勝,對手落地致勝,,442.0,406.0,0,0,13.0
3476,100,4,118197,118556,3,1,14,0.0,對手出界,出界,,582.0,678.0,0,0,12.0
3477,100,5,120155,120493,3,2,14,1.0,落地致勝,對手落地致勝,,423.0,586.0,0,0,14.0
3478,100,6,121581,121940,3,3,12,1.0,落地致勝,對手落地致勝,,949.0,575.0,0,0,33.0
3479,100,7,123452,123499,3,4,12,1.0,落地致勝,對手落地致勝,,424.0,589.0,0,0,33.0
3480,100,8,124139,124625,4,4,12,0.0,落地致勝,對手落地致勝,,428.0,479.0,0,0,13.0
3481,100,9,125461,126395,5,4,33,0.0,對手出界,出界,,404.0,698.0,0,0,12.0
3482,100,10,127389,127781,6,4,33,0.0,落地致勝,對手落地致勝,,578.0,408.0,0,0,12.0
3483,100,11,128846,129333,6,5,33,1.0,對手落點判斷失誤,落點判斷失誤,,982.0,651.0,0,0,33.0
3484,100,12,130142,130985,7,5,13,0.0,對手掛網,掛網,,849.0,506.0,0,0,13.0
3485,100,13,132198,132364,8,5,14,0.0,對手未過網,未過網,,647.0,505.0,0,0,12.0
3486,100,14,132895,133382,8,6,14,1.0,對手未過網,未過網,,517.0,527.0,0,0,33.0
3487,100,15,134531,135179,9,6,12,0.0,對手掛網,掛網,,544.0,505.0,0,0,13.0
3488,100,16,136055,136115,10,6,33,0.0,對手掛網,掛網,,672.0,504.0,0,0,12.0
3489,100,17,136724,136897,10,7,33,1.0,對手出界,出界,,353.0,414.0,0,0,14.0
3490,100,18,137826,138278,10,8,13,1.0,對手出界,出界,,935.0,450.0,0,0,14.0
3491,100,19,139368,140246,11,8,13,0.0,對手掛網,掛網,,761.0,506.0,0,0,12.0
3492,100,20,143184,143184,12,8,14,0.0,,,,0.0,0.0,0,0,
3493,100,21,143792,144595,13,8,14,0.0,對手未過網,未過網,,562.0,506.0,0,0,13.0
3494,100,22,145448,145999,13,9,14,1.0,對手落點判斷失誤,落點判斷失誤,,878.0,413.0,0,0,33.0
3495,100,23,147521,147792,13,10,12,1.0,落地致勝,對手落地致勝,,408.0,421.0,0,0,14.0
3496,100,24,148673,149065,13,11,12,1.0,對手出界,出界,,1015.0,654.0,0,0,14.0
3497,100,25,150013,150051,13,12,12,1.0,對手掛網,掛網,,630.0,505.0,0,0,14.0
3498,100,26,150711,151199,14,12,12,0.0,對手掛網,掛網,,589.0,518.0,0,0,13.0
3499,100,27,152139,152358,15,12,33,0.0,對手掛網,掛網,,861.0,520.0,0,0,12.0
3500,100,28,153097,153389,15,13,33,1.0,落地致勝,對手落地致勝,,862.0,453.0,0,0,14.0
3501,100,29,154447,154988,16,13,13,0.0,落地致勝,對手落地致勝,,484.0,662.0,0,0,13.0
3502,100,30,155933,156125,16,14,14,1.0,落地致勝,對手落地致勝,,821.0,429.0,0,0,33.0
3503,100,31,157046,157403,16,15,12,1.0,對手掛網,掛網,,419.0,510.0,0,0,14.0
3504,100,32,159372,159514,17,15,12,0.0,對手掛網,掛網,,675.0,517.0,0,0,12.0
3505,100,33,160271,160734,18,15,33,0.0,對手落點判斷失誤,落點判斷失誤,,512.0,678.0,0,0,13.0
3506,100,34,162256,162292,19,15,33,0.0,對手出界,出界,,891.0,422.0,0,0,13.0
3507,100,35,162799,163221,20,15,33,0.0,對手掛網,掛網,,489.0,517.0,0,0,12.0
3508,100,36,163873,164057,20,16,33,1.0,對手出界,出界,,640.0,682.0,0,0,14.0
3509,100,37,164720,164840,21,16,13,0.0,對手出界,出界,,886.0,411.0,0,0,13.0
3510,101,1,675,842,0,1,25,1.0,落地致勝,對手落地致勝,,459.0,318.0,0,0,79.0
3511,101,2,1260,1492,1,1,25,0.0,對手出界,出界,,395.0,347.0,0,0,25.0
3512,101,3,1986,2048,2,1,79,0.0,落地致勝,對手落地致勝,,1031.0,644.0,0,0,29.0
3513,101,4,2703,2755,2,2,79,1.0,對手掛網,掛網,,506.0,416.0,0,0,80.0
3514,101,5,3150,3190,3,2,29,0.0,落地致勝,對手落地致勝,,376.0,494.0,0,0,29.0
3515,101,6,3622,3931,3,3,80,1.0,對手出界,出界,,973.0,666.0,0,0,79.0
3516,101,7,4471,4554,3,4,25,1.0,對手掛網,掛網,,771.0,420.0,0,0,79.0
3517,101,8,5009,5047,4,4,25,0.0,落地致勝,對手落地致勝,,616.0,568.0,0,0,29.0
3518,101,9,5642,5820,4,5,79,1.0,落地致勝,對手落地致勝,,624.0,343.0,0,0,79.0
3519,101,10,6452,6708,5,5,29,0.0,對手出界,出界,,347.0,326.0,0,0,29.0
3520,101,11,7175,7349,6,5,80,0.0,對手出界,出界,,542.0,306.0,0,0,29.0
3521,101,12,7867,7924,6,6,80,1.0,對手掛網,掛網,,663.0,416.0,0,0,80.0
3522,101,13,8425,8481,7,6,25,0.0,對手出界,出界,,270.0,397.0,0,0,25.0
3523,101,14,9106,9360,7,7,79,1.0,落地致勝,對手落地致勝,,645.0,330.0,0,0,80.0
3524,101,15,10144,10228,7,8,29,1.0,落地致勝,對手落地致勝,,803.0,325.0,0,0,79.0
3525,101,16,10621,10888,7,9,29,1.0,對手未過網,未過網,,529.0,387.0,0,0,79.0
3526,101,17,11546,11635,8,9,29,0.0,對手掛網,掛網,,583.0,432.0,0,0,25.0
3527,101,18,12248,12389,9,9,80,0.0,對手未過網,未過網,,523.0,569.0,0,0,25.0
3528,101,19,12847,13012,10,9,80,0.0,落地致勝,對手落地致勝,,748.0,513.0,0,0,29.0
3529,101,20,13714,13808,10,10,80,1.0,對手掛網,掛網,,877.0,416.0,0,0,79.0
3530,101,21,14342,14405,11,10,25,0.0,對手出界,出界,,385.0,345.0,0,0,25.0
3531,101,22,16607,16994,12,10,79,0.0,落地致勝,對手落地致勝,,703.0,613.0,0,0,29.0
3532,101,23,17951,18323,13,10,79,0.0,落地致勝,對手落地致勝,,734.0,496.0,0,0,25.0
3533,101,24,19296,19486,14,10,79,0.0,對手掛網,掛網,,680.0,434.0,0,0,25.0
3534,101,25,20084,20195,15,10,79,0.0,落地致勝,對手落地致勝,,364.0,546.0,0,0,25.0
3535,101,26,20935,21115,16,10,79,0.0,對手掛網,掛網,,541.0,439.0,0,0,25.0
3536,101,27,21721,21764,17,10,79,0.0,落地致勝,對手落地致勝,,1014.0,602.0,0,0,25.0
3537,101,28,22822,22822,17,11,79,1.0,,,,0.0,0.0,0,0,
3538,101,29,23756,23944,18,11,29,0.0,落地致勝,對手落地致勝,,718.0,530.0,0,0,29.0
3539,101,30,24413,24584,18,12,80,1.0,對手落點判斷失誤,落點判斷失誤,,429.0,335.0,0,0,79.0
3540,101,31,25190,25253,18,13,25,1.0,落地致勝,對手落地致勝,,454.0,321.0,0,0,79.0
3541,101,32,26139,26473,19,13,25,0.0,對手出界,出界,,822.0,305.0,0,0,29.0
3542,101,33,27214,27404,20,13,79,0.0,落地致勝,對手落地致勝,,707.0,601.0,0,0,29.0
3543,101,34,28179,28323,21,13,79,0.0,落地致勝,對手落地致勝,,904.0,574.0,0,0,29.0
3544,102,1,32551,32629,1,0,79,0.0,對手出界,出界,,978.0,482.0,0,0,29.0
3545,102,2,33090,33258,2,0,79,0.0,對手掛網,掛網,,559.0,419.0,0,0,25.0
3546,102,3,33994,34206,3,0,79,0.0,對手掛網,掛網,,381.0,425.0,0,0,25.0
3547,102,4,34882,34932,3,1,79,1.0,對手掛網,掛網,,699.0,438.0,0,0,80.0
3548,102,5,35481,35481,4,1,29,0.0,,,,0.0,0.0,0,0,
3549,102,6,36219,36248,4,2,80,1.0,對手掛網,掛網,,632.0,435.0,0,0,80.0
3550,102,7,36663,36703,4,3,25,1.0,對手掛網,掛網,,703.0,442.0,0,0,80.0
3551,102,8,37230,37663,5,3,25,0.0,對手落點判斷失誤,落點判斷失誤,,429.0,344.0,0,0,25.0
3552,102,9,39422,39771,5,4,79,1.0,對手出界,出界,,891.0,342.0,0,0,79.0
3553,102,10,40282,40497,5,5,29,1.0,對手掛網,掛網,,839.0,433.0,0,0,80.0
3554,102,11,41223,41397,6,5,29,0.0,對手出界,出界,,401.0,665.0,0,0,25.0
3555,102,12,42008,42127,7,5,80,0.0,對手掛網,掛網,,412.0,421.0,0,0,29.0
3556,102,13,42600,42882,8,5,80,0.0,對手掛網,掛網,,846.0,424.0,0,0,25.0
3557,102,14,43439,43705,9,5,80,0.0,對手未過網,未過網,,459.0,428.0,0,0,29.0
3558,102,15,44354,44563,10,5,80,0.0,對手出界,出界,,307.0,463.0,0,0,25.0
3559,102,16,45051,45308,11,5,80,0.0,對手掛網,掛網,,515.0,424.0,0,0,25.0
3560,102,17,47472,47796,11,6,80,1.0,落地致勝,對手落地致勝,,869.0,521.0,0,0,80.0
3561,102,18,48650,48705,12,6,25,0.0,對手未過網,未過網,,365.0,331.0,0,0,29.0
3562,102,19,49291,49374,13,6,79,0.0,對手掛網,掛網,,542.0,426.0,0,0,29.0
3563,102,20,49963,50239,14,6,79,0.0,對手掛網,掛網,,721.0,424.0,0,0,29.0
3564,102,21,50828,51107,14,7,79,1.0,對手未過網,未過網,,802.0,458.0,0,0,79.0
3565,102,22,51726,51847,14,8,29,1.0,對手未過網,未過網,,1010.0,501.0,0,0,80.0
3566,102,23,52956,53053,15,8,29,0.0,落地致勝,對手落地致勝,,654.0,349.0,0,0,25.0
3567,102,24,53552,53639,16,8,79,0.0,落地致勝,對手落地致勝,,465.0,331.0,0,0,25.0
3568,102,25,54264,54291,16,9,79,1.0,對手掛網,掛網,,648.0,437.0,0,0,80.0
3569,102,26,54956,55061,16,10,25,1.0,對手掛網,掛網,,439.0,440.0,0,0,79.0
3570,102,27,55568,55826,16,11,25,1.0,對手掛網,掛網,,595.0,439.0,0,0,79.0
3571,102,28,56666,57072,16,12,25,1.0,對手掛網,掛網,,554.0,438.0,0,0,79.0
3572,102,29,58117,58564,17,12,25,0.0,落地致勝,對手落地致勝,,529.0,351.0,0,0,25.0
3573,102,30,59539,59651,18,12,80,0.0,對手掛網,掛網,,691.0,423.0,0,0,29.0
3574,102,31,60354,60526,18,13,80,1.0,對手出界,出界,,388.0,367.0,0,0,80.0
3575,102,32,61138,61355,19,13,29,0.0,落地致勝,對手落地致勝,,579.0,337.0,0,0,29.0
3576,102,33,61941,62429,20,13,79,0.0,對手出界,出界,,241.0,647.0,0,0,29.0
3577,102,34,63029,63555,21,13,80,0.0,落地致勝,對手落地致勝,,578.0,336.0,0,0,25.0
3578,103,1,206,391,1,0,81,0.0,對手掛網,掛網,,882.0,418.0,0,0,82.0
3579,103,2,819,912,1,1,62,1.0,落地致勝,對手落地致勝,,430.0,597.0,0,0,63.0
3580,103,3,1379,1696,2,1,81,0.0,對手出界,出界,,980.0,666.0,0,0,82.0
3581,103,4,2177,2272,3,1,63,0.0,落地致勝,對手落地致勝,,804.0,317.0,0,0,81.0
3582,103,5,2768,2914,3,2,63,1.0,對手未過網,未過網,,450.0,592.0,0,0,62.0
3583,103,6,3706,3763,4,2,81,0.0,對手掛網,掛網,,530.0,425.0,0,0,82.0
3584,103,7,4168,4214,4,3,62,1.0,對手掛網,掛網,,590.0,439.0,0,0,63.0
3585,103,8,4765,5281,5,3,82,0.0,對手落點判斷失誤,落點判斷失誤,,717.0,308.0,0,0,81.0
3586,103,9,6104,6145,5,4,63,1.0,對手未過網,未過網,,200.0,537.0,0,0,62.0
3587,103,10,6908,7029,6,4,81,0.0,對手出界,出界,,183.0,512.0,0,0,82.0
3588,103,11,7623,7704,7,4,62,0.0,對手掛網,掛網,,444.0,422.0,0,0,82.0
3589,103,12,8149,8231,7,5,62,1.0,對手未過網,未過網,,992.0,485.0,0,0,63.0
3590,103,13,8810,8899,8,5,82,0.0,對手出界,出界,,1043.0,561.0,0,0,82.0
3591,103,14,9413,9485,9,5,63,0.0,對手掛網,掛網,,483.0,417.0,0,0,82.0
3592,103,15,9978,10095,9,6,63,1.0,對手掛網,掛網,,853.0,423.0,0,0,62.0
3593,103,16,10798,10921,10,6,81,0.0,對手掛網,掛網,,465.0,423.0,0,0,81.0
3594,103,17,11427,11519,10,7,62,1.0,落地致勝,對手落地致勝,,336.0,603.0,0,0,62.0
3595,103,18,12117,12299,10,8,82,1.0,對手掛網,掛網,,703.0,435.0,0,0,62.0
3596,103,19,12810,12810,11,8,82,0.0,,,,0.0,0.0,0,0,
3597,103,20,15203,15229,11,9,63,1.0,對手出界,出界,,667.0,388.0,0,0,63.0
3598,103,21,15791,15914,12,9,81,0.0,對手掛網,掛網,,543.0,417.0,0,0,81.0
3599,103,22,16360,16581,12,10,62,1.0,對手掛網,掛網,,822.0,434.0,0,0,62.0
3600,103,23,17188,17330,12,11,82,1.0,對手掛網,掛網,,639.0,433.0,0,0,62.0
3601,103,24,17990,18169,12,12,82,1.0,對手出界,出界,,485.0,308.0,0,0,63.0
3602,103,25,19033,19150,12,13,82,1.0,對手出界,出界,,865.0,318.0,0,0,62.0
3603,103,26,19669,19694,13,13,82,0.0,對手出界,出界,,618.0,471.0,0,0,82.0
3604,103,27,20199,20337,13,14,63,1.0,落地致勝,對手落地致勝,,388.0,577.0,0,0,63.0
3605,103,28,21004,21052,14,14,81,0.0,落地致勝,對手落地致勝,,492.0,359.0,0,0,81.0
3606,103,29,21768,21850,15,14,62,0.0,對手掛網,掛網,,560.0,420.0,0,0,82.0
3607,103,30,22275,22426,16,14,62,0.0,對手出界,出界,,548.0,668.0,0,0,81.0
3608,103,31,23868,23959,17,14,62,0.0,對手出界,出界,,1013.0,571.0,0,0,82.0
3609,103,32,24437,24494,17,15,62,1.0,對手出界,出界,,885.0,336.0,0,0,63.0
3610,103,33,25061,25233,18,15,82,0.0,對手出界,出界,,946.0,686.0,0,0,82.0
3611,103,34,26220,26284,18,16,63,1.0,對手掛網,掛網,,613.0,438.0,0,0,63.0
3612,103,35,26981,27022,19,16,81,0.0,落地致勝,對手落地致勝,,561.0,422.0,0,0,81.0
3613,103,36,28328,28450,20,16,62,0.0,對手出界,出界,,943.0,469.0,0,0,82.0
3614,103,37,28950,29025,21,16,62,0.0,對手出界,出界,,729.0,667.0,0,0,81.0
3615,104,1,33171,33264,0,1,62,1.0,對手掛網,掛網,,808.0,424.0,0,0,63.0
3616,104,2,33820,33873,1,1,81,0.0,對手掛網,掛網,,520.0,433.0,0,0,82.0
3617,104,3,34344,34807,2,1,63,0.0,對手掛網,掛網,,393.0,439.0,0,0,81.0
3618,104,4,35467,35690,3,1,63,0.0,對手未過網,未過網,,484.0,571.0,0,0,82.0
3619,104,5,36378,36467,3,2,63,1.0,對手出界,出界,,1074.0,625.0,0,0,63.0
3620,104,6,37071,37198,4,2,82,0.0,對手掛網,掛網,,741.0,434.0,0,0,82.0
3621,104,7,37839,37974,5,2,62,0.0,對手落點判斷失誤,落點判斷失誤,,421.0,659.0,0,0,82.0
3622,104,8,38577,38690,5,3,62,1.0,對手掛網,掛網,,443.0,419.0,0,0,63.0
3623,104,9,39305,39504,6,3,81,0.0,落地致勝,對手落地致勝,,593.0,445.0,0,0,82.0
3624,104,10,40232,40455,6,4,63,1.0,對手出界,出界,,438.0,690.0,0,0,63.0
3625,104,11,41229,41298,7,4,82,0.0,對手掛網,掛網,,514.0,437.0,0,0,82.0
3626,104,12,41956,42154,8,4,62,0.0,對手出界,出界,,888.0,361.0,0,0,82.0
3627,104,13,42799,42921,8,5,62,1.0,落地致勝,對手落地致勝,,455.0,331.0,0,0,62.0
3628,104,14,44309,44389,9,5,81,0.0,落地致勝,對手落地致勝,,636.0,483.0,0,0,81.0
3629,104,15,45049,45081,9,6,63,1.0,對手掛網,掛網,,648.0,434.0,0,0,63.0
3630,104,16,45681,45798,10,6,82,0.0,對手出界,出界,,867.0,325.0,0,0,81.0
3631,104,17,46328,46840,11,6,62,0.0,對手出界,出界,,392.0,348.0,0,0,81.0
3632,104,18,49503,49541,12,6,62,0.0,對手掛網,掛網,,638.0,437.0,0,0,81.0
3633,104,19,49953,50047,12,7,62,1.0,落地致勝,對手落地致勝,,600.0,332.0,0,0,63.0
3634,104,20,50800,50839,13,7,81,0.0,落地致勝,對手落地致勝,,653.0,436.0,0,0,81.0
3635,104,21,51383,51440,13,8,63,1.0,對手出界,出界,,269.0,594.0,0,0,62.0
3636,104,22,51972,52114,14,8,82,0.0,對手掛網,掛網,,511.0,437.0,0,0,82.0
3637,104,23,52771,52943,14,9,62,1.0,對手未過網,未過網,,454.0,355.0,0,0,62.0
3638,104,24,53584,53621,15,9,81,0.0,對手未過網,未過網,,307.0,595.0,0,0,82.0
3639,104,25,54204,54428,16,9,63,0.0,落地致勝,對手落地致勝,,268.0,643.0,0,0,81.0
3640,104,26,55141,55190,16,10,63,1.0,對手掛網,掛網,,516.0,420.0,0,0,62.0
3641,104,27,55863,55924,17,10,82,0.0,對手掛網,掛網,,895.0,433.0,0,0,81.0
3642,104,28,56544,56677,18,10,62,0.0,對手掛網,掛網,,604.0,438.0,0,0,82.0
3643,104,29,57204,57770,19,10,62,0.0,落地致勝,對手落地致勝,,476.0,435.0,0,0,82.0
3644,104,30,58349,58422,20,10,62,0.0,落地致勝,對手落地致勝,,472.0,573.0,0,0,81.0
3645,104,31,58950,59144,21,10,62,0.0,對手掛網,掛網,,391.0,435.0,0,0,82.0
3646,105,1,1596,1627,1,0,84,0.0,對手掛網,掛網,,726.0,440.0,0,0,84.0
3647,105,2,2179,2234,1,1,55,1.0,對手掛網,掛網,,625.0,444.0,0,0,54.0
3648,105,3,2822,2887,1,2,83,1.0,落地致勝,對手落地致勝,,506.0,654.0,0,0,55.0
3649,105,4,3476,3515,2,2,83,0.0,落地致勝,對手落地致勝,,480.0,333.0,0,0,84.0
3650,105,5,4128,4198,3,2,54,0.0,對手掛網,掛網,,755.0,435.0,0,0,84.0
3651,105,6,4720,4819,4,2,54,0.0,對手出界,出界,,1061.0,496.0,0,0,84.0
3652,105,7,5354,5439,4,3,54,1.0,對手未過網,未過網,,694.0,601.0,0,0,54.0
3653,105,8,6059,6671,5,3,84,0.0,落地致勝,對手落地致勝,,670.0,334.0,0,0,83.0
3654,105,9,7678,7747,5,4,55,1.0,對手未過網,未過網,,653.0,419.0,0,0,54.0
3655,105,10,8638,8921,6,4,83,0.0,對手出界,出界,,172.0,465.0,0,0,83.0
3656,105,11,9787,9907,6,5,54,1.0,對手掛網,掛網,,637.0,454.0,0,0,54.0
3657,105,12,10805,10938,7,5,84,0.0,對手出界,出界,,80.0,536.0,0,0,84.0
3658,105,13,11794,11888,8,5,55,0.0,對手未過網,未過網,,824.0,467.0,0,0,84.0
3659,105,14,12518,12660,9,5,55,0.0,對手出界,出界,,243.0,566.0,0,0,84.0
3660,105,15,13226,13377,9,6,55,1.0,對手出界,出界,,495.0,319.0,0,0,54.0
3661,105,16,14105,14304,10,6,83,0.0,對手出界,出界,,1045.0,582.0,0,0,84.0
3662,105,17,15129,15487,11,6,54,0.0,對手落點判斷失誤,落點判斷失誤,,514.0,325.0,0,0,83.0
3663,105,18,18127,18181,12,6,54,0.0,落地致勝,對手落地致勝,,824.0,330.0,0,0,83.0
3664,105,19,18818,19002,12,7,54,1.0,對手出界,出界,,866.0,322.0,0,0,54.0
3665,105,20,19691,19778,12,8,84,1.0,對手未過網,未過網,,696.0,413.0,0,0,54.0
3666,105,21,20349,20771,12,9,84,1.0,落地致勝,對手落地致勝,,890.0,640.0,0,0,55.0
3667,105,22,21745,21839,13,9,84,0.0,落地致勝,對手落地致勝,,834.0,333.0,0,0,83.0
3668,105,23,23139,23202,14,9,55,0.0,對手掛網,掛網,,610.0,436.0,0,0,83.0
3669,105,24,23873,23890,14,10,55,1.0,對手掛網,掛網,,612.0,448.0,0,0,55.0
3670,105,25,24526,24892,14,11,83,1.0,對手出界,出界,,808.0,319.0,0,0,55.0
3671,105,26,26103,26613,15,11,83,0.0,落地致勝,對手落地致勝,,799.0,349.0,0,0,83.0
3672,105,27,27727,27811,15,12,54,1.0,對手掛網,掛網,,480.0,450.0,0,0,55.0
3673,105,28,28484,28583,16,12,84,0.0,落地致勝,對手落地致勝,,646.0,347.0,0,0,84.0
3674,105,29,29492,29678,16,13,55,1.0,落地致勝,對手落地致勝,,342.0,633.0,0,0,55.0
3675,105,30,30750,30844,17,13,83,0.0,落地致勝,對手落地致勝,,673.0,372.0,0,0,84.0
3676,105,31,32105,32288,17,14,54,1.0,落地致勝,對手落地致勝,,941.0,598.0,0,0,54.0
3677,105,32,33690,34008,17,15,84,1.0,對手出界,出界,,336.0,351.0,0,0,54.0
3678,105,33,35559,35649,18,15,84,0.0,落地致勝,對手落地致勝,,684.0,353.0,0,0,83.0
3679,105,34,36485,36550,18,16,55,1.0,落地致勝,對手落地致勝,,528.0,585.0,0,0,54.0
3680,105,35,37471,37537,19,16,83,0.0,落地致勝,對手落地致勝,,529.0,370.0,0,0,83.0
3681,105,36,38348,38461,20,16,54,0.0,對手掛網,掛網,,860.0,436.0,0,0,83.0
3682,105,37,39454,39624,20,17,54,1.0,對手出界,出界,,829.0,321.0,0,0,55.0
3683,105,38,40762,40827,21,17,84,0.0,對手出界,出界,,997.0,530.0,0,0,84.0
3684,106,1,45467,45595,0,1,55,1.0,對手掛網,掛網,,844.0,437.0,0,0,55.0
3685,106,2,46068,46246,1,1,84,0.0,對手落點判斷失誤,落點判斷失誤,,698.0,652.0,0,0,83.0
3686,106,3,46839,46953,1,2,54,1.0,對手掛網,掛網,,825.0,437.0,0,0,55.0
3687,106,4,47695,47828,2,2,83,0.0,落地致勝,對手落地致勝,,575.0,645.0,0,0,83.0
3688,106,5,48533,48561,2,3,55,1.0,對手出界,出界,,720.0,492.0,0,0,55.0
3689,106,6,49035,49137,3,3,84,0.0,對手落點判斷失誤,落點判斷失誤,,469.0,668.0,0,0,83.0
3690,106,7,49796,49796,4,3,54,0.0,,,,0.0,0.0,0,0,
3691,106,8,50517,50994,5,3,54,0.0,落地致勝,對手落地致勝,,291.0,627.0,0,0,84.0
3692,106,9,51948,52046,5,4,54,1.0,落地致勝,對手落地致勝,,828.0,349.0,0,0,55.0
3693,106,10,52769,53033,6,4,83,0.0,對手掛網,掛網,,791.0,449.0,0,0,83.0
3694,106,11,53842,53879,7,4,55,0.0,落地致勝,對手落地致勝,,665.0,616.0,0,0,83.0
3695,106,12,54481,54817,7,5,55,1.0,對手犯規,犯規,,795.0,358.0,0,0,55.0
3696,106,13,56578,56681,8,5,84,0.0,對手掛網,掛網,,874.0,448.0,0,0,83.0
3697,106,14,57429,57833,8,6,54,1.0,對手未過網,未過網,,872.0,347.0,0,0,55.0
3698,106,15,59695,59841,9,6,83,0.0,落地致勝,對手落地致勝,,394.0,623.0,0,0,83.0
3699,106,16,60629,61096,10,6,55,0.0,對手出界,出界,,894.0,331.0,0,0,83.0
3700,106,17,62030,62095,10,7,55,1.0,對手掛網,掛網,,870.0,425.0,0,0,55.0
3701,106,18,62858,62945,10,8,84,1.0,對手掛網,掛網,,790.0,437.0,0,0,54.0
3702,106,19,64232,64332,11,8,84,0.0,對手掛網,掛網,,429.0,452.0,0,0,83.0
3703,106,20,66843,67138,11,9,54,1.0,對手出界,出界,,1045.0,629.0,0,0,55.0
3704,106,21,68296,68296,12,9,83,0.0,,,,0.0,0.0,0,0,
3705,106,22,69344,69384,13,9,55,0.0,落地致勝,對手落地致勝,,725.0,612.0,0,0,84.0
3706,106,23,70318,70388,14,9,55,0.0,對手掛網,掛網,,786.0,447.0,0,0,84.0
3707,106,24,71005,71085,14,10,55,1.0,落地致勝,對手落地致勝,,399.0,410.0,0,0,55.0
3708,106,25,71697,71947,15,10,84,0.0,對手未過網,未過網,,637.0,548.0,0,0,83.0
3709,106,26,72686,72805,16,10,54,0.0,對手出界,出界,,887.0,323.0,0,0,84.0
3710,106,27,73590,73838,16,11,54,1.0,落地致勝,對手落地致勝,,816.0,332.0,0,0,55.0
3711,106,28,74659,74706,16,12,83,1.0,對手落點判斷失誤,落點判斷失誤,,664.0,400.0,0,0,55.0
3712,106,29,75373,75501,17,12,83,0.0,落地致勝,對手落地致勝,,425.0,508.0,0,0,84.0
3713,106,30,76368,76460,18,12,55,0.0,落地致勝,對手落地致勝,,735.0,599.0,0,0,83.0
3714,106,31,77360,77566,18,13,55,1.0,對手出界,出界,,964.0,501.0,0,0,55.0
3715,106,32,79522,79593,18,14,84,1.0,落地致勝,對手落地致勝,,793.0,350.0,0,0,54.0
3716,106,33,80214,80358,19,14,84,0.0,對手掛網,掛網,,752.0,449.0,0,0,84.0
3717,106,34,81239,81343,20,14,54,0.0,對手掛網,掛網,,828.0,445.0,0,0,83.0
3718,106,35,82094,82223,21,14,54,0.0,對手出界,出界,,788.0,320.0,0,0,83.0
3719,107,1,8796,8859,1,0,85,0.0,對手出界,出界,,1111.0,637.0,0,0,87.0
3720,107,2,9204,9590,1,1,85,1.0,對手掛網,掛網,,730.0,423.0,0,0,85.0
3721,107,3,9982,10099,1,2,88,1.0,對手掛網,掛網,,815.0,425.0,0,0,86.0
3722,107,4,10504,10554,2,2,88,0.0,對手掛網,掛網,,788.0,433.0,0,0,88.0
3723,107,5,11038,11088,3,2,86,0.0,對手掛網,掛網,,609.0,427.0,0,0,88.0
3724,107,6,11383,11613,3,3,86,1.0,對手掛網,掛網,,687.0,430.0,0,0,86.0
3725,107,7,12111,12330,4,3,87,0.0,對手掛網,掛網,,831.0,425.0,0,0,88.0
3726,107,8,12912,12964,5,3,85,0.0,對手出界,出界,,1113.0,619.0,0,0,87.0
3727,107,9,13289,13371,6,3,85,0.0,對手掛網,掛網,,644.0,425.0,0,0,87.0
3728,107,10,13754,13945,6,4,85,1.0,落地致勝,對手落地致勝,,596.0,516.0,0,0,85.0
3729,107,11,14477,14570,7,4,88,0.0,對手掛網,掛網,,581.0,430.0,0,0,87.0
3730,107,12,14965,15433,8,4,86,0.0,對手掛網,掛網,,561.0,426.0,0,0,88.0
3731,107,13,16152,16301,8,5,86,1.0,對手落點判斷失誤,落點判斷失誤,,438.0,470.0,0,0,85.0
3732,107,14,16823,16928,8,6,87,1.0,落地致勝,對手落地致勝,,1010.0,661.0,0,0,86.0
3733,107,15,17423,17649,9,6,87,0.0,對手出界,出界,,505.0,684.0,0,0,87.0
3734,107,16,18308,18504,9,7,85,1.0,落地致勝,對手落地致勝,,388.0,492.0,0,0,86.0
3735,107,17,18958,19210,9,8,88,1.0,對手掛網,掛網,,718.0,430.0,0,0,85.0
3736,107,18,19814,19900,10,8,88,0.0,對手出界,出界,,735.0,629.0,0,0,88.0
3737,107,19,20540,20610,11,8,86,0.0,對手掛網,掛網,,630.0,412.0,0,0,88.0
3738,107,20,22615,23121,12,8,86,0.0,對手出界,出界,,538.0,677.0,0,0,87.0
3739,107,21,24004,24403,13,8,86,0.0,對手未過網,未過網,,274.0,375.0,0,0,87.0
3740,107,22,25038,25341,14,8,86,0.0,對手掛網,掛網,,706.0,422.0,0,0,88.0
3741,107,23,26008,26379,14,9,86,1.0,落地致勝,對手落地致勝,,938.0,567.0,0,0,85.0
3742,107,24,27121,27229,15,9,87,0.0,落地致勝,對手落地致勝,,441.0,395.0,0,0,88.0
3743,107,25,27687,27719,15,10,85,1.0,對手未過網,未過網,,659.0,448.0,0,0,85.0
3744,107,26,28259,28357,15,11,87,1.0,落地致勝,對手落地致勝,,731.0,560.0,0,0,86.0
3745,107,27,28941,29279,16,11,87,0.0,落地致勝,對手落地致勝,,642.0,337.0,0,0,87.0
3746,107,28,30679,30748,16,12,86,1.0,對手掛網,掛網,,627.0,370.0,0,0,86.0
3747,107,29,31095,31533,17,12,88,0.0,對手出界,出界,,938.0,672.0,0,0,87.0
3748,107,30,32268,32354,18,12,85,0.0,對手未過網,未過網,,725.0,393.0,0,0,88.0
3749,107,31,32707,32821,19,12,85,0.0,對手出界,出界,,596.0,689.0,0,0,88.0
3750,107,32,33208,33292,19,13,85,1.0,對手未過網,未過網,,739.0,420.0,0,0,85.0
3751,107,33,33785,33907,20,13,87,0.0,對手掛網,掛網,,444.0,429.0,0,0,88.0
3752,107,34,34316,34800,21,13,86,0.0,落地致勝,對手落地致勝,,790.0,336.0,0,0,87.0
3753,108,1,38800,39169,1,0,85,0.0,對手掛網,掛網,,760.0,431.0,0,0,87.0
3754,108,2,39772,39858,1,1,85,1.0,對手掛網,掛網,,603.0,423.0,0,0,86.0
3755,108,3,40256,40302,2,1,87,0.0,落地致勝,對手落地致勝,,280.0,620.0,0,0,88.0
3756,108,4,40838,41291,2,2,86,1.0,對手未過網,未過網,,952.0,400.0,0,0,86.0
3757,108,5,42018,42222,2,3,88,1.0,落地致勝,對手落地致勝,,847.0,323.0,0,0,86.0
3758,108,6,42981,43102,2,4,88,1.0,對手掛網,掛網,,460.0,423.0,0,0,85.0
3759,108,7,43707,43887,2,5,88,1.0,對手掛網,掛網,,653.0,422.0,0,0,85.0
3760,108,8,44691,44742,3,5,88,0.0,對手掛網,掛網,,585.0,432.0,0,0,88.0
3761,108,9,45263,45343,3,6,85,1.0,落地致勝,對手落地致勝,,835.0,355.0,0,0,86.0
3762,108,10,45855,46063,3,7,87,1.0,對手未過網,未過網,,522.0,452.0,0,0,86.0
3763,108,11,46766,46835,4,7,87,0.0,落地致勝,對手落地致勝,,878.0,592.0,0,0,87.0
3764,108,12,47464,47493,4,8,86,1.0,對手掛網,掛網,,657.0,420.0,0,0,86.0
3765,108,13,48053,48114,5,8,88,0.0,對手掛網,掛網,,461.0,434.0,0,0,87.0
3766,108,14,48922,49335,5,9,85,1.0,落地致勝,對手落地致勝,,747.0,324.0,0,0,86.0
3767,108,15,50100,50100,6,9,87,0.0,,,,0.0,0.0,0,0,
3768,108,16,50846,51543,7,9,86,0.0,對手未過網,未過網,,354.0,414.0,0,0,87.0
3769,108,17,52692,53114,7,10,86,1.0,落地致勝,對手落地致勝,,450.0,320.0,0,0,86.0
3770,108,18,54687,54758,7,11,88,1.0,落地致勝,對手落地致勝,,856.0,352.0,0,0,85.0
3771,108,19,56983,57011,7,12,88,1.0,對手落點判斷失誤,落點判斷失誤,,636.0,375.0,0,0,86.0
3772,108,20,58874,59020,8,12,88,0.0,落地致勝,對手落地致勝,,473.0,433.0,0,0,87.0
3773,108,21,59705,59899,8,13,85,1.0,落地致勝,對手落地致勝,,868.0,358.0,0,0,85.0
3774,108,22,60538,61002,9,13,87,0.0,落地致勝,對手落地致勝,,647.0,573.0,0,0,87.0
3775,108,23,61978,62186,10,13,86,0.0,對手掛網,掛網,,655.0,431.0,0,0,87.0
3776,108,24,62971,63033,11,13,86,0.0,對手未過網,未過網,,435.0,403.0,0,0,88.0
3777,108,25,63618,63871,12,13,86,0.0,落地致勝,對手落地致勝,,702.0,532.0,0,0,87.0
3778,108,26,65156,65329,13,13,86,0.0,對手出界,出界,,903.0,355.0,0,0,87.0
3779,108,27,65905,66057,13,14,86,1.0,落地致勝,對手落地致勝,,582.0,343.0,0,0,86.0
3780,108,28,66825,66951,14,14,88,0.0,對手掛網,掛網,,489.0,432.0,0,0,88.0
3781,108,29,67610,67701,15,14,85,0.0,對手掛網,掛網,,460.0,435.0,0,0,88.0
3782,108,30,68156,68426,15,15,85,1.0,落地致勝,對手落地致勝,,509.0,358.0,0,0,86.0
3783,108,31,69084,69140,16,15,87,0.0,對手未過網,未過網,,809.0,421.0,0,0,87.0
3784,108,32,69827,70037,17,15,86,0.0,落地致勝,對手落地致勝,,770.0,561.0,0,0,88.0
3785,108,33,71147,71211,18,15,86,0.0,對手掛網,掛網,,625.0,433.0,0,0,87.0
3786,108,34,71883,72316,19,15,86,0.0,對手出界,出界,,893.0,336.0,0,0,87.0
3787,108,35,73048,73145,19,16,86,1.0,對手出界,出界,,859.0,680.0,0,0,85.0
3788,108,36,73786,73974,20,16,88,0.0,落地致勝,對手落地致勝,,660.0,541.0,0,0,88.0
3789,108,37,74661,74860,21,16,85,0.0,落地致勝,對手落地致勝,,1007.0,600.0,0,0,87.0
3790,109,1,8102,8178,1,0,52,0.0,對手掛網,掛網,,684.0,446.0,0,0,52.0
3791,109,2,8442,8584,1,1,19,1.0,對手掛網,掛網,,806.0,439.0,0,0,19.0
3792,109,3,8929,8975,2,1,53,0.0,落地致勝,對手落地致勝,,898.0,518.0,0,0,52.0
3793,109,4,9307,9709,2,2,18,1.0,對手出界,出界,,358.0,697.0,0,0,18.0
3794,109,5,10391,10435,3,2,52,0.0,落地致勝,對手落地致勝,,504.0,451.0,0,0,52.0
3795,109,6,10772,11032,4,2,19,0.0,對手出界,出界,,876.0,337.0,0,0,53.0
3796,109,7,11348,11431,4,3,19,1.0,對手掛網,掛網,,575.0,440.0,0,0,18.0
3797,109,8,11930,12109,5,3,53,0.0,對手出界,出界,,772.0,321.0,0,0,52.0
3798,109,9,12525,12564,6,3,18,0.0,對手落點判斷失誤,落點判斷失誤,,625.0,498.0,0,0,53.0
3799,109,10,13214,13252,6,4,18,1.0,對手出界,出界,,866.0,487.0,0,0,18.0
3800,109,11,13731,13918,7,4,52,0.0,對手未過網,未過網,,544.0,436.0,0,0,52.0
3801,109,12,14349,14384,7,5,19,1.0,落地致勝,對手落地致勝,,413.0,376.0,0,0,18.0
3802,109,13,14959,15087,8,5,53,0.0,對手掛網,掛網,,774.0,446.0,0,0,52.0
3803,109,14,15677,15762,9,5,18,0.0,落地致勝,對手落地致勝,,891.0,482.0,0,0,53.0
3804,109,15,16141,16167,9,6,18,1.0,對手掛網,掛網,,621.0,438.0,0,0,18.0
3805,109,16,16604,16692,10,6,52,0.0,對手掛網,掛網,,686.0,449.0,0,0,52.0
3806,109,17,17100,17328,10,7,19,1.0,對手出界,出界,,1144.0,574.0,0,0,18.0
3807,109,18,17894,18167,10,8,53,1.0,對手掛網,掛網,,705.0,442.0,0,0,19.0
3808,109,19,18851,19017,11,8,53,0.0,對手掛網,掛網,,586.0,461.0,0,0,52.0
3809,109,20,20975,21222,11,9,18,1.0,對手出界,出界,,879.0,682.0,0,0,19.0
3810,109,21,21691,22616,11,10,52,1.0,對手掛網,掛網,,467.0,438.0,0,0,19.0
3811,109,22,23666,23720,12,10,52,0.0,對手掛網,掛網,,528.0,448.0,0,0,53.0
3812,109,23,24108,24349,13,10,19,0.0,對手掛網,掛網,,650.0,446.0,0,0,53.0
3813,109,24,24886,25318,14,10,19,0.0,對手掛網,掛網,,548.0,451.0,0,0,53.0
3814,109,25,25869,25951,15,10,19,0.0,對手未過網,未過網,,650.0,492.0,0,0,52.0
3815,109,26,26470,26667,16,10,19,0.0,對手落點判斷失誤,落點判斷失誤,,256.0,662.0,0,0,53.0
3816,109,27,27247,27303,17,10,19,0.0,落地致勝,對手落地致勝,,305.0,668.0,0,0,53.0
3817,109,28,28767,28855,17,11,19,1.0,落地致勝,對手落地致勝,,841.0,357.0,0,0,19.0
3818,109,29,29265,29337,17,12,53,1.0,對手掛網,掛網,,728.0,435.0,0,0,18.0
3819,109,30,29759,29879,17,13,53,1.0,對手出界,出界,,867.0,675.0,0,0,18.0
3820,109,31,30567,30863,18,13,53,0.0,對手落點判斷失誤,落點判斷失誤,,304.0,666.0,0,0,53.0
3821,109,32,31425,31474,19,13,18,0.0,對手出界,出界,,837.0,320.0,0,0,52.0
3822,109,33,31899,32253,19,14,18,1.0,落地致勝,對手落地致勝,,467.0,354.0,0,0,19.0
3823,109,34,32871,32979,19,15,52,1.0,對手掛網,掛網,,699.0,439.0,0,0,18.0
3824,109,35,33438,33505,20,15,52,0.0,落地致勝,對手落地致勝,,900.0,623.0,0,0,53.0
3825,109,36,33978,34491,20,16,19,1.0,對手出界,出界,,1074.0,648.0,0,0,19.0
3826,109,37,35303,35427,20,17,53,1.0,落地致勝,對手落地致勝,,444.0,403.0,0,0,19.0
3827,109,38,36181,36338,20,18,53,1.0,對手掛網,掛網,,744.0,438.0,0,0,18.0
3828,109,39,37047,37191,20,19,53,1.0,對手掛網,掛網,,588.0,436.0,0,0,18.0
3829,109,40,38464,38686,20,20,53,1.0,對手未過網,未過網,,834.0,446.0,0,0,18.0
3830,109,41,40260,40416,21,20,53,0.0,對手掛網,掛網,,591.0,451.0,0,0,53.0
3831,109,42,41083,41137,21,21,18,1.0,對手出界,出界,,1012.0,536.0,0,0,18.0
3832,109,43,41850,42074,21,22,52,1.0,對手出界,出界,,294.0,506.0,0,0,18.0
3833,109,44,43116,43284,22,22,52,0.0,落地致勝,對手落地致勝,,800.0,604.0,0,0,52.0
3834,109,45,43882,44288,23,22,19,0.0,落地致勝,對手落地致勝,,436.0,530.0,0,0,52.0
3835,109,46,45345,45428,24,22,19,0.0,落地致勝,對手落地致勝,,1025.0,631.0,0,0,52.0
3836,110,1,49391,49420,0,1,18,1.0,對手掛網,掛網,,644.0,446.0,0,0,18.0
3837,110,2,49897,49994,0,2,52,1.0,對手掛網,掛網,,583.0,447.0,0,0,19.0
3838,110,3,50344,50873,1,2,52,0.0,落地致勝,對手落地致勝,,848.0,341.0,0,0,53.0
3839,110,4,51707,51984,2,2,19,0.0,對手出界,出界,,213.0,659.0,0,0,52.0
3840,110,5,52347,52347,3,2,19,0.0,,,,0.0,0.0,0,0,
3841,110,6,52995,53280,3,3,19,1.0,落地致勝,對手落地致勝,,445.0,562.0,0,0,19.0
3842,110,7,54123,54693,3,4,53,1.0,對手掛網,掛網,,504.0,457.0,0,0,18.0
3843,110,8,55595,55652,3,5,53,1.0,落地致勝,對手落地致勝,,1021.0,614.0,0,0,19.0
3844,110,9,56198,56247,4,5,53,0.0,對手掛網,掛網,,659.0,438.0,0,0,53.0
3845,110,10,56674,56837,5,5,18,0.0,對手未過網,未過網,,912.0,353.0,0,0,53.0
3846,110,11,58171,58259,6,5,18,0.0,落地致勝,對手落地致勝,,687.0,340.0,0,0,53.0
3847,110,12,58704,58829,7,5,18,0.0,對手掛網,掛網,,850.0,423.0,0,0,52.0
3848,110,13,59416,59443,8,5,18,0.0,落地致勝,對手落地致勝,,737.0,396.0,0,0,53.0
3849,110,14,59846,59915,9,5,18,0.0,對手出界,出界,,1028.0,615.0,0,0,53.0
3850,110,15,61196,61271,9,6,18,1.0,對手出界,出界,,898.0,355.0,0,0,19.0
3851,110,16,61709,61833,9,7,52,1.0,落地致勝,對手落地致勝,,740.0,570.0,0,0,19.0
3852,110,17,62648,62755,10,7,52,0.0,對手出界,出界,,608.0,675.0,0,0,52.0
3853,110,18,64087,64721,10,8,19,1.0,對手出界,出界,,890.0,336.0,0,0,19.0
3854,110,19,65688,65760,10,9,53,1.0,對手出界,出界,,879.0,323.0,0,0,18.0
3855,110,20,66337,66598,11,9,53,0.0,落地致勝,對手落地致勝,,519.0,354.0,0,0,53.0
3856,110,21,68740,68770,11,10,18,1.0,對手出界,出界,,665.0,402.0,0,0,18.0
3857,110,22,69163,69285,11,11,52,1.0,落地致勝,對手落地致勝,,696.0,556.0,0,0,19.0
3858,110,23,69823,69882,12,11,52,0.0,對手掛網,掛網,,632.0,425.0,0,0,53.0
3859,110,24,70325,70642,13,11,19,0.0,對手出界,出界,,1083.0,626.0,0,0,52.0
3860,110,25,72207,72207,13,12,19,1.0,,,,0.0,0.0,0,0,
3861,110,26,73322,73374,14,12,53,0.0,對手掛網,掛網,,520.0,428.0,0,0,52.0
3862,110,27,73849,74185,15,12,18,0.0,對手出界,出界,,246.0,540.0,0,0,52.0
3863,110,28,74712,74782,15,13,18,1.0,對手出界,出界,,395.0,334.0,0,0,19.0
3864,110,29,75415,75621,16,13,52,0.0,落地致勝,對手落地致勝,,838.0,348.0,0,0,52.0
3865,110,30,76277,76527,17,13,19,0.0,落地致勝,對手落地致勝,,747.0,343.0,0,0,52.0
3866,110,31,77095,77164,17,14,19,1.0,落地致勝,對手落地致勝,,772.0,620.0,0,0,18.0
3867,110,32,77860,77916,18,14,53,0.0,對手出界,出界,,654.0,681.0,0,0,53.0
3868,110,33,78384,78434,19,14,18,0.0,對手未過網,未過網,,662.0,431.0,0,0,53.0
3869,110,34,78864,79126,20,14,18,0.0,對手未過網,未過網,,723.0,436.0,0,0,52.0
3870,110,35,79618,79824,21,14,18,0.0,對手掛網,掛網,,562.0,425.0,0,0,52.0
3871,111,1,261,392,1,0,16,0.0,對手出界,出界,,357.0,318.0,0,0,16.0
3872,111,2,800,1020,2,0,55,0.0,對手出界,出界,,384.0,323.0,0,0,17.0
3873,111,3,1512,1647,2,1,55,1.0,對手掛網,掛網,,580.0,423.0,0,0,54.0
3874,111,4,2083,2223,2,2,17,1.0,落地致勝,對手落地致勝,,836.0,317.0,0,0,55.0
3875,111,5,2677,2967,3,2,17,0.0,對手未過網,未過網,,290.0,476.0,0,0,16.0
3876,111,6,3638,3813,3,3,54,1.0,落地致勝,對手落地致勝,,672.0,347.0,0,0,55.0
3877,111,7,4628,4686,4,3,16,0.0,落地致勝,對手落地致勝,,304.0,648.0,0,0,16.0
3878,111,8,5314,5405,5,3,55,0.0,對手未過網,未過網,,287.0,441.0,0,0,17.0
3879,111,9,6056,6136,5,4,55,1.0,對手出界,出界,,450.0,695.0,0,0,55.0
3880,111,10,6622,6710,5,5,17,1.0,落地致勝,對手落地致勝,,684.0,337.0,0,0,55.0
3881,111,11,7240,7388,6,5,17,0.0,對手掛網,掛網,,399.0,422.0,0,0,17.0
3882,111,12,8027,8125,6,6,54,1.0,落地致勝,對手落地致勝,,813.0,327.0,0,0,55.0
3883,111,13,8806,8952,7,6,16,0.0,對手未過網,未過網,,632.0,601.0,0,0,16.0
3884,111,14,9548,9642,7,7,55,1.0,對手落點判斷失誤,落點判斷失誤,,566.0,311.0,0,0,55.0
3885,111,15,10154,10154,8,7,17,0.0,,,,0.0,0.0,0,0,
3886,111,16,10686,10792,9,7,54,0.0,對手掛網,掛網,,808.0,432.0,0,0,16.0
3887,111,17,11200,11256,9,8,54,1.0,對手未過網,未過網,,834.0,316.0,0,0,54.0
3888,111,18,11848,11943,10,8,16,0.0,對手出界,出界,,647.0,304.0,0,0,17.0
3889,111,19,12463,12511,11,8,55,0.0,落地致勝,對手落地致勝,,718.0,603.0,0,0,16.0
3890,111,20,15063,15135,12,8,55,0.0,對手掛網,掛網,,660.0,433.0,0,0,17.0
3891,111,21,15547,15593,12,9,55,1.0,落地致勝,對手落地致勝,,454.0,315.0,0,0,54.0
3892,111,22,16071,16149,13,9,17,0.0,對手掛網,掛網,,562.0,435.0,0,0,17.0
3893,111,23,16662,16777,13,10,54,1.0,落地致勝,對手落地致勝,,417.0,416.0,0,0,55.0
3894,111,24,17721,17956,14,10,16,0.0,對手掛網,掛網,,788.0,442.0,0,0,17.0
3895,111,25,18645,19221,14,11,55,1.0,對手出界,出界,,244.0,598.0,0,0,55.0
3896,111,26,20867,20953,15,11,17,0.0,對手出界,出界,,759.0,306.0,0,0,16.0
3897,111,27,21500,21664,15,12,54,1.0,對手掛網,掛網,,696.0,415.0,0,0,54.0
3898,111,28,22366,22427,16,12,16,0.0,落地致勝,對手落地致勝,,454.0,566.0,0,0,17.0
3899,111,29,23092,23136,17,12,55,0.0,落地致勝,對手落地致勝,,712.0,615.0,0,0,16.0
3900,111,30,23640,23640,17,13,55,1.0,,,,0.0,0.0,0,0,
3901,111,31,25103,25289,18,13,17,0.0,對手掛網,掛網,,877.0,430.0,0,0,16.0
3902,111,32,25901,25966,19,13,54,0.0,對手未過網,未過網,,363.0,514.0,0,0,16.0
3903,111,33,26567,26664,20,13,54,0.0,對手掛網,掛網,,559.0,432.0,0,0,17.0
3904,111,34,27098,27230,21,13,54,0.0,落地致勝,對手落地致勝,,674.0,576.0,0,0,17.0
3905,112,1,31134,31185,0,1,55,1.0,對手掛網,掛網,,500.0,430.0,0,0,55.0
3906,112,2,31787,32046,1,1,17,0.0,落地致勝,對手落地致勝,,547.0,328.0,0,0,17.0
3907,112,3,33023,33313,2,1,54,0.0,落地致勝,對手落地致勝,,719.0,355.0,0,0,16.0
3908,112,4,34034,34631,3,1,54,0.0,落地致勝,對手落地致勝,,827.0,326.0,0,0,17.0
3909,112,5,36237,36310,3,2,54,1.0,對手出界,出界,,881.0,357.0,0,0,54.0
3910,112,6,37769,37964,3,3,17,1.0,落地致勝,對手落地致勝,,428.0,619.0,0,0,55.0
3911,112,7,38595,38740,4,3,17,0.0,對手出界,出界,,902.0,662.0,0,0,16.0
3912,112,8,40387,40595,5,3,55,0.0,對手掛網,掛網,,775.0,407.0,0,0,16.0
3913,112,9,41285,41405,5,4,55,1.0,對手掛網,掛網,,678.0,431.0,0,0,54.0
3914,112,10,42194,42231,5,5,16,1.0,對手掛網,掛網,,509.0,390.0,0,0,54.0
3915,112,11,42871,43222,6,5,16,0.0,落地致勝,對手落地致勝,,729.0,348.0,0,0,16.0
3916,112,12,44596,44711,6,6,54,1.0,落地致勝,對手落地致勝,,479.0,522.0,0,0,55.0
3917,112,13,45303,45453,7,6,17,0.0,對手掛網,掛網,,842.0,413.0,0,0,16.0
3918,112,14,46265,46585,8,6,55,0.0,對手掛網,掛網,,723.0,412.0,0,0,16.0
3919,112,15,47616,47800,8,7,55,1.0,落地致勝,對手落地致勝,,916.0,603.0,0,0,55.0
3920,112,16,48852,48950,9,7,16,0.0,對手掛網,掛網,,620.0,406.0,0,0,17.0
3921,112,17,49711,50032,9,8,54,1.0,對手出界,出界,,594.0,305.0,0,0,54.0
3922,112,18,52145,52172,10,8,17,0.0,對手出界,出界,,688.0,456.0,0,0,17.0
3923,112,19,52802,52838,11,8,55,0.0,落地致勝,對手落地致勝,,614.0,324.0,0,0,17.0
3924,112,20,55363,55811,12,8,55,0.0,落地致勝,對手落地致勝,,435.0,313.0,0,0,16.0
3925,112,21,56807,56917,13,8,55,0.0,落地致勝,對手落地致勝,,859.0,335.0,0,0,16.0
3926,112,22,57992,58065,14,8,55,0.0,對手掛網,掛網,,688.0,423.0,0,0,17.0
3927,112,23,58710,58911,14,9,54,1.0,對手掛網,掛網,,724.0,435.0,0,0,55.0
3928,112,24,59689,59851,14,10,16,1.0,落地致勝,對手落地致勝,,856.0,480.0,0,0,54.0
3929,112,25,60919,60953,15,10,16,0.0,落地致勝,對手落地致勝,,568.0,405.0,0,0,16.0
3930,112,26,61488,61773,15,11,54,1.0,落地致勝,對手落地致勝,,445.0,637.0,0,0,54.0
3931,112,27,63595,63785,15,12,17,1.0,對手掛網,掛網,,572.0,429.0,0,0,55.0
3932,112,28,64618,64733,16,12,17,0.0,對手掛網,掛網,,791.0,416.0,0,0,17.0
3933,112,29,65441,65509,17,12,55,0.0,對手出界,出界,,247.0,557.0,0,0,17.0
3934,112,30,66064,66170,18,12,55,0.0,落地致勝,對手落地致勝,,475.0,321.0,0,0,17.0
3935,112,31,66653,66816,19,12,55,0.0,對手未過網,未過網,,610.0,439.0,0,0,16.0
3936,112,32,67347,67394,19,13,55,1.0,對手掛網,掛網,,621.0,434.0,0,0,55.0
3937,112,33,67979,68060,20,13,16,0.0,落地致勝,對手落地致勝,,572.0,325.0,0,0,16.0
3938,112,34,68894,68976,21,13,54,0.0,對手掛網,掛網,,859.0,421.0,0,0,16.0
3939,113,1,8124,8170,1,0,16,0.0,對手掛網,掛網,,681.0,446.0,0,0,16.0
3940,113,2,8448,8584,1,1,18,1.0,對手掛網,掛網,,804.0,437.0,0,0,19.0
3941,113,3,8934,8976,2,1,17,0.0,落地致勝,對手落地致勝,,900.0,516.0,0,0,16.0
3942,113,4,9306,9709,2,2,18,1.0,對手出界,出界,,358.0,696.0,0,0,18.0
3943,113,5,10390,10435,3,2,16,0.0,落地致勝,對手落地致勝,,503.0,451.0,0,0,16.0
3944,113,6,10772,11032,4,2,19,0.0,對手出界,出界,,875.0,339.0,0,0,17.0
3945,113,7,11350,11435,4,3,19,1.0,對手掛網,掛網,,590.0,438.0,0,0,18.0
3946,113,8,11922,12109,5,3,17,0.0,對手出界,出界,,771.0,320.0,0,0,16.0
3947,113,9,12525,12555,6,3,18,0.0,落地致勝,對手落地致勝,,626.0,493.0,0,0,17.0
3948,113,10,13221,13252,6,4,18,1.0,對手出界,出界,,865.0,488.0,0,0,18.0
3949,113,11,13777,13918,7,4,16,0.0,對手未過網,未過網,,542.0,430.0,0,0,16.0
3950,113,12,14349,14409,7,5,19,1.0,對手掛網,掛網,,435.0,429.0,0,0,18.0
3951,113,13,14959,15088,8,5,17,0.0,對手掛網,掛網,,776.0,443.0,0,0,16.0
3952,113,14,15674,15762,9,5,18,0.0,落地致勝,對手落地致勝,,891.0,472.0,0,0,17.0
3953,113,15,16141,16168,9,6,18,1.0,對手掛網,掛網,,623.0,438.0,0,0,18.0
3954,113,16,16618,16694,10,6,16,0.0,對手掛網,掛網,,681.0,448.0,0,0,16.0
3955,113,17,17100,17328,10,7,19,1.0,對手出界,出界,,1144.0,568.0,0,0,19.0
3956,113,18,17892,18167,10,8,17,1.0,對手掛網,掛網,,712.0,442.0,0,0,19.0
3957,113,19,18854,19017,11,8,17,0.0,對手掛網,掛網,,587.0,462.0,0,0,16.0
3958,113,20,20979,21222,11,9,18,1.0,對手出界,出界,,877.0,683.0,0,0,19.0
3959,113,21,21692,22616,11,10,16,1.0,對手掛網,掛網,,465.0,431.0,0,0,19.0
3960,113,22,23669,23720,12,10,16,0.0,對手掛網,掛網,,526.0,447.0,0,0,16.0
3961,113,23,24107,24354,13,10,19,0.0,對手掛網,掛網,,652.0,451.0,0,0,17.0
3962,113,24,24886,25317,14,10,19,0.0,對手掛網,掛網,,548.0,455.0,0,0,17.0
3963,113,25,25859,25951,15,10,19,0.0,對手未過網,未過網,,644.0,479.0,0,0,16.0
3964,113,26,26475,26666,16,10,19,0.0,落地致勝,對手落地致勝,,254.0,663.0,0,0,17.0
3965,113,27,27247,27303,17,10,19,0.0,落地致勝,對手落地致勝,,301.0,672.0,0,0,17.0
3966,113,28,28767,28848,17,11,19,1.0,對手未過網,未過網,,846.0,355.0,0,0,19.0
3967,113,29,29268,29337,17,12,17,1.0,對手掛網,掛網,,726.0,429.0,0,0,18.0
3968,113,30,29767,29879,17,13,17,1.0,對手出界,出界,,865.0,674.0,0,0,18.0
3969,113,31,30568,30863,18,13,17,0.0,落地致勝,對手落地致勝,,301.0,661.0,0,0,17.0
3970,113,32,31425,31474,19,13,18,0.0,對手出界,出界,,837.0,317.0,0,0,16.0
3971,113,33,31901,32254,19,14,18,1.0,落地致勝,對手落地致勝,,465.0,353.0,0,0,19.0
3972,113,34,32871,32981,19,15,16,1.0,對手掛網,掛網,,693.0,441.0,0,0,18.0
3973,113,35,33439,33505,20,15,16,0.0,落地致勝,對手落地致勝,,891.0,619.0,0,0,17.0
3974,113,36,33980,34491,20,16,19,1.0,對手出界,出界,,1074.0,645.0,0,0,19.0
3975,113,37,35304,35427,20,17,17,1.0,落地致勝,對手落地致勝,,440.0,403.0,0,0,19.0
3976,113,38,36183,36339,20,18,17,1.0,對手掛網,掛網,,747.0,436.0,0,0,18.0
3977,113,39,37048,37191,20,19,17,1.0,對手掛網,掛網,,588.0,432.0,0,0,18.0
3978,113,40,38481,38677,20,20,17,1.0,對手掛網,掛網,,822.0,427.0,0,0,18.0
3979,113,41,40261,40418,21,20,17,0.0,對手掛網,掛網,,592.0,447.0,0,0,17.0
3980,113,42,41087,41137,21,21,18,1.0,對手出界,出界,,1011.0,538.0,0,0,18.0
3981,113,43,41855,42074,21,22,16,1.0,對手出界,出界,,291.0,508.0,0,0,19.0
3982,113,44,43126,43281,22,22,16,0.0,落地致勝,對手落地致勝,,799.0,603.0,0,0,16.0
3983,113,45,43890,44288,23,22,19,0.0,落地致勝,對手落地致勝,,417.0,597.0,0,0,17.0
3984,113,46,45365,45428,24,22,19,0.0,落地致勝,對手落地致勝,,1023.0,630.0,0,0,16.0
3985,114,1,48973,49132,0,1,18,1.0,對手出界,出界,,649.0,308.0,0,0,19.0
3986,114,2,49847,49989,1,1,16,0.0,對手掛網,掛網,,792.0,422.0,0,0,16.0
3987,114,3,50588,51075,2,1,19,0.0,對手掛網,掛網,,530.0,417.0,0,0,16.0
3988,114,4,52050,52211,2,2,19,1.0,對手掛網,掛網,,875.0,444.0,0,0,18.0
3989,114,5,52755,52791,2,3,17,1.0,對手出界,出界,,871.0,345.0,0,0,19.0
3990,114,6,54034,54259,2,4,17,1.0,對手掛網,掛網,,891.0,439.0,0,0,19.0
3991,114,7,54871,54934,2,5,17,1.0,對手掛網,掛網,,478.0,435.0,0,0,19.0
3992,114,8,55648,55725,3,5,17,0.0,對手掛網,掛網,,555.0,473.0,0,0,17.0
3993,114,9,56197,56515,4,5,18,0.0,對手掛網,掛網,,624.0,419.0,0,0,16.0
3994,114,10,57337,57371,4,6,18,1.0,落地致勝,對手落地致勝,,881.0,588.0,0,0,18.0
3995,114,11,58263,58676,5,6,16,0.0,對手掛網,掛網,,730.0,419.0,0,0,16.0
3996,114,12,59656,59694,5,7,19,1.0,落地致勝,對手落地致勝,,647.0,490.0,0,0,18.0
3997,114,13,60258,60366,6,7,17,0.0,對手出界,出界,,1072.0,642.0,0,0,16.0
3998,114,14,61268,62188,6,8,18,1.0,落地致勝,對手落地致勝,,676.0,546.0,0,0,19.0
3999,114,15,63516,63770,7,8,16,0.0,落地致勝,對手落地致勝,,850.0,325.0,0,0,16.0
4000,114,16,64881,65072,7,9,19,1.0,對手掛網,掛網,,511.0,441.0,0,0,18.0
4001,114,17,65773,65907,8,9,17,0.0,落地致勝,對手落地致勝,,678.0,339.0,0,0,17.0
4002,114,18,66787,67061,9,9,18,0.0,對手出界,出界,,1054.0,593.0,0,0,17.0
4003,114,19,67775,67943,9,10,18,1.0,對手出界,出界,,421.0,327.0,0,0,18.0
4004,114,20,68824,68926,10,10,16,0.0,落地致勝,對手落地致勝,,716.0,335.0,0,0,16.0
4005,114,21,69572,69605,10,11,19,1.0,落地致勝,對手落地致勝,,361.0,578.0,0,0,18.0
4006,114,22,71994,72051,10,12,17,1.0,對手掛網,掛網,,794.0,438.0,0,0,18.0
4007,114,23,72490,72559,11,12,17,0.0,對手出界,出界,,1058.0,553.0,0,0,16.0
4008,114,24,73143,73300,11,13,18,1.0,落地致勝,對手落地致勝,,584.0,576.0,0,0,18.0
4009,114,25,74059,74274,11,14,16,1.0,對手掛網,掛網,,775.0,435.0,0,0,19.0
4010,114,26,75117,75262,11,15,16,1.0,落地致勝,對手落地致勝,,890.0,463.0,0,0,19.0
4011,114,27,76033,76113,12,15,16,0.0,對手出界,出界,,1020.0,674.0,0,0,17.0
4012,114,28,76909,77087,13,15,19,0.0,對手未過網,未過網,,823.0,465.0,0,0,16.0
4013,114,29,78101,78160,14,15,19,0.0,對手掛網,掛網,,681.0,417.0,0,0,16.0
4014,114,30,78707,78885,15,15,19,0.0,落地致勝,對手落地致勝,,425.0,342.0,0,0,17.0
4015,114,31,80343,80457,15,16,19,1.0,落地致勝,對手落地致勝,,835.0,435.0,0,0,18.0
4016,114,32,81026,81070,16,16,17,0.0,對手掛網,掛網,,716.0,417.0,0,0,17.0
4017,114,33,81681,81724,16,17,18,1.0,落地致勝,對手落地致勝,,511.0,438.0,0,0,18.0
4018,114,34,83515,83678,16,18,16,1.0,落地致勝,對手落地致勝,,445.0,544.0,0,0,19.0
4019,114,35,84819,84868,17,18,16,0.0,落地致勝,對手落地致勝,,545.0,330.0,0,0,17.0
4020,114,36,85676,85804,18,18,19,0.0,落地致勝,對手落地致勝,,672.0,332.0,0,0,16.0
4021,114,37,86750,86952,19,18,19,0.0,對手掛網,掛網,,755.0,420.0,0,0,17.0
4022,114,38,87732,87848,20,18,19,0.0,對手掛網,掛網,,674.0,417.0,0,0,16.0
4023,114,39,88732,88841,20,19,19,1.0,對手掛網,掛網,,768.0,425.0,0,0,19.0
4024,114,40,89948,90155,20,20,17,1.0,對手掛網,掛網,,664.0,439.0,0,0,19.0
4025,114,41,91109,91244,21,20,17,0.0,落地致勝,對手落地致勝,,806.0,352.0,0,0,17.0
4026,114,42,92192,92322,22,20,18,0.0,對手掛網,掛網,,618.0,415.0,0,0,16.0
4027,115,1,13952,14203,0,1,14,1.0,對手出界,出界,,612.0,363.0,0,0,67.0
4028,115,2,14548,14593,1,1,14,0.0,對手未過網,未過網,,484.0,413.0,0,0,14.0
4029,115,3,15055,15660,2,1,67,0.0,落地致勝,對手落地致勝,,723.0,384.0,0,0,14.0
4030,115,4,16426,16482,2,2,67,1.0,對手掛網,掛網,,519.0,503.0,0,0,66.0
4031,115,5,16833,17857,2,3,33,1.0,對手掛網,掛網,,618.0,507.0,0,0,66.0
4032,115,6,18579,18651,2,4,33,1.0,對手出界,出界,,399.0,390.0,0,0,67.0
4033,115,7,19439,19873,2,5,33,1.0,落地致勝,對手落地致勝,,808.0,599.0,0,0,67.0
4034,115,8,20538,20659,3,5,33,0.0,對手掛網,掛網,,442.0,494.0,0,0,33.0
4035,115,9,21359,21467,4,5,66,0.0,落地致勝,對手落地致勝,,407.0,427.0,0,0,14.0
4036,115,10,22073,22196,5,5,66,0.0,落地致勝,對手落地致勝,,427.0,416.0,0,0,14.0
4037,115,11,22834,23454,5,6,66,1.0,對手未過網,未過網,,390.0,494.0,0,0,67.0
4038,115,12,24186,24425,6,6,14,0.0,對手出界,出界,,332.0,659.0,0,0,14.0
4039,115,13,25335,25632,7,6,67,0.0,對手出界,出界,,301.0,621.0,0,0,33.0
4040,115,14,26357,26406,8,6,67,0.0,對手掛網,掛網,,673.0,494.0,0,0,33.0
4041,115,15,27078,27328,8,7,67,1.0,對手掛網,掛網,,795.0,505.0,0,0,66.0
4042,115,16,27839,28730,8,8,33,1.0,對手出界,出界,,460.0,361.0,0,0,67.0
4043,115,17,29495,30175,8,9,33,1.0,對手未過網,未過網,,765.0,533.0,0,0,66.0
4044,115,18,31078,31362,8,10,33,1.0,對手出界,出界,,328.0,405.0,0,0,67.0
4045,115,19,31943,31983,8,11,33,1.0,對手掛網,掛網,,688.0,505.0,0,0,67.0
4046,115,20,34071,34114,9,11,33,0.0,落地致勝,對手落地致勝,,438.0,442.0,0,0,14.0
4047,115,21,35160,35228,10,11,66,0.0,對手掛網,掛網,,644.0,491.0,0,0,14.0
4048,115,22,35912,36238,11,11,66,0.0,落地致勝,對手落地致勝,,673.0,470.0,0,0,14.0
4049,115,23,37144,37555,12,11,66,0.0,對手掛網,掛網,,814.0,494.0,0,0,33.0
4050,115,24,38624,39134,12,12,66,1.0,對手掛網,掛網,,466.0,502.0,0,0,66.0
4051,115,25,39981,40130,12,13,14,1.0,對手未過網,未過網,,1140.0,524.0,0,0,67.0
4052,115,26,40731,40825,12,14,14,1.0,落地致勝,對手落地致勝,,414.0,620.0,0,0,66.0
4053,115,27,41296,42378,12,15,14,1.0,對手落點判斷失誤,落點判斷失誤,,935.0,660.0,0,0,66.0
4054,115,28,43315,43802,13,15,14,0.0,對手落點判斷失誤,落點判斷失誤,,869.0,388.0,0,0,33.0
4055,115,29,44643,45288,14,15,67,0.0,對手落點判斷失誤,落點判斷失誤,,869.0,396.0,0,0,33.0
4056,115,30,46407,46797,14,16,67,1.0,對手掛網,掛網,,549.0,503.0,0,0,67.0
4057,115,31,47646,47674,15,16,33,0.0,對手出界,出界,,680.0,545.0,0,0,33.0
4058,115,32,50227,50453,16,16,66,0.0,對手掛網,掛網,,808.0,492.0,0,0,33.0
4059,115,33,51371,51442,17,16,66,0.0,落地致勝,對手落地致勝,,827.0,415.0,0,0,14.0
4060,115,34,52178,52471,18,16,66,0.0,對手未過網,未過網,,448.0,525.0,0,0,33.0
4061,115,35,53455,53675,19,16,66,0.0,對手掛網,掛網,,522.0,494.0,0,0,33.0
4062,115,36,54658,54706,19,17,66,1.0,落地致勝,對手落地致勝,,763.0,521.0,0,0,66.0
4063,115,37,55247,55595,20,17,14,0.0,對手出界,出界,,594.0,683.0,0,0,14.0
4064,115,38,57533,58061,20,18,67,1.0,對手出界,出界,,396.0,385.0,0,0,67.0
4065,115,39,59416,59534,21,18,33,0.0,落地致勝,對手落地致勝,,845.0,465.0,0,0,14.0
4066,116,1,63779,63864,0,1,67,1.0,對手掛網,掛網,,698.0,493.0,0,0,66.0
4067,116,2,64279,64698,0,2,14,1.0,對手掛網,掛網,,561.0,498.0,0,0,67.0
4068,116,3,65352,65585,0,3,14,1.0,落地致勝,對手落地致勝,,420.0,373.0,0,0,66.0
4069,116,4,66200,66959,0,4,14,1.0,對手未過網,未過網,,568.0,487.0,0,0,66.0
4070,116,5,67722,67772,1,4,14,0.0,落地致勝,對手落地致勝,,353.0,659.0,0,0,33.0
4071,116,6,68497,68562,2,4,66,0.0,落地致勝,對手落地致勝,,816.0,636.0,0,0,14.0
4072,116,7,69477,69647,3,4,66,0.0,落地致勝,對手落地致勝,,407.0,615.0,0,0,33.0
4073,116,8,70670,70784,4,4,66,0.0,對手掛網,掛網,,767.0,502.0,0,0,14.0
4074,116,9,71521,71574,5,4,66,0.0,對手掛網,掛網,,799.0,504.0,0,0,14.0
4075,116,10,72324,72649,6,4,66,0.0,對手出界,出界,,806.0,366.0,0,0,14.0
4076,116,11,73451,73608,7,4,66,0.0,落地致勝,對手落地致勝,,636.0,659.0,0,0,14.0
4077,116,12,74440,74689,8,4,66,0.0,對手出界,出界,,897.0,450.0,0,0,14.0
4078,116,13,75412,75650,8,5,66,1.0,對手未過網,未過網,,478.0,489.0,0,0,67.0
4079,116,14,76291,77127,8,6,33,1.0,落地致勝,對手落地致勝,,757.0,401.0,0,0,66.0
4080,116,15,78144,78381,9,6,33,0.0,落地致勝,對手落地致勝,,914.0,634.0,0,0,14.0
4081,116,16,79378,79867,10,6,67,0.0,對手掛網,掛網,,477.0,507.0,0,0,33.0
4082,116,17,80628,82365,10,7,67,1.0,落地致勝,對手落地致勝,,641.0,465.0,0,0,67.0
4083,116,18,84674,85182,10,8,14,1.0,對手出界,出界,,938.0,594.0,0,0,67.0
4084,116,19,85753,86290,11,8,14,0.0,落地致勝,對手落地致勝,,763.0,608.0,0,0,33.0
4085,116,20,89123,89518,11,9,66,1.0,對手出界,出界,,245.0,572.0,0,0,66.0
4086,116,21,90275,90323,12,9,33,0.0,落地致勝,對手落地致勝,,561.0,506.0,0,0,33.0
4087,116,22,90856,91105,12,10,67,1.0,對手未過網,未過網,,589.0,454.0,0,0,67.0
4088,116,23,91669,91898,12,11,14,1.0,對手未過網,未過網,,432.0,465.0,0,0,66.0
4089,116,24,92656,93971,12,12,14,1.0,對手出界,出界,,557.0,682.0,0,0,67.0
4090,116,25,98629,99143,13,12,14,0.0,對手未過網,未過網,,821.0,481.0,0,0,33.0
4091,116,26,100586,100721,14,12,66,0.0,落地致勝,對手落地致勝,,872.0,539.0,0,0,14.0
4092,116,27,101486,102788,14,13,66,1.0,對手掛網,掛網,,518.0,493.0,0,0,66.0
4093,116,28,103658,103908,14,14,33,1.0,對手掛網,掛網,,829.0,494.0,0,0,67.0
4094,116,29,105236,105271,14,15,33,1.0,對手出界,出界,,438.0,684.0,0,0,66.0
4095,116,30,105768,106278,15,15,33,0.0,對手掛網,掛網,,589.0,510.0,0,0,33.0
4096,116,31,107243,108471,16,15,67,0.0,對手掛網,掛網,,680.0,503.0,0,0,14.0
4097,116,32,110187,112059,17,15,67,0.0,落地致勝,對手落地致勝,,477.0,585.0,0,0,14.0
4098,116,33,114070,115034,17,16,67,1.0,對手落點判斷失誤,落點判斷失誤,,872.0,398.0,0,0,67.0
4099,116,34,116962,117400,18,16,14,0.0,對手掛網,掛網,,828.0,506.0,0,0,14.0
4100,116,35,118715,119745,19,16,66,0.0,落地致勝,對手落地致勝,,714.0,630.0,0,0,33.0
4101,116,36,121487,121565,19,17,66,1.0,對手出界,出界,,319.0,674.0,0,0,67.0
4102,116,37,122105,122231,19,18,33,1.0,對手掛網,掛網,,434.0,485.0,0,0,67.0
4103,116,38,122926,123288,19,19,33,1.0,落地致勝,對手落地致勝,,767.0,404.0,0,0,67.0
4104,116,39,124177,124495,20,19,33,0.0,落地致勝,對手落地致勝,,590.0,673.0,0,0,33.0
4105,116,40,126245,126626,20,20,67,1.0,對手出界,出界,,408.0,686.0,0,0,67.0
4106,116,41,127408,127609,21,20,14,0.0,對手未過網,未過網,,565.0,618.0,0,0,14.0
4107,116,42,128615,129266,22,20,66,0.0,落地致勝,對手落地致勝,,647.0,640.0,0,0,14.0
4108,117,1,11712,11847,1,0,14,0.0,對手掛網,掛網,,552.0,504.0,0,0,68.0
4109,117,2,12146,12216,2,0,14,0.0,對手出界,出界,,436.0,366.0,0,0,68.0
4110,117,3,12556,12872,3,0,14,0.0,落地致勝,對手落地致勝,,719.0,577.0,0,0,68.0
4111,117,4,13304,13994,4,0,14,0.0,落地致勝,對手落地致勝,,646.0,544.0,0,0,68.0
4112,117,5,14614,15753,4,1,14,1.0,對手未過網,未過網,,429.0,487.0,0,0,33.0
4113,117,6,16728,17020,4,2,68,1.0,對手落點判斷失誤,落點判斷失誤,,620.0,372.0,0,0,33.0
4114,117,7,17695,17863,4,3,68,1.0,落地致勝,對手落地致勝,,824.0,390.0,0,0,33.0
4115,117,8,18490,19759,4,4,68,1.0,對手掛網,掛網,,571.0,491.0,0,0,33.0
4116,117,9,20741,20835,5,4,68,0.0,對手未過網,未過網,,748.0,634.0,0,0,68.0
4117,117,10,21356,21508,5,5,33,1.0,對手掛網,掛網,,685.0,488.0,0,0,33.0
4118,117,11,22135,22585,5,6,69,1.0,落地致勝,對手落地致勝,,691.0,376.0,0,0,14.0
4119,117,12,23418,24109,6,6,69,0.0,對手出界,出界,,417.0,364.0,0,0,68.0
4120,117,13,24725,25136,6,7,14,1.0,對手掛網,掛網,,740.0,494.0,0,0,33.0
4121,117,14,25979,26370,7,7,68,0.0,對手掛網,掛網,,761.0,506.0,0,0,69.0
4122,117,15,27103,27331,7,8,33,1.0,落地致勝,對手落地致勝,,512.0,414.0,0,0,33.0
4123,117,16,28406,29019,7,9,69,1.0,落地致勝,對手落地致勝,,679.0,381.0,0,0,33.0
4124,117,17,29810,29920,7,10,69,1.0,落地致勝,對手落地致勝,,701.0,400.0,0,0,33.0
4125,117,18,30777,30852,7,11,69,1.0,落地致勝,對手落地致勝,,409.0,403.0,0,0,33.0
4126,117,19,33138,33202,8,11,69,0.0,對手掛網,掛網,,661.0,502.0,0,0,68.0
4127,117,20,33624,33869,9,11,14,0.0,對手掛網,掛網,,550.0,502.0,0,0,69.0
4128,117,21,34428,35787,10,11,14,0.0,對手掛網,掛網,,794.0,504.0,0,0,69.0
4129,117,22,36613,36845,10,12,14,1.0,落地致勝,對手落地致勝,,633.0,380.0,0,0,33.0
4130,117,23,37587,37709,10,13,68,1.0,對手出界,出界,,676.0,703.0,0,0,14.0
4131,117,24,38310,38536,10,14,68,1.0,對手掛網,掛網,,817.0,493.0,0,0,14.0
4132,117,25,39198,39490,11,14,68,0.0,對手未過網,未過網,,744.0,517.0,0,0,69.0
4133,117,26,40323,41033,12,14,33,0.0,對手出界,出界,,399.0,368.0,0,0,68.0
4134,117,27,41621,42930,13,14,33,0.0,對手掛網,掛網,,416.0,504.0,0,0,69.0
4135,117,28,44492,45348,14,14,33,0.0,對手掛網,掛網,,825.0,503.0,0,0,68.0
4136,117,29,46149,46473,15,14,33,0.0,落地致勝,對手落地致勝,,900.0,609.0,0,0,68.0
4137,117,30,47353,48329,15,15,33,1.0,對手掛網,掛網,,543.0,483.0,0,0,14.0
4138,117,31,49527,50240,16,15,69,0.0,對手掛網,掛網,,800.0,507.0,0,0,68.0
4139,117,32,51064,52235,17,15,14,0.0,落地致勝,對手落地致勝,,446.0,542.0,0,0,69.0
4140,117,33,53302,53385,17,16,14,1.0,落地致勝,對手落地致勝,,418.0,374.0,0,0,14.0
4141,117,34,54966,55737,18,16,68,0.0,對手出界,出界,,385.0,435.0,0,0,68.0
4142,117,35,56494,56731,19,16,33,0.0,對手未過網,未過網,,731.0,670.0,0,0,68.0
4143,117,36,57379,57785,19,17,33,1.0,對手落點判斷失誤,落點判斷失誤,,473.0,369.0,0,0,33.0
4144,117,37,59662,59965,19,18,69,1.0,落地致勝,對手落地致勝,,431.0,481.0,0,0,33.0
4145,117,38,60846,62276,19,19,69,1.0,落地致勝,對手落地致勝,,436.0,412.0,0,0,14.0
4146,117,39,63543,63685,20,19,69,0.0,對手出界,出界,,508.0,366.0,0,0,68.0
4147,117,40,64248,65277,20,20,14,1.0,對手出界,出界,,915.0,546.0,0,0,14.0
4148,117,41,67152,68431,21,20,68,0.0,對手掛網,掛網,,522.0,506.0,0,0,68.0
4149,117,42,69662,70550,22,20,33,0.0,對手未過網,未過網,,401.0,598.0,0,0,68.0
4150,118,1,75609,76116,0,1,14,1.0,對手掛網,掛網,,487.0,502.0,0,0,33.0
4151,118,2,76970,77042,0,2,68,1.0,落地致勝,對手落地致勝,,508.0,605.0,0,0,33.0
4152,118,3,77588,77677,1,2,68,0.0,對手未過網,未過網,,851.0,470.0,0,0,68.0
4153,118,4,78170,79033,2,2,33,0.0,對手出界,出界,,830.0,681.0,0,0,68.0
4154,118,5,79773,80118,3,2,33,0.0,對手掛網,掛網,,442.0,489.0,0,0,69.0
4155,118,6,80937,81597,4,2,33,0.0,對手出界,出界,,851.0,677.0,0,0,68.0
4156,118,7,82497,82707,5,2,33,0.0,落地致勝,對手落地致勝,,812.0,408.0,0,0,69.0
4157,118,8,83258,83755,6,2,33,0.0,落地致勝,對手落地致勝,,458.0,406.0,0,0,69.0
4158,118,9,84568,84610,7,2,33,0.0,對手出界,出界,,334.0,662.0,0,0,68.0
4159,118,10,85135,85281,7,3,33,1.0,對手掛網,掛網,,678.0,511.0,0,0,33.0
4160,118,11,86126,86504,8,3,69,0.0,落地致勝,對手落地致勝,,672.0,373.0,0,0,68.0
4161,118,12,87027,87391,9,3,14,0.0,對手出界,出界,,817.0,677.0,0,0,68.0
4162,118,13,88728,89072,10,3,14,0.0,對手出界,出界,,234.0,577.0,0,0,69.0
4163,118,14,89702,89825,11,3,14,0.0,對手未過網,未過網,,777.0,384.0,0,0,69.0
4164,118,15,92309,92943,12,3,14,0.0,對手掛網,掛網,,850.0,487.0,0,0,68.0
4165,118,16,93491,93887,13,3,14,0.0,落地致勝,對手落地致勝,,770.0,372.0,0,0,69.0
4166,118,17,94764,95024,14,3,14,0.0,落地致勝,對手落地致勝,,468.0,416.0,0,0,68.0
4167,118,18,95735,95976,14,4,14,1.0,對手掛網,掛網,,704.0,501.0,0,0,33.0
4168,118,19,96674,97344,15,4,68,0.0,對手出界,出界,,331.0,658.0,0,0,69.0
4169,118,20,98094,99184,15,5,33,1.0,對手掛網,掛網,,810.0,508.0,0,0,33.0
4170,118,21,100391,101846,16,5,69,0.0,對手出界,出界,,332.0,637.0,0,0,68.0
4171,118,22,102788,102829,16,6,14,1.0,落地致勝,對手落地致勝,,394.0,563.0,0,0,33.0
4172,118,23,103546,104186,17,6,68,0.0,對手出界,出界,,763.0,681.0,0,0,69.0
4173,118,24,104803,105117,18,6,33,0.0,落地致勝,對手落地致勝,,669.0,462.0,0,0,68.0
4174,118,25,105799,106587,18,7,33,1.0,對手掛網,掛網,,546.0,503.0,0,0,14.0
4175,118,26,107572,107984,18,8,69,1.0,對手出界,出界,,652.0,361.0,0,0,33.0
4176,118,27,108708,110750,19,8,69,0.0,對手掛網,掛網,,431.0,485.0,0,0,69.0
4177,118,28,111858,111901,19,9,14,1.0,落地致勝,對手落地致勝,,903.0,529.0,0,0,14.0
4178,118,29,112671,112725,19,10,68,1.0,落地致勝,對手落地致勝,,436.0,656.0,0,0,33.0
4179,118,30,113370,114297,19,11,68,1.0,落地致勝,對手落地致勝,,794.0,587.0,0,0,14.0
4180,118,31,115367,115714,19,12,68,1.0,對手未過網,未過網,,712.0,555.0,0,0,33.0
4181,118,32,116546,116630,20,12,68,0.0,對手出界,出界,,398.0,688.0,0,0,68.0
4182,118,33,117234,117406,21,12,33,0.0,對手出界,出界,,366.0,687.0,0,0,68.0
4183,119,1,21748,22010,0,1,41,1.0,落地致勝,對手落地致勝,,613.0,417.0,0,0,43.0
4184,119,2,22554,22767,1,1,41,0.0,對手掛網,掛網,,461.0,465.0,0,0,40.0
4185,119,3,23195,23617,2,1,42,0.0,落地致勝,對手落地致勝,,847.0,495.0,0,0,40.0
4186,119,4,24327,24522,3,1,42,0.0,落地致勝,對手落地致勝,,345.0,655.0,0,0,41.0
4187,119,5,24951,24994,3,2,42,1.0,對手掛網,掛網,,649.0,458.0,0,0,42.0
4188,119,6,25487,25957,3,3,40,1.0,對手掛網,掛網,,716.0,457.0,0,0,42.0
4189,119,7,26578,27250,3,4,40,1.0,對手掛網,掛網,,800.0,457.0,0,0,43.0
4190,119,8,27940,28424,4,4,40,0.0,對手出界,出界,,563.0,345.0,0,0,41.0
4191,119,9,29051,29210,4,5,43,1.0,對手出界,出界,,975.0,552.0,0,0,42.0
4192,119,10,29997,30268,5,5,41,0.0,對手掛網,掛網,,627.0,465.0,0,0,40.0
4193,119,11,30769,30887,6,5,42,0.0,落地致勝,對手落地致勝,,885.0,611.0,0,0,40.0
4194,119,12,31497,31565,7,5,42,0.0,落地致勝,對手落地致勝,,484.0,508.0,0,0,41.0
4195,119,13,32041,32975,7,6,42,1.0,對手掛網,掛網,,588.0,458.0,0,0,43.0
4196,119,14,34153,35844,8,6,40,0.0,對手掛網,掛網,,344.0,487.0,0,0,41.0
4197,119,15,37273,37292,8,7,43,1.0,對手掛網,掛網,,672.0,456.0,0,0,43.0
4198,119,16,37995,38131,8,8,41,1.0,落地致勝,對手落地致勝,,543.0,375.0,0,0,43.0
4199,119,17,38876,39177,8,9,41,1.0,對手出界,出界,,985.0,543.0,0,0,42.0
4200,119,18,39917,42780,9,9,41,0.0,對手出界,出界,,309.0,391.0,0,0,40.0
4201,119,19,44318,44465,9,10,42,1.0,對手出界,出界,,639.0,673.0,0,0,42.0
4202,119,20,45230,46897,10,10,40,0.0,對手落點判斷失誤,落點判斷失誤,,1006.0,631.0,0,0,40.0
4203,119,21,49002,49125,10,11,43,1.0,落地致勝,對手落地致勝,,676.0,380.0,0,0,42.0
4204,119,22,51783,52381,11,11,41,0.0,對手掛網,掛網,,630.0,470.0,0,0,41.0
4205,119,23,53121,53687,11,12,42,1.0,對手出界,出界,,952.0,513.0,0,0,42.0
4206,119,24,54749,55436,12,12,40,0.0,對手掛網,掛網,,754.0,470.0,0,0,40.0
4207,119,25,56221,56467,13,12,43,0.0,對手掛網,掛網,,484.0,467.0,0,0,40.0
4208,119,26,57213,57386,13,13,43,1.0,對手掛網,掛網,,626.0,459.0,0,0,42.0
4209,119,27,58087,59103,13,14,41,1.0,對手掛網,掛網,,767.0,461.0,0,0,42.0
4210,119,28,60267,60349,13,15,41,1.0,落地致勝,對手落地致勝,,497.0,353.0,0,0,42.0
4211,119,29,61079,62132,13,16,41,1.0,對手掛網,掛網,,864.0,461.0,0,0,43.0
4212,119,30,63368,63452,14,16,41,0.0,對手出界,出界,,412.0,366.0,0,0,40.0
4213,119,31,64049,64735,15,16,42,0.0,落地致勝,對手落地致勝,,748.0,633.0,0,0,40.0
4214,119,32,65809,66898,16,16,42,0.0,對手出界,出界,,398.0,371.0,0,0,40.0
4215,119,33,67963,68053,17,16,42,0.0,對手未過網,未過網,,1061.0,495.0,0,0,40.0
4216,119,34,68903,69073,17,17,42,1.0,對手掛網,掛網,,469.0,455.0,0,0,43.0
4217,119,35,69840,72076,18,17,40,0.0,落地致勝,對手落地致勝,,569.0,500.0,0,0,40.0
4218,119,36,73455,74905,19,17,43,0.0,落地致勝,對手落地致勝,,836.0,487.0,0,0,41.0
4219,119,37,76338,76568,19,18,43,1.0,對手出界,出界,,1008.0,616.0,0,0,42.0
4220,119,38,77655,77764,19,19,41,1.0,對手落點判斷失誤,落點判斷失誤,,703.0,351.0,0,0,43.0
4221,119,39,79464,80754,19,20,41,1.0,對手掛網,掛網,,826.0,460.0,0,0,42.0
4222,119,40,82045,83411,20,20,41,0.0,對手掛網,掛網,,823.0,467.0,0,0,40.0
4223,119,41,84509,86670,20,21,42,1.0,對手出界,出界,,237.0,638.0,0,0,42.0
4224,119,42,88447,88626,21,21,40,0.0,對手出界,出界,,874.0,377.0,0,0,41.0
4225,119,43,90680,90918,22,21,43,0.0,對手未過網,未過網,,569.0,463.0,0,0,41.0
4226,119,44,91630,92986,23,21,43,0.0,對手掛網,掛網,,464.0,465.0,0,0,40.0
4227,120,1,97704,98249,0,1,42,1.0,對手掛網,掛網,,853.0,465.0,0,0,42.0
4228,120,2,98895,99853,0,2,40,1.0,對手掛網,掛網,,445.0,467.0,0,0,43.0
4229,120,3,101335,102081,0,3,40,1.0,對手掛網,掛網,,692.0,466.0,0,0,43.0
4230,120,4,102914,103269,1,3,40,0.0,對手掛網,掛網,,718.0,460.0,0,0,40.0
4231,120,5,104141,104369,1,4,43,1.0,對手出界,出界,,408.0,365.0,0,0,42.0
4232,120,6,105063,105148,2,4,41,0.0,對手掛網,掛網,,625.0,457.0,0,0,40.0
4233,120,7,105672,105912,3,4,42,0.0,對手未過網,未過網,,693.0,451.0,0,0,41.0
4234,120,8,106454,107035,4,4,42,0.0,對手未過網,未過網,,514.0,453.0,0,0,41.0
4235,120,9,107775,108362,4,5,42,1.0,落地致勝,對手落地致勝,,627.0,502.0,0,0,42.0
4236,120,10,109208,110191,5,5,40,0.0,對手掛網,掛網,,524.0,459.0,0,0,40.0
4237,120,11,111038,111155,6,5,43,0.0,對手未過網,未過網,,771.0,352.0,0,0,41.0
4238,120,12,111859,113045,7,5,43,0.0,對手掛網,掛網,,432.0,463.0,0,0,41.0
4239,120,13,114029,114603,7,6,43,1.0,對手出界,出界,,405.0,358.0,0,0,42.0
4240,120,14,115572,115990,8,6,41,0.0,落地致勝,對手落地致勝,,859.0,362.0,0,0,40.0
4241,120,15,116800,117810,9,6,42,0.0,落地致勝,對手落地致勝,,852.0,392.0,0,0,41.0
4242,120,16,118711,119235,9,7,42,1.0,對手出界,出界,,318.0,431.0,0,0,42.0
4243,120,17,120023,120068,9,8,40,1.0,落地致勝,對手落地致勝,,314.0,602.0,0,0,42.0
4244,120,18,121389,121531,10,8,40,0.0,對手落點判斷失誤,落點判斷失誤,,379.0,439.0,0,0,40.0
4245,120,19,122174,122232,11,8,43,0.0,對手掛網,掛網,,439.0,460.0,0,0,40.0
4246,120,20,124747,124933,12,8,43,0.0,對手掛網,掛網,,782.0,458.0,0,0,41.0
4247,120,21,125551,125874,13,8,43,0.0,對手掛網,掛網,,807.0,456.0,0,0,40.0
4248,120,22,126692,126898,13,9,43,1.0,對手未過網,未過網,,1070.0,478.0,0,0,42.0
4249,120,23,127663,128703,14,9,41,0.0,落地致勝,對手落地致勝,,613.0,420.0,0,0,41.0
4250,120,24,129839,129879,14,10,42,1.0,落地致勝,對手落地致勝,,307.0,623.0,0,0,43.0
4251,120,25,130561,130979,15,10,40,0.0,落地致勝,對手落地致勝,,618.0,359.0,0,0,40.0
4252,120,26,131760,132365,15,11,43,1.0,落地致勝,對手落地致勝,,607.0,508.0,0,0,43.0
4253,120,27,133316,133547,16,11,41,0.0,落地致勝,對手落地致勝,,818.0,383.0,0,0,40.0
4254,120,28,134532,134726,17,11,42,0.0,對手出界,出界,,1177.0,581.0,0,0,41.0
4255,120,29,135267,135358,17,12,42,1.0,落地致勝,對手落地致勝,,854.0,574.0,0,0,43.0
4256,120,30,136071,136253,17,13,40,1.0,對手掛網,掛網,,697.0,470.0,0,0,43.0
4257,120,31,137714,137758,18,13,40,0.0,對手掛網,掛網,,529.0,455.0,0,0,40.0
4258,120,32,138397,138469,19,13,43,0.0,對手掛網,掛網,,818.0,457.0,0,0,40.0
4259,120,33,139051,139397,20,13,43,0.0,對手出界,出界,,332.0,494.0,0,0,40.0
4260,120,34,140113,141749,21,13,43,0.0,對手掛網,掛網,,625.0,458.0,0,0,41.0
4261,121,1,10370,10478,0,1,90,1.0,對手出界,出界,,263.0,430.0,0,0,20.0
4262,121,2,10838,11092,0,2,90,1.0,對手出界,出界,,401.0,379.0,0,0,20.0
4263,121,3,11524,11699,0,3,90,1.0,落地致勝,對手落地致勝,,947.0,604.0,0,0,20.0
4264,121,4,12277,12468,1,3,90,0.0,對手出界,出界,,309.0,538.0,0,0,90.0
4265,121,5,12977,13124,2,3,11,0.0,對手未過網,未過網,,719.0,391.0,0,0,90.0
4266,121,6,13699,13823,2,4,11,1.0,落地致勝,對手落地致勝,,865.0,526.0,0,0,20.0
4267,121,7,14281,14471,3,4,89,0.0,對手掛網,掛網,,596.0,447.0,0,0,89.0
4268,121,8,15183,15544,3,5,20,1.0,落地致勝,對手落地致勝,,478.0,537.0,0,0,11.0
4269,121,9,16106,16340,4,5,90,0.0,對手出界,出界,,424.0,670.0,0,0,89.0
4270,121,10,17036,17260,5,5,11,0.0,對手掛網,掛網,,441.0,449.0,0,0,89.0
4271,121,11,17896,18086,6,5,11,0.0,落地致勝,對手落地致勝,,667.0,396.0,0,0,89.0
4272,121,12,18759,18996,7,5,11,0.0,對手未過網,未過網,,721.0,371.0,0,0,89.0
4273,121,13,19644,19756,8,5,11,0.0,對手未過網,未過網,,845.0,349.0,0,0,90.0
4274,121,14,20580,20657,8,6,11,1.0,對手出界,出界,,718.0,341.0,0,0,11.0
4275,121,15,21099,21257,9,6,89,0.0,落地致勝,對手落地致勝,,476.0,352.0,0,0,89.0
4276,121,16,22069,22440,10,6,20,0.0,落地致勝,對手落地致勝,,830.0,411.0,0,0,89.0
4277,121,17,23039,23414,10,7,20,1.0,對手出界,出界,,396.0,393.0,0,0,11.0
4278,121,18,24885,25278,11,7,90,0.0,對手未過網,未過網,,630.0,452.0,0,0,89.0
4279,121,19,27302,27598,12,7,11,0.0,落地致勝,對手落地致勝,,819.0,387.0,0,0,89.0
4280,121,20,28320,28537,13,7,11,0.0,對手出界,出界,,942.0,467.0,0,0,89.0
4281,121,21,29147,29298,14,7,11,0.0,對手出界,出界,,963.0,673.0,0,0,89.0
4282,121,22,29918,30001,15,7,11,0.0,對手掛網,掛網,,814.0,452.0,0,0,90.0
4283,121,23,30572,30650,15,8,11,1.0,對手掛網,掛網,,357.0,465.0,0,0,11.0
4284,121,24,31045,31102,15,9,89,1.0,對手出界,出界,,817.0,339.0,0,0,20.0
4285,121,25,31484,31829,16,9,89,0.0,對手出界,出界,,192.0,640.0,0,0,90.0
4286,121,26,32378,33637,16,10,20,1.0,對手掛網,掛網,,483.0,465.0,0,0,11.0
4287,121,27,35227,35267,16,11,90,1.0,對手掛網,掛網,,732.0,460.0,0,0,20.0
4288,121,28,35756,35885,17,11,90,0.0,對手出界,出界,,237.0,643.0,0,0,90.0
4289,121,29,36432,36851,18,11,11,0.0,對手掛網,掛網,,854.0,448.0,0,0,89.0
4290,121,30,37549,37973,19,11,11,0.0,落地致勝,對手落地致勝,,743.0,352.0,0,0,89.0
4291,121,31,38826,39343,20,11,11,0.0,對手出界,出界,,394.0,686.0,0,0,89.0
4292,121,32,40053,40175,21,11,11,0.0,對手掛網,掛網,,754.0,449.0,0,0,89.0
4293,122,1,44264,44468,1,0,11,0.0,對手掛網,掛網,,736.0,459.0,0,0,89.0
4294,122,2,44894,45033,1,1,11,1.0,落地致勝,對手落地致勝,,477.0,351.0,0,0,11.0
4295,122,3,45749,45993,1,2,90,1.0,落地致勝,對手落地致勝,,669.0,416.0,0,0,20.0
4296,122,4,46599,46789,1,3,90,1.0,落地致勝,對手落地致勝,,615.0,407.0,0,0,11.0
4297,122,5,47505,47574,1,4,90,1.0,落地致勝,對手落地致勝,,488.0,365.0,0,0,20.0
4298,122,6,48151,48323,1,5,90,1.0,落地致勝,對手落地致勝,,628.0,376.0,0,0,20.0
4299,122,7,49382,49555,2,5,90,0.0,對手未過網,未過網,,637.0,490.0,0,0,90.0
4300,122,8,50199,50362,3,5,20,0.0,對手掛網,掛網,,555.0,467.0,0,0,90.0
4301,122,9,50923,51073,4,5,20,0.0,對手未過網,未過網,,580.0,443.0,0,0,90.0
4302,122,10,51516,51550,5,5,20,0.0,對手掛網,掛網,,717.0,464.0,0,0,89.0
4303,122,11,51943,52119,6,5,20,0.0,落地致勝,對手落地致勝,,788.0,569.0,0,0,90.0
4304,122,12,52857,52883,6,6,20,1.0,對手掛網,掛網,,685.0,461.0,0,0,20.0
4305,122,13,53294,54001,7,6,89,0.0,對手出界,出界,,952.0,412.0,0,0,90.0
4306,122,14,54912,55805,7,7,11,1.0,對手掛網,掛網,,807.0,448.0,0,0,20.0
4307,122,15,57341,57853,7,8,90,1.0,對手掛網,掛網,,642.0,448.0,0,0,11.0
4308,122,16,58646,58845,8,8,90,0.0,落地致勝,對手落地致勝,,620.0,467.0,0,0,90.0
4309,122,17,59351,59520,8,9,20,1.0,落地致勝,對手落地致勝,,442.0,370.0,0,0,20.0
4310,122,18,60095,60179,9,9,89,0.0,落地致勝,對手落地致勝,,341.0,639.0,0,0,89.0
4311,122,19,60761,61786,10,9,11,0.0,對手掛網,掛網,,636.0,467.0,0,0,90.0
4312,122,20,62781,62955,10,10,11,1.0,對手出界,出界,,822.0,670.0,0,0,20.0
4313,122,21,63549,63760,10,11,90,1.0,對手出界,出界,,245.0,631.0,0,0,11.0
4314,122,22,65941,66882,11,11,90,0.0,對手掛網,掛網,,420.0,461.0,0,0,90.0
4315,122,23,67809,67896,12,11,20,0.0,落地致勝,對手落地致勝,,904.0,482.0,0,0,89.0
4316,122,24,68406,68455,13,11,20,0.0,落地致勝,對手落地致勝,,744.0,623.0,0,0,89.0
4317,122,25,68901,69060,14,11,20,0.0,對手掛網,掛網,,430.0,468.0,0,0,90.0
4318,122,26,69556,69705,14,12,20,1.0,落地致勝,對手落地致勝,,457.0,364.0,0,0,11.0
4319,122,27,70394,70519,14,13,90,,,,,854.0,399.0,0,0,
4320,122,28,71160,71243,14,14,89,1.0,落地致勝,對手落地致勝,,721.0,357.0,0,0,20.0
4321,122,29,71719,71870,15,14,89,0.0,對手掛網,掛網,,507.0,462.0,0,0,89.0
4322,122,30,72695,72811,16,14,11,0.0,對手掛網,掛網,,698.0,465.0,0,0,89.0
4323,122,31,73568,73621,17,14,11,0.0,對手未過網,未過網,,556.0,572.0,0,0,89.0
4324,122,32,74137,75056,17,15,11,1.0,對手掛網,掛網,,702.0,452.0,0,0,20.0
4325,122,33,76091,76462,18,15,90,0.0,對手掛網,掛網,,542.0,462.0,0,0,89.0
4326,122,34,77227,77329,19,15,20,0.0,對手出界,出界,,711.0,338.0,0,0,90.0
4327,122,35,77746,78012,19,16,20,1.0,落地致勝,對手落地致勝,,739.0,379.0,0,0,11.0
4328,122,36,78878,78964,19,17,89,1.0,落地致勝,對手落地致勝,,698.0,393.0,0,0,11.0
4329,122,37,79516,79597,19,18,89,1.0,對手掛網,掛網,,760.0,452.0,0,0,11.0
4330,122,38,80575,80610,20,18,89,0.0,對手出界,出界,,573.0,353.0,0,0,89.0
4331,122,39,81219,81392,21,18,11,0.0,對手出界,出界,,956.0,431.0,0,0,89.0
4332,123,1,9034,9230,1,0,67,0.0,落地致勝,對手落地致勝,,645.0,638.0,0,0,66.0
4333,123,2,10066,10234,1,1,42,1.0,對手掛網,掛網,,572.0,494.0,0,0,43.0
4334,123,3,10956,11249,2,1,66,0.0,對手落點判斷失誤,落點判斷失誤,,475.0,666.0,0,0,67.0
4335,123,4,11978,12463,3,1,43,0.0,落地致勝,對手落地致勝,,412.0,555.0,0,0,66.0
4336,123,5,13186,13466,4,1,43,0.0,落地致勝,對手落地致勝,,966.0,631.0,0,0,66.0
4337,123,6,14361,14407,5,1,43,0.0,對手出界,出界,,888.0,408.0,0,0,67.0
4338,123,7,15929,15979,6,1,43,0.0,對手出界,出界,,894.0,398.0,0,0,66.0
4339,123,8,16446,16546,7,1,43,0.0,落地致勝,對手落地致勝,,871.0,652.0,0,0,66.0
4340,123,9,17082,17167,8,1,43,0.0,對手掛網,掛網,,438.0,505.0,0,0,66.0
4341,123,10,17663,17860,9,1,43,0.0,對手掛網,掛網,,421.0,502.0,0,0,67.0
4342,123,11,18379,18601,10,1,43,0.0,對手出界,出界,,295.0,440.0,0,0,67.0
4343,123,12,19210,19512,10,2,43,1.0,落地致勝,對手落地致勝,,879.0,402.0,0,0,43.0
4344,123,13,20347,20677,10,3,67,1.0,落地致勝,對手落地致勝,,665.0,411.0,0,0,42.0
4345,123,14,21403,21443,10,4,67,1.0,落地致勝,對手落地致勝,,811.0,403.0,0,0,42.0
4346,123,15,22113,22348,10,5,67,1.0,對手出界,出界,,911.0,675.0,0,0,42.0
4347,123,16,22979,23343,11,5,67,0.0,對手掛網,掛網,,855.0,535.0,0,0,67.0
4348,123,17,25843,26011,12,5,42,0.0,對手出界,出界,,298.0,407.0,0,0,66.0
4349,123,18,26567,27041,12,6,42,1.0,對手掛網,掛網,,595.0,488.0,0,0,43.0
4350,123,19,28180,28438,13,6,66,0.0,對手掛網,掛網,,878.0,507.0,0,0,66.0
4351,123,20,29097,29178,14,6,43,0.0,落地致勝,對手落地致勝,,537.0,544.0,0,0,67.0
4352,123,21,29894,29966,15,6,43,0.0,對手未過網,未過網,,959.0,621.0,0,0,66.0
4353,123,22,30410,30603,16,6,43,0.0,對手掛網,掛網,,466.0,503.0,0,0,66.0
4354,123,23,31168,31235,16,7,43,1.0,落地致勝,對手落地致勝,,648.0,396.0,0,0,42.0
4355,123,24,31792,32300,17,7,67,0.0,對手掛網,掛網,,683.0,578.0,0,0,66.0
4356,123,25,33085,33347,17,8,42,1.0,落地致勝,對手落地致勝,,714.0,491.0,0,0,43.0
4357,123,26,34133,34800,18,8,66,0.0,對手掛網,掛網,,464.0,504.0,0,0,66.0
4358,123,27,35522,36074,19,8,43,0.0,對手出界,出界,,800.0,384.0,0,0,67.0
4359,123,28,36656,36720,20,8,43,0.0,對手出界,出界,,915.0,455.0,0,0,67.0
4360,123,29,37205,37660,20,9,43,1.0,對手出界,出界,,328.0,530.0,0,0,42.0
4361,123,30,39251,39299,21,9,67,0.0,落地致勝,對手落地致勝,,347.0,646.0,0,0,66.0
4362,124,1,44092,44239,1,0,42,0.0,落地致勝,對手落地致勝,,784.0,460.0,0,0,66.0
4363,124,2,44730,44993,2,0,42,0.0,對手掛網,掛網,,665.0,485.0,0,0,67.0
4364,124,3,45811,46269,3,0,42,0.0,對手出界,出界,,1145.0,585.0,0,0,66.0
4365,124,4,46902,46902,4,0,42,,,,,0.0,0.0,0,0,
4366,124,5,47898,48261,4,1,42,1.0,落地致勝,對手落地致勝,,573.0,628.0,0,0,43.0
4367,124,6,48980,49171,5,1,67,0.0,落地致勝,對手落地致勝,,702.0,416.0,0,0,66.0
4368,124,7,50875,51249,6,1,43,0.0,對手未過網,未過網,,265.0,476.0,0,0,67.0
4369,124,8,52163,52190,6,2,43,1.0,對手出界,出界,,437.0,462.0,0,0,43.0
4370,124,9,53934,54560,6,3,66,1.0,對手掛網,掛網,,474.0,504.0,0,0,43.0
4371,124,10,55546,56054,7,3,67,0.0,落地致勝,對手落地致勝,,616.0,456.0,0,0,66.0
4372,124,11,56943,57187,7,4,42,1.0,對手未過網,未過網,,889.0,622.0,0,0,43.0
4373,124,12,57972,58465,8,4,67,0.0,對手未過網,未過網,,630.0,488.0,0,0,66.0
4374,124,13,59336,59601,9,4,43,0.0,對手掛網,掛網,,763.0,491.0,0,0,67.0
4375,124,14,60347,60443,9,5,43,1.0,落地致勝,對手落地致勝,,443.0,638.0,0,0,42.0
4376,124,15,61317,61602,9,6,66,1.0,對手掛網,掛網,,531.0,502.0,0,0,43.0
4377,124,16,62540,62773,9,7,66,1.0,落地致勝,對手落地致勝,,371.0,621.0,0,0,42.0
4378,124,17,63802,63802,9,8,66,,,,,0.0,0.0,0,0,
4379,124,18,65131,65255,10,8,66,0.0,落地致勝,對手落地致勝,,765.0,424.0,0,0,66.0
4380,124,19,66061,66203,10,9,42,1.0,對手掛網,掛網,,806.0,504.0,0,0,43.0
4381,124,20,67004,67813,10,10,67,1.0,對手掛網,掛網,,706.0,502.0,0,0,43.0
4382,124,21,68932,69353,11,10,67,0.0,落地致勝,對手落地致勝,,396.0,420.0,0,0,66.0
4383,124,22,72413,72480,12,10,43,0.0,落地致勝,對手落地致勝,,762.0,415.0,0,0,66.0
4384,124,23,73079,73271,13,10,43,0.0,對手掛網,掛網,,580.0,486.0,0,0,66.0
4385,124,24,73895,73995,13,11,43,1.0,對手掛網,掛網,,663.0,503.0,0,0,42.0
4386,124,25,74785,74785,14,11,66,,,,,0.0,0.0,0,0,
4387,124,26,79227,79330,14,12,42,1.0,對手未過網,未過網,,310.0,450.0,0,0,43.0
4388,124,27,80016,80382,15,12,67,0.0,落地致勝,對手落地致勝,,463.0,411.0,0,0,67.0
4389,124,28,81290,81333,15,13,43,1.0,落地致勝,對手落地致勝,,933.0,573.0,0,0,42.0
4390,124,29,82265,82358,15,14,66,1.0,對手出界,出界,,541.0,382.0,0,0,43.0
4391,124,30,83276,83340,16,14,66,0.0,對手掛網,掛網,,662.0,493.0,0,0,66.0
4392,124,31,84047,84643,16,15,42,1.0,對手掛網,掛網,,577.0,501.0,0,0,42.0
4393,124,32,85767,86123,17,15,67,0.0,落地致勝,對手落地致勝,,684.0,396.0,0,0,67.0
4394,124,33,87123,87175,17,16,43,1.0,對手未過網,未過網,,300.0,565.0,0,0,42.0
4395,124,34,88183,88208,18,16,66,0.0,對手掛網,掛網,,705.0,491.0,0,0,66.0
4396,124,35,88956,89253,19,16,42,0.0,落地致勝,對手落地致勝,,657.0,425.0,0,0,66.0
4397,124,36,90238,90435,20,16,42,0.0,對手掛網,掛網,,539.0,493.0,0,0,67.0
4398,124,37,91181,91330,20,17,42,1.0,對手掛網,掛網,,592.0,505.0,0,0,43.0
4399,124,38,91927,92181,21,17,67,0.0,對手掛網,掛網,,888.0,485.0,0,0,67.0
4400,125,1,12453,12642,1,0,59,0.0,對手掛網,掛網,,735.0,487.0,0,0,93.0
4401,125,2,13094,13294,2,0,91,0.0,對手掛網,掛網,,820.0,487.0,0,0,93.0
4402,125,3,13744,13971,3,0,91,0.0,落地致勝,對手落地致勝,,621.0,415.0,0,0,93.0
4403,125,4,14520,14707,3,1,91,1.0,對手掛網,掛網,,695.0,493.0,0,0,91.0
4404,125,5,15287,15375,4,1,92,0.0,落地致勝,對手落地致勝,,478.0,402.0,0,0,93.0
4405,125,6,15883,15982,5,1,59,0.0,對手落點判斷失誤,落點判斷失誤,,737.0,394.0,0,0,93.0
4406,125,7,16453,16624,6,1,59,0.0,對手掛網,掛網,,733.0,484.0,0,0,93.0
4407,125,8,17319,17434,7,1,59,0.0,落地致勝,對手落地致勝,,472.0,414.0,0,0,93.0
4408,125,9,17908,18613,7,2,59,1.0,落地致勝,對手落地致勝,,962.0,667.0,0,0,59.0
4409,125,10,19345,19772,8,2,93,0.0,對手掛網,掛網,,875.0,481.0,0,0,92.0
4410,125,11,20463,20463,9,2,91,,,,,0.0,0.0,0,0,
4411,125,12,20989,21070,10,2,91,0.0,落地致勝,對手落地致勝,,721.0,455.0,0,0,92.0
4412,125,13,21414,21654,11,2,91,0.0,對手掛網,掛網,,400.0,491.0,0,0,93.0
4413,125,14,23695,24035,12,2,91,0.0,落地致勝,對手落地致勝,,860.0,393.0,0,0,92.0
4414,125,15,24464,24692,13,2,91,0.0,落地致勝,對手落地致勝,,728.0,414.0,0,0,92.0
4415,125,16,25217,25266,13,3,91,1.0,對手未過網,未過網,,402.0,503.0,0,0,91.0
4416,125,17,25711,26421,13,4,92,1.0,落地致勝,對手落地致勝,,594.0,616.0,0,0,59.0
4417,125,18,27370,27430,13,5,92,1.0,落地致勝,對手落地致勝,,899.0,521.0,0,0,59.0
4418,125,19,27949,28202,13,6,92,1.0,對手掛網,掛網,,576.0,500.0,0,0,59.0
4419,125,20,28879,28993,13,7,92,1.0,落地致勝,對手落地致勝,,832.0,583.0,0,0,91.0
4420,125,21,29688,29688,13,8,92,,,,,0.0,0.0,0,0,
4421,125,22,30511,30640,14,8,92,0.0,對手掛網,掛網,,818.0,490.0,0,0,92.0
4422,125,23,31323,31381,14,9,59,1.0,對手出界,出界,,391.0,391.0,0,0,91.0
4423,125,24,31856,31921,14,10,93,1.0,落地致勝,對手落地致勝,,992.0,660.0,0,0,59.0
4424,125,25,32416,32601,15,10,93,0.0,落地致勝,對手落地致勝,,505.0,415.0,0,0,93.0
4425,125,26,33139,33210,16,10,91,0.0,落地致勝,對手落地致勝,,769.0,431.0,0,0,92.0
4426,125,27,33608,33740,16,11,91,1.0,對手掛網,掛網,,826.0,503.0,0,0,91.0
4427,125,28,34470,34561,16,12,92,1.0,對手掛網,掛網,,562.0,495.0,0,0,59.0
4428,125,29,35031,35203,17,12,92,0.0,落地致勝,對手落地致勝,,587.0,418.0,0,0,93.0
4429,125,30,35823,36216,18,12,59,0.0,落地致勝,對手落地致勝,,848.0,433.0,0,0,92.0
4430,125,31,36908,36940,18,13,59,1.0,對手出界,出界,,617.0,490.0,0,0,59.0
4431,125,32,37339,37962,19,13,93,0.0,對手出界,出界,,967.0,580.0,0,0,92.0
4432,125,33,39306,39416,19,14,91,1.0,對手掛網,掛網,,555.0,480.0,0,0,91.0
4433,125,34,40023,40204,19,15,92,1.0,落地致勝,對手落地致勝,,343.0,589.0,0,0,59.0
4434,125,35,41230,41706,19,16,92,1.0,對手掛網,掛網,,701.0,503.0,0,0,59.0
4435,125,36,42800,42800,19,17,92,,,,,0.0,0.0,0,0,
4436,125,37,43998,44028,20,17,92,0.0,對手出界,出界,,610.0,521.0,0,0,92.0
4437,125,38,44552,44754,20,18,59,1.0,對手未過網,未過網,,716.0,583.0,0,0,91.0
4438,125,39,45493,46052,20,19,93,1.0,落地致勝,對手落地致勝,,772.0,634.0,0,0,91.0
4439,125,40,47218,47259,21,19,93,0.0,對手未過網,未過網,,819.0,412.0,0,0,93.0
4440,126,1,51777,51824,1,0,59,0.0,對手出界,出界,,384.0,393.0,0,0,93.0
4441,126,2,52201,52965,2,0,59,0.0,落地致勝,對手落地致勝,,939.0,623.0,0,0,92.0
4442,126,3,53945,54048,2,1,59,1.0,對手出界,出界,,751.0,677.0,0,0,59.0
4443,126,4,54627,54680,2,2,92,1.0,落地致勝,對手落地致勝,,749.0,491.0,0,0,91.0
4444,126,5,55099,55183,2,3,92,1.0,對手掛網,掛網,,517.0,486.0,0,0,59.0
4445,126,6,55588,55716,3,3,92,0.0,對手掛網,掛網,,763.0,495.0,0,0,92.0
4446,126,7,56133,56474,3,4,91,1.0,落地致勝,對手落地致勝,,891.0,424.0,0,0,59.0
4447,126,8,57065,57305,4,4,93,0.0,落地致勝,對手落地致勝,,703.0,560.0,0,0,93.0
4448,126,9,57926,57993,5,4,59,0.0,對手掛網,掛網,,625.0,510.0,0,0,93.0
4449,126,10,58416,58492,5,5,59,1.0,對手掛網,掛網,,637.0,488.0,0,0,59.0
4450,126,11,59349,59398,6,5,92,0.0,落地致勝,對手落地致勝,,285.0,602.0,0,0,92.0
4451,126,12,59792,59895,7,5,91,0.0,落地致勝,對手落地致勝,,342.0,668.0,0,0,92.0
4452,126,13,60259,60320,7,6,91,1.0,對手未過網,未過網,,979.0,441.0,0,0,91.0
4453,126,14,61429,61572,8,6,93,0.0,對手掛網,掛網,,807.0,508.0,0,0,93.0
4454,126,15,62143,62878,9,6,59,0.0,落地致勝,對手落地致勝,,857.0,656.0,0,0,93.0
4455,126,16,63951,63951,9,7,59,,,,,0.0,0.0,0,0,
4456,126,17,65132,65198,9,8,92,1.0,對手掛網,掛網,,829.0,484.0,0,0,91.0
4457,126,18,65795,65860,10,8,92,0.0,落地致勝,對手落地致勝,,744.0,587.0,0,0,93.0
4458,126,19,66373,66521,10,9,91,1.0,落地致勝,對手落地致勝,,871.0,403.0,0,0,59.0
4459,126,20,67100,67399,11,9,93,0.0,對手出界,出界,,354.0,477.0,0,0,93.0
4460,126,21,69817,70303,12,9,59,0.0,對手掛網,掛網,,506.0,502.0,0,0,93.0
4461,126,22,71080,71521,12,10,59,1.0,對手落點判斷失誤,落點判斷失誤,,394.0,419.0,0,0,91.0
4462,126,23,72576,72576,13,10,92,,,,,0.0,0.0,0,0,
4463,126,24,73177,73285,13,11,91,1.0,落地致勝,對手落地致勝,,542.0,421.0,0,0,59.0
4464,126,25,73857,73903,14,11,93,0.0,對手出界,出界,,833.0,392.0,0,0,93.0
4465,126,26,74438,74511,15,11,59,0.0,落地致勝,對手落地致勝,,603.0,553.0,0,0,93.0
4466,126,27,74950,75004,15,12,59,1.0,對手出界,出界,,949.0,531.0,0,0,91.0
4467,126,28,75538,75616,15,13,92,1.0,落地致勝,對手落地致勝,,596.0,438.0,0,0,91.0
4468,126,29,76130,76179,15,14,92,1.0,落地致勝,對手落地致勝,,869.0,435.0,0,0,91.0
4469,126,30,76788,76863,15,15,92,1.0,落地致勝,對手落地致勝,,820.0,420.0,0,0,59.0
4470,126,31,77638,78162,16,15,92,0.0,對手掛網,掛網,,490.0,503.0,0,0,93.0
4471,126,32,79567,79863,17,15,91,0.0,落地致勝,對手落地致勝,,576.0,605.0,0,0,93.0
4472,126,33,80882,81063,17,16,91,1.0,對手出界,出界,,615.0,680.0,0,0,91.0
4473,126,34,82413,82587,17,17,93,1.0,對手出界,出界,,411.0,678.0,0,0,59.0
4474,126,35,83194,83252,17,18,93,1.0,落地致勝,對手落地致勝,,636.0,379.0,0,0,59.0
4475,126,36,83816,84015,18,18,93,0.0,對手出界,出界,,649.0,383.0,0,0,93.0
4476,126,37,85224,85273,18,19,59,1.0,落地致勝,對手落地致勝,,624.0,431.0,0,0,59.0
4477,126,38,86197,86423,19,19,92,0.0,落地致勝,對手落地致勝,,874.0,587.0,0,0,92.0
4478,126,39,87239,87239,20,19,91,,,,,0.0,0.0,0,0,
4479,126,40,87964,88256,21,19,91,0.0,落地致勝,對手落地致勝,,393.0,632.0,0,0,92.0
4480,127,1,12346,12813,1,0,23,0.0,對手掛網,掛網,,462.0,474.0,0,0,95.0
4481,127,2,13349,13453,2,0,23,0.0,對手未過網,未過網,,319.0,357.0,0,0,94.0
4482,127,3,13913,14478,2,1,23,1.0,對手掛網,掛網,,707.0,480.0,0,0,60.0
4483,127,4,15093,16503,3,1,95,0.0,對手掛網,掛網,,793.0,466.0,0,0,95.0
4484,127,5,17366,17633,3,2,60,1.0,對手未過網,未過網,,1256.0,582.0,0,0,60.0
4485,127,6,18657,18909,4,2,94,0.0,對手出界,出界,,361.0,682.0,0,0,95.0
4486,127,7,19611,20733,5,2,23,0.0,落地致勝,對手落地致勝,,507.0,374.0,0,0,95.0
4487,127,8,21628,21902,6,2,23,0.0,對手出界,出界,,695.0,680.0,0,0,94.0
4488,127,9,22917,22917,7,2,23,,,,,0.0,0.0,0,0,
4489,127,10,23713,23918,7,3,23,1.0,落地致勝,對手落地致勝,,666.0,592.0,0,0,60.0
4490,127,11,24695,25196,8,3,95,0.0,對手掛網,掛網,,911.0,466.0,0,0,94.0
4491,127,12,25922,26035,8,4,60,1.0,對手出界,出界,,915.0,377.0,0,0,60.0
4492,127,13,26703,27018,8,5,94,1.0,落地致勝,對手落地致勝,,368.0,578.0,0,0,23.0
4493,127,14,28776,29515,8,6,94,1.0,對手掛網,掛網,,713.0,479.0,0,0,23.0
4494,127,15,30854,30930,8,7,94,1.0,對手出界,出界,,734.0,344.0,0,0,60.0
4495,127,16,31485,31545,8,8,94,1.0,對手掛網,掛網,,393.0,486.0,0,0,60.0
4496,127,17,32139,32289,9,8,94,0.0,對手未過網,未過網,,560.0,354.0,0,0,94.0
4497,127,18,33135,33288,10,8,23,0.0,對手掛網,掛網,,470.0,476.0,0,0,95.0
4498,127,19,33974,34284,10,9,23,1.0,落地致勝,對手落地致勝,,281.0,613.0,0,0,60.0
4499,127,20,35109,35224,10,10,95,1.0,對手掛網,掛網,,481.0,478.0,0,0,60.0
4500,127,21,35843,36343,11,10,95,0.0,對手出界,出界,,1007.0,522.0,0,0,94.0
4501,127,22,38960,39007,11,11,60,1.0,對手掛網,掛網,,629.0,474.0,0,0,60.0
4502,127,23,39455,39538,12,11,94,0.0,對手未過網,未過網,,717.0,445.0,0,0,95.0
4503,127,24,40332,40384,12,12,23,1.0,對手出界,出界,,616.0,358.0,0,0,23.0
4504,127,25,41868,42188,13,12,95,0.0,對手出界,出界,,1055.0,637.0,0,0,95.0
4505,127,26,42905,43149,14,12,60,0.0,對手掛網,掛網,,832.0,472.0,0,0,94.0
4506,127,27,43943,44207,15,12,60,0.0,對手落點判斷失誤,落點判斷失誤,,893.0,354.0,0,0,94.0
4507,127,28,45513,45977,16,12,60,0.0,落地致勝,對手落地致勝,,902.0,433.0,0,0,94.0
4508,127,29,46687,46869,17,12,60,0.0,對手落點判斷失誤,落點判斷失誤,,803.0,351.0,0,0,95.0
4509,127,30,47598,47776,18,12,60,0.0,落地致勝,對手落地致勝,,719.0,351.0,0,0,95.0
4510,127,31,48683,48683,19,12,60,,,,,0.0,0.0,0,0,
4511,127,32,50083,50736,20,12,60,0.0,對手出界,出界,,434.0,681.0,0,0,94.0
4512,127,33,52270,52669,20,13,60,1.0,對手出界,出界,,888.0,341.0,0,0,60.0
4513,127,34,53633,54042,21,13,94,0.0,對手掛網,掛網,,714.0,473.0,0,0,94.0
4514,128,1,58715,58805,0,1,23,1.0,對手掛網,掛網,,763.0,469.0,0,0,60.0
4515,128,2,59360,60165,0,2,95,1.0,對手掛網,掛網,,724.0,463.0,0,0,23.0
4516,128,3,61143,61368,1,2,95,0.0,對手出界,出界,,971.0,382.0,0,0,95.0
4517,128,4,62105,62238,2,2,60,0.0,落地致勝,對手落地致勝,,728.0,637.0,0,0,94.0
4518,128,5,62937,63396,3,2,60,0.0,對手未過網,未過網,,498.0,701.0,0,0,95.0
4519,128,6,64388,65044,3,3,60,1.0,對手出界,出界,,905.0,682.0,0,0,60.0
4520,128,7,65943,66019,4,3,94,0.0,對手掛網,掛網,,582.0,482.0,0,0,95.0
4521,128,8,66736,66851,4,4,23,1.0,對手掛網,掛網,,804.0,470.0,0,0,60.0
4522,128,9,67570,68186,5,4,95,0.0,對手出界,出界,,741.0,336.0,0,0,95.0
4523,128,10,69151,69640,6,4,60,0.0,對手出界,出界,,807.0,338.0,0,0,94.0
4524,128,11,70530,70861,6,5,60,1.0,對手掛網,掛網,,753.0,471.0,0,0,60.0
4525,128,12,71769,71849,7,5,94,0.0,對手掛網,掛網,,884.0,478.0,0,0,95.0
4526,128,13,72701,72747,7,6,23,1.0,落地致勝,對手落地致勝,,401.0,381.0,0,0,60.0
4527,128,14,73543,73693,8,6,95,0.0,對手出界,出界,,628.0,342.0,0,0,94.0
4528,128,15,74531,74761,8,7,60,1.0,對手出界,出界,,411.0,683.0,0,0,23.0
4529,128,16,75526,76277,9,7,94,0.0,對手出界,出界,,349.0,388.0,0,0,94.0
4530,128,17,77363,77502,9,8,23,1.0,落地致勝,對手落地致勝,,789.0,428.0,0,0,23.0
4531,128,18,78670,78958,10,8,95,0.0,對手掛網,掛網,,779.0,480.0,0,0,95.0
4532,128,19,79806,79891,10,9,60,1.0,落地致勝,對手落地致勝,,831.0,358.0,0,0,23.0
4533,128,20,80590,81387,11,9,94,0.0,對手掛網,掛網,,610.0,482.0,0,0,94.0
4534,128,21,84246,84786,12,9,23,0.0,落地致勝,對手落地致勝,,989.0,599.0,0,0,95.0
4535,128,22,85835,86189,12,10,23,1.0,對手掛網,掛網,,691.0,470.0,0,0,60.0
4536,128,23,87089,88249,13,10,95,0.0,對手出界,出界,,371.0,350.0,0,0,95.0
4537,128,24,89883,90222,13,11,60,1.0,落地致勝,對手落地致勝,,843.0,372.0,0,0,23.0
4538,128,25,91180,91982,13,12,94,1.0,對手掛網,掛網,,857.0,470.0,0,0,23.0
4539,128,26,93415,93480,14,12,94,0.0,落地致勝,對手落地致勝,,622.0,656.0,0,0,95.0
4540,128,27,94316,94455,14,13,23,1.0,對手未過網,未過網,,1112.0,344.0,0,0,23.0
4541,128,28,96037,96314,14,14,95,1.0,對手出界,出界,,1095.0,664.0,0,0,60.0
4542,128,29,97150,97194,14,15,95,1.0,對手掛網,掛網,,718.0,462.0,0,0,23.0
4543,128,30,97814,98216,15,15,95,0.0,對手出界,出界,,317.0,398.0,0,0,94.0
4544,128,31,99112,99438,16,15,60,,,,,0.0,0.0,0,0,
4545,128,32,100336,100999,16,16,60,1.0,對手掛網,掛網,,370.0,468.0,0,0,60.0
4546,128,33,102007,102126,17,16,94,0.0,對手掛網,掛網,,794.0,479.0,0,0,94.0
4547,128,34,103092,103317,17,17,23,1.0,落地致勝,對手落地致勝,,702.0,377.0,0,0,23.0
4548,128,35,104341,105832,18,17,95,0.0,對手出界,出界,,158.0,385.0,0,0,95.0
4549,128,36,107801,108674,19,17,60,0.0,落地致勝,對手落地致勝,,913.0,514.0,0,0,95.0
4550,128,37,109981,110253,19,18,60,1.0,對手未過網,未過網,,378.0,455.0,0,0,60.0
4551,128,38,111337,111436,20,18,94,0.0,對手掛網,掛網,,870.0,484.0,0,0,94.0
4552,128,39,112730,112867,20,19,23,1.0,對手未過網,未過網,,941.0,463.0,0,0,60.0
4553,128,40,113893,114157,20,20,95,1.0,對手出界,出界,,242.0,654.0,0,0,60.0
4554,128,41,115972,116590,21,20,95,0.0,對手掛網,掛網,,546.0,479.0,0,0,94.0
4555,128,42,117779,119053,21,21,60,1.0,對手未過網,未過網,,261.0,387.0,0,0,60.0
4556,128,43,120701,120980,22,21,94,0.0,對手出界,出界,,995.0,388.0,0,0,95.0
4557,128,44,122226,122470,23,21,23,0.0,對手出界,出界,,936.0,362.0,0,0,95.0
4558,129,1,10253,10326,1,0,85,0.0,對手掛網,掛網,,641.0,480.0,0,0,86.0
4559,129,2,10730,11635,2,0,91,0.0,對手未過網,未過網,,362.0,519.0,0,0,86.0
4560,129,3,12965,13186,3,0,91,0.0,對手出界,出界,,424.0,336.0,0,0,85.0
4561,129,4,13762,13886,4,0,91,0.0,落地致勝,對手落地致勝,,405.0,657.0,0,0,86.0
4562,129,5,14559,14914,5,0,91,0.0,落地致勝,對手落地致勝,,855.0,540.0,0,0,85.0
4563,129,6,15732,15764,6,0,91,0.0,對手掛網,掛網,,623.0,473.0,0,0,86.0
4564,129,7,16355,16392,6,1,91,1.0,落地致勝,對手落地致勝,,489.0,429.0,0,0,91.0
4565,129,8,16839,16883,6,2,86,1.0,對手出界,出界,,329.0,547.0,0,0,59.0
4566,129,9,17319,17402,6,3,85,1.0,對手出界,出界,,347.0,536.0,0,0,59.0
4567,129,10,17824,17870,7,3,86,0.0,對手未過網,未過網,,745.0,479.0,0,0,85.0
4568,129,11,18372,18685,7,4,59,1.0,對手出界,出界,,301.0,615.0,0,0,59.0
4569,129,12,19325,19445,7,5,85,1.0,對手落點判斷失誤,落點判斷失誤,,402.0,345.0,0,0,59.0
4570,129,13,20051,20110,7,6,85,1.0,落地致勝,對手落地致勝,,873.0,355.0,0,0,91.0
4571,129,14,20632,20733,7,7,85,1.0,對手未過網,未過網,,538.0,469.0,0,0,91.0
4572,129,15,21231,21379,7,8,85,1.0,落地致勝,對手落地致勝,,662.0,353.0,0,0,59.0
4573,129,16,22081,22114,8,8,85,0.0,落地致勝,對手落地致勝,,814.0,500.0,0,0,85.0
4574,129,17,22650,22823,9,8,91,0.0,對手出界,出界,,459.0,335.0,0,0,86.0
4575,129,18,23324,23538,10,8,91,0.0,對手未過網,未過網,,782.0,466.0,0,0,85.0
4576,129,19,24183,24412,10,9,91,1.0,落地致勝,對手落地致勝,,527.0,391.0,0,0,59.0
4577,129,20,25065,25229,10,10,86,1.0,對手出界,出界,,270.0,645.0,0,0,91.0
4578,129,21,25774,26069,11,10,86,0.0,對手掛網,掛網,,676.0,478.0,0,0,86.0
4579,129,22,28373,28708,12,10,59,0.0,對手掛網,掛網,,759.0,460.0,0,0,86.0
4580,129,23,29496,29530,12,11,59,1.0,落地致勝,對手落地致勝,,754.0,484.0,0,0,59.0
4581,129,24,30121,30314,12,12,85,1.0,對手掛網,掛網,,705.0,467.0,0,0,91.0
4582,129,25,30851,30962,13,12,85,0.0,對手出界,出界,,905.0,379.0,0,0,85.0
4583,129,26,31451,31523,14,12,91,0.0,對手掛網,掛網,,578.0,476.0,0,0,85.0
4584,129,27,32115,32203,14,13,91,1.0,對手落點判斷失誤,落點判斷失誤,,375.0,427.0,0,0,91.0
4585,129,28,33552,33788,15,13,86,0.0,對手出界,出界,,603.0,330.0,0,0,85.0
4586,129,29,34488,34769,15,14,91,1.0,落地致勝,對手落地致勝,,850.0,442.0,0,0,91.0
4587,129,30,35746,36372,16,14,85,0.0,對手出界,出界,,393.0,357.0,0,0,85.0
4588,129,31,37310,37423,17,14,91,0.0,對手未過網,未過網,,737.0,484.0,0,0,86.0
4589,129,32,38167,38197,17,15,91,1.0,對手出界,出界,,464.0,528.0,0,0,91.0
4590,129,33,38752,38960,18,15,86,0.0,對手掛網,掛網,,813.0,486.0,0,0,85.0
4591,129,34,39652,39666,18,16,59,1.0,對手犯規,犯規,,647.0,507.0,0,0,59.0
4592,129,35,41533,42758,18,17,85,1.0,對手未過網,未過網,,763.0,376.0,0,0,59.0
4593,129,36,44562,44722,19,17,85,0.0,對手掛網,掛網,,682.0,475.0,0,0,85.0
4594,129,37,45388,45447,20,17,59,0.0,對手掛網,掛網,,515.0,483.0,0,0,85.0
4595,129,38,46009,46423,21,17,91,0.0,對手未過網,未過網,,513.0,502.0,0,0,86.0
4596,130,1,50366,50567,0,1,91,1.0,對手未過網,未過網,,583.0,421.0,0,0,59.0
4597,130,2,51273,51377,1,1,86,0.0,落地致勝,對手落地致勝,,660.0,429.0,0,0,86.0
4598,130,3,51898,51968,2,1,59,0.0,落地致勝,對手落地致勝,,494.0,346.0,0,0,85.0
4599,130,4,52474,52770,3,1,91,0.0,落地致勝,對手落地致勝,,463.0,385.0,0,0,85.0
4600,130,5,53571,53636,3,2,91,1.0,對手出界,出界,,924.0,342.0,0,0,91.0
4601,130,6,54011,54065,3,3,86,1.0,對手落點判斷失誤,落點判斷失誤,,0.0,0.0,0,0,91.0
4602,130,7,54592,54711,3,4,85,1.0,對手掛網,掛網,,608.0,477.0,0,0,59.0
4603,130,8,55374,55670,3,5,85,1.0,對手落點判斷失誤,落點判斷失誤,,958.0,649.0,0,0,91.0
4604,130,9,56346,56632,3,6,85,1.0,落地致勝,對手落地致勝,,527.0,621.0,0,0,59.0
4605,130,10,57401,57557,4,6,85,0.0,對手掛網,掛網,,683.0,466.0,0,0,86.0
4606,130,11,58249,58292,5,6,91,0.0,對手出界,出界,,963.0,643.0,0,0,85.0
4607,130,12,59668,59997,6,6,91,0.0,對手未過網,未過網,,295.0,346.0,0,0,86.0
4608,130,13,60784,60947,6,7,91,1.0,對手掛網,掛網,,786.0,486.0,0,0,59.0
4609,130,14,61476,61902,7,7,86,0.0,落地致勝,對手落地致勝,,466.0,378.0,0,0,85.0
4610,130,15,63210,63362,8,7,59,0.0,對手掛網,掛網,,750.0,472.0,0,0,86.0
4611,130,16,64338,64448,9,7,59,0.0,對手落點判斷失誤,落點判斷失誤,,792.0,340.0,0,0,86.0
4612,130,17,65209,65386,10,7,59,0.0,對手出界,出界,,486.0,671.0,0,0,85.0
4613,130,18,66000,66316,10,8,59,1.0,落地致勝,對手落地致勝,,618.0,511.0,0,0,91.0
4614,130,19,67148,67316,11,8,85,0.0,對手出界,出界,,996.0,557.0,0,0,85.0
4615,130,20,69500,69588,11,9,91,1.0,對手掛網,掛網,,679.0,475.0,0,0,91.0
4616,130,21,70068,70383,12,9,86,0.0,對手掛網,掛網,,622.0,464.0,0,0,85.0
4617,130,22,71092,71760,13,9,59,0.0,落地致勝,對手落地致勝,,394.0,428.0,0,0,85.0
4618,130,23,72706,72989,13,10,59,1.0,對手掛網,掛網,,727.0,479.0,0,0,59.0
4619,130,24,73731,73950,14,10,85,0.0,對手落點判斷失誤,落點判斷失誤,,542.0,339.0,0,0,86.0
4620,130,25,74717,74880,15,10,91,0.0,對手出界,出界,,402.0,683.0,0,0,86.0
4621,130,26,75556,75609,15,11,91,1.0,落地致勝,對手落地致勝,,496.0,574.0,0,0,91.0
4622,130,27,76381,76837,16,11,86,0.0,落地致勝,對手落地致勝,,832.0,372.0,0,0,85.0
4623,130,28,78073,78139,17,11,59,0.0,對手掛網,掛網,,570.0,476.0,0,0,85.0
4624,130,29,78694,78773,17,12,59,1.0,對手出界,出界,,490.0,325.0,0,0,91.0
4625,130,30,79284,79328,18,12,85,0.0,對手出界,出界,,893.0,659.0,0,0,85.0
4626,130,31,80035,80150,18,13,91,1.0,對手未過網,未過網,,311.0,464.0,0,0,59.0
4627,130,32,80755,80797,18,14,85,1.0,對手落點判斷失誤,落點判斷失誤,,628.0,640.0,0,0,59.0
4628,130,33,81306,81545,19,14,86,0.0,對手出界,出界,,786.0,685.0,0,0,86.0
4629,130,34,82199,82813,20,14,59,0.0,對手出界,出界,,836.0,681.0,0,0,86.0
4630,130,35,83516,83654,20,15,59,1.0,落地致勝,對手落地致勝,,662.0,489.0,0,0,59.0
4631,130,36,84343,84504,20,16,85,1.0,落地致勝,對手落地致勝,,816.0,565.0,0,0,59.0
4632,130,37,85100,85248,21,16,85,0.0,落地致勝,對手落地致勝,,603.0,379.0,0,0,85.0
4705,133,1,23637,23847,0,1,80,1.0,對手出界,出界,,385.0,380.0,0,0,97.0
4706,133,2,24322,24642,1,1,79,0.0,對手掛網,掛網,,411.0,453.0,0,0,79.0
4707,133,3,25141,25235,2,1,97,0.0,對手出界,出界,,809.0,679.0,0,0,80.0
4708,133,4,25623,25868,3,1,97,0.0,落地致勝,對手落地致勝,,679.0,374.0,0,0,80.0
4709,133,5,26583,26751,4,1,97,0.0,對手掛網,掛網,,851.0,463.0,0,0,79.0
4710,133,6,27219,27368,5,1,97,0.0,對手出界,出界,,944.0,562.0,0,0,80.0
4711,133,7,27915,28127,5,2,97,1.0,落地致勝,對手落地致勝,,365.0,622.0,0,0,97.0
4712,133,8,28683,28763,6,2,80,0.0,對手掛網,掛網,,449.0,459.0,0,0,79.0
4713,133,9,29216,29306,7,2,70,0.0,對手出界,出界,,950.0,536.0,0,0,80.0
4714,133,10,29818,29971,7,3,70,1.0,落地致勝,對手落地致勝,,433.0,647.0,0,0,70.0
4715,133,11,30562,30796,7,4,79,1.0,對手掛網,掛網,,781.0,485.0,0,0,97.0
4716,133,12,31412,31667,7,5,79,,,,,648.0,537.0,0,0,
4717,133,13,32250,32369,8,5,79,0.0,落地致勝,對手落地致勝,,436.0,372.0,0,0,79.0
4718,133,14,32894,32987,8,6,97,1.0,對手未過網,未過網,,809.0,528.0,0,0,97.0
4719,133,15,33604,33694,9,6,80,0.0,對手掛網,掛網,,711.0,468.0,0,0,79.0
4720,133,16,34372,34499,10,6,70,0.0,對手掛網,掛網,,729.0,465.0,0,0,79.0
4721,133,17,34984,35125,10,7,70,1.0,對手未過網,未過網,,423.0,551.0,0,0,70.0
4722,133,18,35666,35875,11,7,79,0.0,對手掛網,掛網,,419.0,467.0,0,0,80.0
4723,133,19,38103,38128,12,7,97,0.0,對手掛網,掛網,,717.0,468.0,0,0,79.0
4724,133,20,38479,38505,12,8,97,,,,,627.0,486.0,0,0,
4725,133,21,38858,38906,13,8,80,0.0,對手未過網,未過網,,807.0,432.0,0,0,80.0
4726,133,22,39325,39364,13,9,70,1.0,落地致勝,對手落地致勝,,369.0,605.0,0,0,70.0
4727,133,23,39907,39958,13,10,80,1.0,對手未過網,未過網,,578.0,455.0,0,0,70.0
4728,133,24,40309,40433,13,11,80,1.0,對手掛網,掛網,,492.0,488.0,0,0,97.0
4729,133,25,41044,41286,14,11,79,0.0,對手未過網,未過網,,515.0,422.0,0,0,80.0
4730,133,26,42131,42400,14,12,97,1.0,對手掛網,掛網,,653.0,481.0,0,0,70.0
4731,133,27,43023,43136,14,13,80,1.0,落地致勝,對手落地致勝,,898.0,617.0,0,0,70.0
4732,133,28,43717,43749,15,13,80,0.0,落地致勝,對手落地致勝,,406.0,411.0,0,0,79.0
4733,133,29,44245,44513,16,13,70,0.0,對手未過網,未過網,,634.0,358.0,0,0,79.0
4734,133,30,45437,45562,17,13,70,0.0,落地致勝,對手落地致勝,,648.0,358.0,0,0,79.0
4735,133,31,46357,46621,18,13,70,0.0,落地致勝,對手落地致勝,,852.0,359.0,0,0,80.0
4736,133,32,47320,47514,18,14,70,1.0,落地致勝,對手落地致勝,,937.0,591.0,0,0,97.0
4737,133,33,48281,48421,19,14,79,0.0,對手未過網,未過網,,368.0,476.0,0,0,79.0
4738,133,34,49027,49532,19,15,97,1.0,落地致勝,對手落地致勝,,867.0,660.0,0,0,70.0
4739,133,35,50637,50889,19,16,80,1.0,對手掛網,掛網,,407.0,481.0,0,0,70.0
4740,133,36,51614,51676,20,16,80,0.0,落地致勝,對手落地致勝,,728.0,367.0,0,0,79.0
4741,133,37,52419,52655,21,16,70,0.0,對手未過網,未過網,,149.0,434.0,0,0,79.0
4742,134,1,56744,56954,1,0,97,0.0,對手出界,出界,,569.0,327.0,0,0,80.0
4743,134,2,58000,58221,2,0,97,0.0,對手出界,出界,,342.0,338.0,0,0,79.0
4744,134,3,58735,58773,2,1,97,1.0,對手掛網,掛網,,777.0,469.0,0,0,70.0
4745,134,4,59311,59661,2,2,79,1.0,對手出界,出界,,995.0,527.0,0,0,97.0
4746,134,5,60349,60429,3,2,79,0.0,落地致勝,對手落地致勝,,538.0,505.0,0,0,80.0
4747,134,6,61075,61155,4,2,70,0.0,落地致勝,對手落地致勝,,328.0,656.0,0,0,79.0
4748,134,7,61693,61994,5,2,70,0.0,對手掛網,掛網,,595.0,490.0,0,0,79.0
4749,134,8,62559,62649,5,3,70,1.0,對手掛網,掛網,,588.0,464.0,0,0,70.0
4750,134,9,63128,63271,6,3,80,0.0,對手未過網,未過網,,833.0,520.0,0,0,80.0
4751,134,10,63946,63979,7,3,97,0.0,對手掛網,掛網,,734.0,483.0,0,0,79.0
4752,134,11,64456,65133,8,3,97,0.0,對手掛網,掛網,,443.0,477.0,0,0,79.0
4753,134,12,66247,66582,9,3,97,0.0,對手掛網,掛網,,620.0,481.0,0,0,79.0
4754,134,13,67406,67474,10,3,97,0.0,落地致勝,對手落地致勝,,469.0,656.0,0,0,80.0
4755,134,14,68153,68300,11,3,97,0.0,對手掛網,掛網,,494.0,474.0,0,0,80.0
4756,134,15,70414,70519,11,4,97,1.0,對手掛網,掛網,,665.0,467.0,0,0,97.0
4757,134,16,71162,71201,11,5,79,1.0,對手掛網,掛網,,596.0,474.0,0,0,70.0
4758,134,17,71639,71779,12,5,79,0.0,對手出界,出界,,886.0,364.0,0,0,79.0
4759,134,18,72295,73057,13,5,70,0.0,對手出界,出界,,357.0,344.0,0,0,79.0
4760,134,19,74159,74256,14,5,70,0.0,對手出界,出界,,373.0,386.0,0,0,80.0
4761,134,20,74774,74865,15,5,97,0.0,對手掛網,掛網,,864.0,480.0,0,0,79.0
4762,134,21,75463,75589,16,5,70,0.0,落地致勝,對手落地致勝,,483.0,589.0,0,0,80.0
4763,134,22,76205,76268,17,5,70,0.0,對手出界,出界,,330.0,351.0,0,0,80.0
4764,134,23,76703,76949,18,5,70,0.0,落地致勝,對手落地致勝,,368.0,601.0,0,0,79.0
4765,134,24,77816,77924,18,6,70,1.0,對手出界,出界,,605.0,675.0,0,0,70.0
4766,134,25,79420,79497,18,7,80,1.0,對手出界,出界,,1031.0,517.0,0,0,97.0
4767,134,26,79898,80130,19,7,80,0.0,落地致勝,對手落地致勝,,513.0,603.0,0,0,79.0
4768,134,27,80695,80997,19,8,97,1.0,對手掛網,掛網,,410.0,459.0,0,0,97.0
4769,134,28,81685,81806,20,8,79,0.0,落地致勝,對手落地致勝,,439.0,600.0,0,0,80.0
4770,134,29,82448,82787,20,9,70,1.0,對手出界,出界,,908.0,374.0,0,0,97.0
4771,134,30,83714,83856,21,9,80,0.0,落地致勝,對手落地致勝,,414.0,534.0,0,0,79.0
4845,137,1,13873,14054,1,0,52,0.0,落地致勝,對手落地致勝,,488.0,418.0,0,0,53.0
4846,137,2,14455,14485,1,1,98,1.0,對手出界,出界,,654.0,445.0,0,0,98.0
4847,137,3,14828,15084,2,1,53,0.0,落地致勝,對手落地致勝,,783.0,366.0,0,0,52.0
4848,137,4,15842,15940,3,1,16,0.0,對手出界,出界,,1088.0,611.0,0,0,53.0
4849,137,5,16419,16597,4,1,16,0.0,落地致勝,對手落地致勝,,853.0,385.0,0,0,52.0
4850,137,6,17209,17488,5,1,16,0.0,落地致勝,對手落地致勝,,726.0,386.0,0,0,52.0
4851,137,7,18085,18137,6,1,16,0.0,落地致勝,對手落地致勝,,920.0,455.0,0,0,53.0
4852,137,8,18698,18741,7,1,16,0.0,對手出界,出界,,528.0,671.0,0,0,52.0
4853,137,9,19224,19224,8,1,16,,,,,0.0,0.0,0,0,
4854,137,10,20271,20472,9,1,16,0.0,落地致勝,對手落地致勝,,523.0,375.0,0,0,53.0
4855,137,11,21170,21208,9,2,16,1.0,落地致勝,對手落地致勝,,363.0,658.0,0,0,98.0
4856,137,12,22009,22207,10,2,52,0.0,對手出界,出界,,1026.0,634.0,0,0,52.0
4857,137,13,22609,22663,11,2,98,0.0,對手掛網,掛網,,632.0,462.0,0,0,52.0
4858,137,14,24533,24566,11,3,98,1.0,落地致勝,對手落地致勝,,687.0,657.0,0,0,98.0
4859,137,15,25381,25606,12,3,53,0.0,對手出界,出界,,906.0,686.0,0,0,52.0
4860,137,16,26187,26377,12,4,16,1.0,對手掛網,掛網,,783.0,479.0,0,0,98.0
4861,137,17,26872,27021,12,5,52,1.0,對手掛網,掛網,,556.0,481.0,0,0,98.0
4862,137,18,27706,27796,13,5,52,0.0,對手掛網,掛網,,538.0,447.0,0,0,53.0
4863,137,19,28189,28189,13,6,98,,,,,0.0,0.0,0,0,
4864,137,20,28623,28749,13,7,53,1.0,對手未過網,未過網,,964.0,630.0,0,0,98.0
4865,137,21,29194,29350,13,8,53,1.0,落地致勝,對手落地致勝,,951.0,576.0,0,0,16.0
4866,137,22,30031,30094,14,8,53,0.0,對手出界,出界,,1012.0,568.0,0,0,52.0
4867,137,23,30615,30644,15,8,16,0.0,對手落點判斷失誤,落點判斷失誤,,393.0,423.0,0,0,53.0
4868,137,24,31092,31279,16,8,16,0.0,對手掛網,掛網,,924.0,418.0,0,0,52.0
4869,137,25,31780,31822,16,9,16,1.0,對手出界,出界,,417.0,352.0,0,0,16.0
4870,137,26,32187,32228,16,10,52,1.0,對手掛網,掛網,,817.0,483.0,0,0,98.0
4871,137,27,32647,32691,16,11,52,1.0,對手出界,出界,,953.0,413.0,0,0,16.0
4872,137,28,33167,33167,16,12,52,,,,,0.0,0.0,0,0,
4873,137,29,33951,33985,16,13,52,1.0,對手掛網,掛網,,802.0,466.0,0,0,16.0
4874,137,30,34437,34491,17,13,52,0.0,對手掛網,掛網,,625.0,457.0,0,0,52.0
4875,137,31,34855,34953,18,13,98,0.0,落地致勝,對手落地致勝,,707.0,356.0,0,0,53.0
4876,137,32,36548,36762,18,14,98,1.0,對手掛網,掛網,,499.0,473.0,0,0,16.0
4877,137,33,37693,37758,19,14,53,0.0,落地致勝,對手落地致勝,,420.0,357.0,0,0,52.0
4878,137,34,38376,38550,20,14,16,0.0,對手掛網,掛網,,455.0,457.0,0,0,52.0
4879,137,35,39248,39503,20,15,16,1.0,對手掛網,掛網,,847.0,479.0,0,0,16.0
4880,137,36,40018,40116,21,15,52,0.0,對手未過網,未過網,,812.0,408.0,0,0,52.0
4881,138,1,44064,44326,1,0,98,0.0,對手落點判斷失誤,落點判斷失誤,,593.0,658.0,0,0,52.0
4882,138,2,44728,44924,1,1,98,1.0,對手掛網,掛網,,443.0,457.0,0,0,16.0
4883,138,3,45607,45816,2,1,52,0.0,對手出界,出界,,978.0,417.0,0,0,52.0
4884,138,4,46471,46812,3,1,16,0.0,對手掛網,掛網,,502.0,472.0,0,0,53.0
4885,138,5,47602,47689,4,1,16,0.0,對手掛網,掛網,,675.0,473.0,0,0,53.0
4886,138,6,48237,48391,4,2,16,1.0,對手掛網,掛網,,427.0,456.0,0,0,16.0
4887,138,7,48998,49408,5,2,53,0.0,落地致勝,對手落地致勝,,895.0,593.0,0,0,53.0
4888,138,8,50137,50209,6,2,98,0.0,對手出界,出界,,500.0,346.0,0,0,53.0
4889,138,9,51594,52206,7,2,98,0.0,對手掛網,掛網,,443.0,477.0,0,0,52.0
4890,138,10,52906,53544,7,3,98,,,,,0.0,0.0,0,0,
4891,138,11,54491,54583,8,3,52,0.0,對手掛網,掛網,,754.0,476.0,0,0,53.0
4892,138,12,55177,55591,8,4,16,1.0,落地致勝,對手落地致勝,,495.0,409.0,0,0,98.0
4893,138,13,56380,56484,8,5,53,1.0,落地致勝,對手落地致勝,,765.0,380.0,0,0,98.0
4894,138,14,57216,57320,9,5,53,0.0,落地致勝,對手落地致勝,,818.0,575.0,0,0,53.0
4895,138,15,58700,58774,9,6,98,1.0,對手出界,出界,,245.0,593.0,0,0,16.0
4896,138,16,59260,59370,10,6,52,0.0,對手出界,出界,,890.0,360.0,0,0,52.0
4897,138,17,59984,60060,11,6,16,0.0,對手掛網,掛網,,843.0,475.0,0,0,53.0
4898,138,18,62173,62199,11,7,16,1.0,對手掛網,掛網,,638.0,458.0,0,0,16.0
4899,138,19,62601,62601,12,7,53,,,,,0.0,0.0,0,0,
4900,138,20,63233,63528,13,7,98,0.0,對手未過網,未過網,,474.0,502.0,0,0,53.0
4901,138,21,64168,64365,14,7,98,0.0,對手出界,出界,,544.0,344.0,0,0,53.0
4902,138,22,64899,64993,15,7,98,0.0,落地致勝,對手落地致勝,,339.0,616.0,0,0,53.0
4903,138,23,65713,65793,15,8,98,1.0,落地致勝,對手落地致勝,,709.0,382.0,0,0,16.0
4904,138,24,66550,66614,16,8,52,0.0,對手未過網,未過網,,654.0,421.0,0,0,53.0
4905,138,25,67135,67278,17,8,16,0.0,對手出界,出界,,462.0,339.0,0,0,53.0
4906,138,26,67788,67828,18,8,16,0.0,落地致勝,對手落地致勝,,349.0,603.0,0,0,53.0
4907,138,27,68296,68382,18,9,16,1.0,對手掛網,掛網,,695.0,462.0,0,0,98.0
4908,138,28,69553,69760,19,9,53,0.0,落地致勝,對手落地致勝,,930.0,612.0,0,0,52.0
4909,138,29,70257,70329,19,10,98,1.0,對手掛網,掛網,,674.0,454.0,0,0,98.0
4910,138,30,70851,70927,19,11,52,1.0,對手出界,出界,,129.0,491.0,0,0,16.0
4911,138,31,71338,71338,19,12,52,,,,,0.0,0.0,0,0,
4912,138,32,73268,73415,20,12,52,0.0,對手出界,出界,,936.0,433.0,0,0,53.0
4913,138,33,74012,74391,20,13,16,1.0,對手掛網,掛網,,721.0,463.0,0,0,16.0
4914,138,34,75147,75214,20,14,53,1.0,對手掛網,掛網,,813.0,463.0,0,0,98.0
4915,138,35,75897,76312,21,14,53,0.0,對手掛網,掛網,,432.0,465.0,0,0,53.0
4916,139,1,12698,12990,1,0,98,0.0,對手出界,出界,,1042.0,555.0,0,0,18.0
4917,139,2,13365,13559,2,0,98,0.0,落地致勝,對手落地致勝,,885.0,382.0,0,0,18.0
4918,139,3,14034,14050,2,1,98,1.0,對手犯規,犯規,,561.0,452.0,0,0,98.0
4919,139,4,14609,14708,3,1,19,,,,,1046.0,653.0,0,0,
4920,139,5,15179,15256,4,1,16,0.0,對手出界,出界,,421.0,679.0,0,0,18.0
4921,139,6,15762,15807,4,2,16,1.0,對手掛網,掛網,,458.0,481.0,0,0,98.0
4922,139,7,16313,16525,5,2,18,0.0,落地致勝,對手落地致勝,,590.0,386.0,0,0,19.0
4923,139,8,17134,17163,6,2,98,0.0,對手掛網,掛網,,642.0,467.0,0,0,19.0
4924,139,9,17516,17577,6,3,98,1.0,落地致勝,對手落地致勝,,774.0,546.0,0,0,16.0
4925,139,10,18084,18360,7,3,19,0.0,對手掛網,掛網,,729.0,470.0,0,0,19.0
4926,139,11,19041,19125,7,4,16,1.0,對手出界,出界,,950.0,411.0,0,0,16.0
4927,139,12,19582,19648,8,4,18,0.0,對手未過網,未過網,,548.0,459.0,0,0,19.0
4928,139,13,20070,20098,8,5,98,,,,,0.0,0.0,0,0,
4929,139,14,20555,20601,9,5,19,,,,,0.0,0.0,0,0,
4930,139,15,21242,21375,9,6,16,1.0,對手出界,出界,,998.0,425.0,0,0,98.0
4931,139,16,21868,22004,10,6,18,0.0,落地致勝,對手落地致勝,,855.0,385.0,0,0,18.0
4932,139,17,22726,22785,10,7,98,1.0,對手出界,出界,,350.0,375.0,0,0,98.0
4933,139,18,23266,23419,10,8,19,1.0,對手掛網,掛網,,544.0,479.0,0,0,98.0
4934,139,19,23848,23890,11,8,19,0.0,落地致勝,對手落地致勝,,663.0,422.0,0,0,19.0
4935,139,20,25856,25895,11,9,16,1.0,落地致勝,對手落地致勝,,800.0,522.0,0,0,16.0
4936,139,21,26370,26543,12,9,18,0.0,對手出界,出界,,423.0,680.0,0,0,18.0
4937,139,22,27000,27388,12,10,98,1.0,對手未過網,未過網,,829.0,474.0,0,0,16.0
4938,139,23,28166,28389,12,11,19,1.0,對手出界,出界,,433.0,344.0,0,0,16.0
4939,139,24,28974,29189,12,12,19,1.0,對手出界,出界,,858.0,346.0,0,0,98.0
4940,139,25,29748,30293,12,13,19,1.0,落地致勝,對手落地致勝,,443.0,645.0,0,0,98.0
4941,139,26,31662,31788,12,14,19,1.0,對手掛網,掛網,,668.0,478.0,0,0,98.0
4942,139,27,32245,32346,13,14,19,0.0,對手出界,出界,,1122.0,606.0,0,0,19.0
4943,139,28,32896,32963,13,15,16,1.0,落地致勝,對手落地致勝,,480.0,657.0,0,0,98.0
4944,139,29,33462,33530,14,15,18,0.0,落地致勝,對手落地致勝,,469.0,361.0,0,0,18.0
4945,139,30,34012,34067,15,15,98,0.0,對手掛網,掛網,,868.0,473.0,0,0,18.0
4946,139,31,34480,34609,16,15,98,,,,,0.0,0.0,0,0,
4947,139,32,35088,35088,16,16,98,,,,,0.0,0.0,0,0,
4948,139,33,35789,35984,17,16,19,0.0,對手出界,出界,,1039.0,651.0,0,0,19.0
4949,139,34,36613,36648,18,16,16,0.0,對手掛網,掛網,,657.0,468.0,0,0,18.0
4950,139,35,37305,37696,18,17,16,1.0,對手出界,出界,,477.0,346.0,0,0,98.0
4951,139,36,38543,38656,19,17,18,0.0,對手出界,出界,,1109.0,682.0,0,0,18.0
4952,139,37,39144,39199,19,18,98,1.0,對手掛網,掛網,,581.0,479.0,0,0,98.0
4953,139,38,39900,40102,20,18,19,,,,,0.0,0.0,0,0,
4954,139,39,41165,41235,20,19,16,1.0,對手出界,出界,,332.0,373.0,0,0,98.0
4955,139,40,41969,42028,21,19,18,0.0,對手出界,出界,,1077.0,630.0,0,0,18.0
4956,140,1,45985,46041,0,1,98,1.0,落地致勝,對手落地致勝,,764.0,367.0,0,0,98.0
4957,140,2,46455,46584,0,2,19,1.0,對手出界,出界,,1025.0,610.0,0,0,98.0
4958,140,3,46919,46979,1,2,19,0.0,對手出界,出界,,936.0,379.0,0,0,19.0
4959,140,4,47399,47547,1,3,16,1.0,對手掛網,掛網,,686.0,463.0,0,0,98.0
4960,140,5,48042,48113,2,3,18,0.0,對手未過網,未過網,,243.0,559.0,0,0,19.0
4961,140,6,48635,48898,2,4,98,1.0,對手掛網,掛網,,454.0,466.0,0,0,16.0
4962,140,7,49438,49530,3,4,19,0.0,對手出界,出界,,989.0,365.0,0,0,18.0
4963,140,8,50085,50100,4,4,16,,,,,0.0,0.0,0,0,
4964,140,9,50560,50560,5,4,16,,,,,0.0,0.0,0,0,
4965,140,10,51729,52220,5,5,16,1.0,對手未過網,未過網,,469.0,488.0,0,0,16.0
4966,140,11,53051,53109,6,5,18,0.0,對手掛網,掛網,,411.0,476.0,0,0,18.0
4967,140,12,53559,53640,6,6,98,1.0,對手出界,出界,,963.0,514.0,0,0,16.0
4968,140,13,55253,55321,7,6,19,0.0,對手掛網,掛網,,772.0,479.0,0,0,19.0
4969,140,14,55845,55985,8,6,16,0.0,落地致勝,對手落地致勝,,835.0,543.0,0,0,19.0
4970,140,15,56604,56637,9,6,16,0.0,對手未過網,未過網,,1024.0,505.0,0,0,19.0
4971,140,16,57380,57456,10,6,16,0.0,對手掛網,掛網,,847.0,474.0,0,0,19.0
4972,140,17,58048,58114,10,7,16,1.0,落地致勝,對手落地致勝,,888.0,379.0,0,0,98.0
4973,140,18,59068,59122,11,7,18,0.0,對手未過網,未過網,,775.0,457.0,0,0,18.0
4974,140,19,61098,61138,12,7,98,,,,,0.0,0.0,0,0,
4975,140,20,62006,62126,12,8,98,1.0,對手掛網,掛網,,502.0,474.0,0,0,16.0
4976,140,21,62643,62698,13,8,19,0.0,落地致勝,對手落地致勝,,1004.0,656.0,0,0,18.0
4977,140,22,63484,63514,13,9,16,1.0,對手出界,出界,,648.0,515.0,0,0,16.0
4978,140,23,64189,64252,14,9,18,0.0,對手掛網,掛網,,494.0,472.0,0,0,19.0
4979,140,24,64697,64908,14,10,98,1.0,對手未過網,未過網,,405.0,381.0,0,0,98.0
4980,140,25,65873,65924,15,10,19,0.0,落地致勝,對手落地致勝,,717.0,607.0,0,0,19.0
4981,140,26,66572,66745,15,11,16,1.0,落地致勝,對手落地致勝,,505.0,365.0,0,0,16.0
4982,140,27,67722,67722,15,12,18,,,,,0.0,0.0,0,0,
4983,140,28,68335,68335,16,12,18,,,,,0.0,0.0,0,0,
4984,140,29,68952,69397,16,13,98,1.0,對手掛網,掛網,,481.0,469.0,0,0,98.0
4985,140,30,70450,70553,16,14,19,1.0,對手出界,出界,,1031.0,690.0,0,0,98.0
4986,140,31,71075,71195,17,14,19,0.0,對手掛網,掛網,,370.0,481.0,0,0,18.0
4987,140,32,72054,72116,17,15,16,1.0,對手掛網,掛網,,720.0,459.0,0,0,98.0
4988,140,33,72973,73212,18,15,18,0.0,落地致勝,對手落地致勝,,822.0,533.0,0,0,18.0
4989,140,34,74004,74361,19,15,98,0.0,落地致勝,對手落地致勝,,306.0,582.0,0,0,18.0
4990,140,35,75149,75345,19,16,98,1.0,對手出界,出界,,759.0,676.0,0,0,98.0
4991,140,36,76221,76323,19,17,19,1.0,對手掛網,掛網,,665.0,468.0,0,0,16.0
4992,140,37,77029,77211,20,17,19,0.0,落地致勝,對手落地致勝,,920.0,574.0,0,0,19.0
4993,140,38,78087,78306,21,17,16,0.0,對手出界,出界,,339.0,354.0,0,0,19.0
4994,141,1,23131,23577,1,0,97,0.0,落地致勝,對手落地致勝,,611.0,342.0,0,0,70.0
4995,141,2,24165,24204,1,1,22,1.0,對手未過網,未過網,,342.0,567.0,0,0,22.0
4996,141,3,24751,24838,2,1,70,0.0,對手掛網,掛網,,504.0,422.0,0,0,70.0
4997,141,4,25396,25745,3,1,21,0.0,落地致勝,對手落地致勝,,790.0,383.0,0,0,97.0
4998,141,5,27004,27050,3,2,21,1.0,落地致勝,對手落地致勝,,394.0,619.0,0,0,21.0
4999,141,6,27740,27878,3,3,97,1.0,對手出界,出界,,324.0,401.0,0,0,22.0
5000,141,7,28400,28500,3,4,97,1.0,對手出界,出界,,864.0,360.0,0,0,22.0
5001,141,8,28945,29245,3,5,97,1.0,落地致勝,對手落地致勝,,428.0,602.0,0,0,21.0
5002,141,9,30152,30265,4,5,97,0.0,對手出界,出界,,897.0,661.0,0,0,70.0
5003,141,10,30866,30946,4,6,22,1.0,落地致勝,對手落地致勝,,394.0,621.0,0,0,21.0
5004,141,11,31566,31649,4,7,70,1.0,對手出界,出界,,457.0,282.0,0,0,21.0
5005,141,12,32159,32206,4,8,70,1.0,對手出界,出界,,771.0,283.0,0,0,21.0
5006,141,13,32841,33023,5,8,70,0.0,對手出界,出界,,337.0,665.0,0,0,70.0
5007,141,14,33590,33651,6,8,21,0.0,對手出界,出界,,345.0,614.0,0,0,97.0
5008,141,15,35140,35177,7,8,21,0.0,對手掛網,掛網,,609.0,422.0,0,0,70.0
5009,141,16,35700,35761,7,9,21,1.0,落地致勝,對手落地致勝,,614.0,432.0,0,0,21.0
5010,141,17,36508,36798,8,9,97,0.0,落地致勝,對手落地致勝,,747.0,341.0,0,0,70.0
5011,141,18,38025,38194,8,10,22,1.0,對手掛網,掛網,,724.0,431.0,0,0,22.0
5012,141,19,38820,39845,9,10,70,0.0,落地致勝,對手落地致勝,,697.0,326.0,0,0,70.0
5013,141,20,41054,41226,9,11,21,1.0,對手出界,出界,,727.0,281.0,0,0,21.0
5014,141,21,43393,43512,10,11,97,0.0,落地致勝,對手落地致勝,,690.0,340.0,0,0,97.0
5015,141,22,44144,44510,11,11,22,0.0,對手掛網,掛網,,567.0,424.0,0,0,97.0
5016,141,23,45155,45235,11,12,22,1.0,落地致勝,對手落地致勝,,403.0,615.0,0,0,21.0
5017,141,24,46590,46740,12,12,70,0.0,對手出界,出界,,613.0,672.0,0,0,97.0
5018,141,25,47494,47549,12,13,21,1.0,落地致勝,對手落地致勝,,718.0,506.0,0,0,21.0
5019,141,26,48329,48552,12,14,97,1.0,對手未過網,未過網,,561.0,451.0,0,0,21.0
5020,141,27,49379,49500,13,14,97,0.0,對手出界,出界,,587.0,671.0,0,0,97.0
5021,141,28,50329,50393,14,14,22,0.0,對手掛網,掛網,,771.0,420.0,0,0,97.0
5022,141,29,51009,51753,15,14,22,0.0,落地致勝,對手落地致勝,,595.0,320.0,0,0,70.0
5023,141,30,52923,53238,16,14,22,0.0,對手掛網,掛網,,484.0,426.0,0,0,97.0
5024,141,31,54179,54480,17,14,22,0.0,對手未過網,未過網,,439.0,336.0,0,0,97.0
5025,141,32,55299,55331,17,15,22,1.0,對手出界,出界,,634.0,416.0,0,0,22.0
5026,141,33,56079,56164,18,15,70,0.0,對手未過網,未過網,,721.0,341.0,0,0,70.0
5027,141,34,57123,57216,19,15,21,0.0,落地致勝,對手落地致勝,,485.0,310.0,0,0,97.0
5028,141,35,58155,58339,19,16,21,1.0,對手掛網,掛網,,736.0,428.0,0,0,21.0
5029,141,36,59692,59871,20,16,97,0.0,落地致勝,對手落地致勝,,617.0,326.0,0,0,70.0
5030,141,37,61145,61225,21,16,22,0.0,對手掛網,掛網,,548.0,422.0,0,0,97.0
5031,142,1,65488,65519,0,1,22,1.0,對手出界,出界,,710.0,444.0,0,0,22.0
5032,142,2,66091,66183,1,1,97,0.0,對手出界,出界,,401.0,350.0,0,0,70.0
5033,142,3,66697,66804,2,1,21,0.0,落地致勝,對手落地致勝,,429.0,621.0,0,0,70.0
5034,142,4,67569,67888,3,1,21,0.0,落地致勝,對手落地致勝,,398.0,468.0,0,0,97.0
5035,142,5,68822,68925,4,1,21,0.0,對手掛網,掛網,,682.0,430.0,0,0,70.0
5036,142,6,69438,69587,5,1,21,0.0,對手掛網,掛網,,612.0,432.0,0,0,70.0
5037,142,7,70166,70342,5,2,21,1.0,對手掛網,掛網,,818.0,413.0,0,0,22.0
5038,142,8,71569,71652,5,3,70,1.0,對手掛網,掛網,,833.0,422.0,0,0,22.0
5039,142,9,72273,72414,6,3,70,0.0,對手出界,出界,,767.0,283.0,0,0,97.0
5040,142,10,73140,73235,7,3,22,0.0,落地致勝,對手落地致勝,,846.0,608.0,0,0,70.0
5041,142,11,74764,74849,7,4,22,1.0,對手出界,出界,,982.0,665.0,0,0,21.0
5042,142,12,75396,75466,8,4,97,0.0,落地致勝,對手落地致勝,,391.0,613.0,0,0,70.0
5043,142,13,76197,76254,9,4,21,0.0,對手出界,出界,,713.0,284.0,0,0,97.0
5044,142,14,76854,76967,9,5,21,1.0,對手掛網,掛網,,543.0,428.0,0,0,21.0
5045,142,15,78103,78195,9,6,70,1.0,對手未過網,未過網,,334.0,352.0,0,0,21.0
5046,142,16,79387,79751,9,7,70,1.0,落地致勝,對手落地致勝,,478.0,311.0,0,0,21.0
5047,142,17,80707,80953,10,7,70,0.0,對手出界,出界,,840.0,322.0,0,0,97.0
5048,142,18,82415,82613,10,8,22,1.0,落地致勝,對手落地致勝,,549.0,333.0,0,0,22.0
5049,142,19,83339,83610,11,8,97,0.0,對手掛網,掛網,,506.0,435.0,0,0,70.0
5050,142,20,85790,85928,11,9,21,1.0,對手未過網,未過網,,634.0,360.0,0,0,22.0
5051,142,21,86701,86877,12,9,70,0.0,對手掛網,掛網,,611.0,432.0,0,0,97.0
5052,142,22,87547,88013,12,10,22,1.0,對手掛網,掛網,,547.0,425.0,0,0,22.0
5053,142,23,89173,89329,13,10,97,0.0,對手未過網,未過網,,73.0,477.0,0,0,97.0
5054,142,24,90513,90742,13,11,21,1.0,對手出界,出界,,287.0,634.0,0,0,21.0
5055,142,25,91540,91739,13,12,70,1.0,落地致勝,對手落地致勝,,472.0,313.0,0,0,22.0
5056,142,26,92688,93038,14,12,70,0.0,落地致勝,對手落地致勝,,885.0,617.0,0,0,70.0
5057,142,27,93896,94261,15,12,22,0.0,對手未過網,未過網,,339.0,469.0,0,0,70.0
5058,142,28,95156,95285,16,12,22,0.0,對手未過網,未過網,,683.0,423.0,0,0,70.0
5059,142,29,95996,96023,16,13,22,1.0,對手出界,出界,,762.0,476.0,0,0,22.0
5060,142,30,96936,97120,16,14,97,1.0,對手掛網,掛網,,785.0,422.0,0,0,21.0
5061,142,31,98040,98071,16,15,97,1.0,對手掛網,掛網,,524.0,423.0,0,0,22.0
5062,142,32,98845,99217,16,16,97,1.0,對手未過網,未過網,,631.0,386.0,0,0,22.0
5063,142,33,101451,101617,17,16,97,0.0,對手出界,出界,,444.0,311.0,0,0,97.0
5064,142,34,103144,103190,18,16,21,0.0,對手掛網,掛網,,541.0,433.0,0,0,70.0
5065,142,35,103872,103952,19,16,21,0.0,對手出界,出界,,683.0,278.0,0,0,70.0
5066,142,36,104606,105044,19,17,21,1.0,落地致勝,對手落地致勝,,526.0,383.0,0,0,22.0
5067,142,37,106318,106376,19,18,70,1.0,對手未過網,未過網,,454.0,433.0,0,0,21.0
5068,142,38,107230,107258,20,18,70,0.0,對手掛網,掛網,,550.0,432.0,0,0,70.0
5069,142,39,108041,108297,21,18,22,0.0,對手落點判斷失誤,落點判斷失誤,,368.0,550.0,0,0,70.0
